invoice_date,invoice_no,fy,month_no,account_code,account_name,city,salesman_code,salesman_name,sku,product_name,pack_size,cartons,litres,rate_per_carton,sales_amount
2022-04-01,GA/2022-23/00001,FY2022-23,4,ACC-112,Om Goyal Kirana Store,Muzaffarnagar,SM01,Rakesh Kumar,MSG-1L-15,Madhusudan Ghee 1 L,1 L,1,15,8100,8100
2022-04-01,GA/2022-23/00002,FY2022-23,4,ACC-127,Ganesh Mishra Marketing,Charthawal,SM03,Amit Saini,MSG-1L-15,Madhusudan Ghee 1 L,1 L,2,30,8100,16200
2022-04-01,GA/2022-23/00003,FY2022-23,4,ACC-131,Jai Yadav Traders,Shamli,SM01,Rakesh Kumar,MSG-500-30,Madhusudan Ghee 500 ml,500 ml,2,30,8250,16500
2022-04-02,GA/2022-23/00004,FY2022-23,4,ACC-042,Maa Sachdeva Agencies,Charthawal,SM03,Amit Saini,MSG-200-75,Madhusudan Ghee 200 ml,200 ml,2,30,8400,16800
2022-04-04,GA/2022-23/00005,FY2022-23,4,ACC-018,Krishna Sharma Enterprises,Kairana,SM05,Deepak Rana,MSG-1L-15,Madhusudan Ghee 1 L,1 L,1,15,8100,8100
2022-04-05,GA/2022-23/00006,FY2022-23,4,ACC-001,Om Dubey Super Market,Muzaffarnagar,SM01,Rakesh Kumar,MSG-500-30,Madhusudan Ghee 500 ml,500 ml,1,15,8250,8250
2022-04-05,GA/2022-23/00007,FY2022-23,4,ACC-005,Malhotra Dairy,Kairana,SM05,Deepak Rana,MSG-1L-15,Madhusudan Ghee 1 L,1 L,1,15,8100,8100
2022-04-05,GA/2022-23/00007,FY2022-23,4,ACC-005,Malhotra Dairy,Kairana,SM05,Deepak Rana,MSG-500-30,Madhusudan Ghee 500 ml,500 ml,1,15,8250,8250
2022-04-05,GA/2022-23/00008,FY2022-23,4,ACC-093,Maa Malik & Company,Charthawal,SM03,Amit Saini,MSG-1L-15,Madhusudan Ghee 1 L,1 L,1,15,8100,8100
2022-04-05,GA/2022-23/00009,FY2022-23,4,ACC-098,Balaji Rana Distributors,Shamli,SM01,Rakesh Kumar,MSG-1L-15,Madhusudan Ghee 1 L,1 L,1,15,8100,8100
2022-04-06,GA/2022-23/00010,FY2022-23,4,ACC-056,Bajaj Provisions,Deoband,SM05,Deepak Rana,MSG-500-30,Madhusudan Ghee 500 ml,500 ml,1,15,8250,8250
2022-04-06,GA/2022-23/00011,FY2022-23,4,ACC-062,Dubey General Store,Khatauli,SM02,Sunil Tyagi,MSG-1L-15,Madhusudan Ghee 1 L,1 L,1,15,8100,8100
2022-04-06,GA/2022-23/00012,FY2022-23,4,ACC-119,Solanki Dairy,Deoband,SM05,Deepak Rana,MSG-1L-15,Madhusudan Ghee 1 L,1 L,2,30,8100,16200
2022-04-07,GA/2022-23/00013,FY2022-23,4,ACC-031,Laxmi Sirohi Super Market,Charthawal,SM03,Amit Saini,MSG-1L-15,Madhusudan Ghee 1 L,1 L,1,15,8100,8100
2022-04-07,GA/2022-23/00014,FY2022-23,4,ACC-061,Jai Srivastava General Store,Muzaffarnagar,SM01,Rakesh Kumar,MSG-1L-15,Madhusudan Ghee 1 L,1 L,1,15,8100,8100
2022-04-08,GA/2022-23/00015,FY2022-23,4,ACC-114,Sirohi Marketing,Muzaffarnagar,SM01,Rakesh Kumar,MSG-200-75,Madhusudan Ghee 200 ml,200 ml,1,15,8400,8400
2022-04-09,GA/2022-23/00016,FY2022-23,4,ACC-010,Shree Mishra Provisions,Muzaffarnagar,SM01,Rakesh Kumar,MSG-200-75,Madhusudan Ghee 200 ml,200 ml,1,15,8400,8400
2022-04-09,GA/2022-23/00016,FY2022-23,4,ACC-010,Shree Mishra Provisions,Muzaffarnagar,SM01,Rakesh Kumar,MSG-500-30,Madhusudan Ghee 500 ml,500 ml,1,15,8250,8250
2022-04-09,GA/2022-23/00017,FY2022-23,4,ACC-021,Shri Tandon Stores,Muzaffarnagar,SM01,Rakesh Kumar,MSG-1L-15,Madhusudan Ghee 1 L,1 L,1,15,8100,8100
2022-04-09,GA/2022-23/00018,FY2022-23,4,ACC-074,Jai Bajaj Stores,Khatauli,SM02,Sunil Tyagi,MSG-200-75,Madhusudan Ghee 200 ml,200 ml,1,15,8400,8400
2022-04-11,GA/2022-23/00019,FY2022-23,4,ACC-002,New Dubey Marketing,Kairana,SM05,Deepak Rana,MSG-1L-15,Madhusudan Ghee 1 L,1 L,3,45,8100,24300
2022-04-11,GA/2022-23/00020,FY2022-23,4,ACC-008,Shree Maheshwari Enterprises,Shamli,SM01,Rakesh Kumar,MSG-1L-15,Madhusudan Ghee 1 L,1 L,3,45,8100,24300
2022-04-11,GA/2022-23/00021,FY2022-23,4,ACC-023,Agarwal Distributors,Jansath,SM03,Amit Saini,MSG-1L-15,Madhusudan Ghee 1 L,1 L,1,15,8100,8100
2022-04-11,GA/2022-23/00021,FY2022-23,4,ACC-023,Agarwal Distributors,Jansath,SM03,Amit Saini,MSG-500-30,Madhusudan Ghee 500 ml,500 ml,1,15,8250,8250
2022-04-11,GA/2022-23/00022,FY2022-23,4,ACC-066,Dhingra Marketing,Muzaffarnagar,SM01,Rakesh Kumar,MSG-1L-15,Madhusudan Ghee 1 L,1 L,1,15,8100,8100
2022-04-11,GA/2022-23/00023,FY2022-23,4,ACC-073,Maa Gupta Dairy,Jansath,SM03,Amit Saini,MSG-1L-15,Madhusudan Ghee 1 L,1 L,1,15,8100,8100
2022-04-11,GA/2022-23/00023,FY2022-23,4,ACC-073,Maa Gupta Dairy,Jansath,SM03,Amit Saini,MSG-200-75,Madhusudan Ghee 200 ml,200 ml,1,15,8400,8400
2022-04-11,GA/2022-23/00024,FY2022-23,4,ACC-118,Laxmi Rana & Sons,Budhana,SM02,Sunil Tyagi,MSG-1L-15,Madhusudan Ghee 1 L,1 L,1,15,8100,8100
2022-04-12,GA/2022-23/00025,FY2022-23,4,ACC-007,Om Pandey Distributors,Purqazi,SM04,Pankaj Verma,MSG-1L-15,Madhusudan Ghee 1 L,1 L,2,30,8100,16200
2022-04-12,GA/2022-23/00026,FY2022-23,4,ACC-014,Maa Chopra Kirana Store,Khatauli,SM02,Sunil Tyagi,MSG-1L-15,Madhusudan Ghee 1 L,1 L,2,30,8100,16200
2022-04-12,GA/2022-23/00027,FY2022-23,4,ACC-106,Shree Ahuja & Company,Khatauli,SM02,Sunil Tyagi,MSG-1L-15,Madhusudan Ghee 1 L,1 L,2,30,8100,16200
2022-04-12,GA/2022-23/00028,FY2022-23,4,ACC-108,New Ahuja Distributors,Deoband,SM05,Deepak Rana,MSG-500-30,Madhusudan Ghee 500 ml,500 ml,1,15,8250,8250
2022-04-12,GA/2022-23/00029,FY2022-23,4,ACC-110,Laxmi Kansal & Sons,Kairana,SM05,Deepak Rana,MSG-1L-15,Madhusudan Ghee 1 L,1 L,1,15,8100,8100
2022-04-12,GA/2022-23/00030,FY2022-23,4,ACC-139,Goel Trading Co.,Muzaffarnagar,SM01,Rakesh Kumar,MSG-500-30,Madhusudan Ghee 500 ml,500 ml,1,15,8250,8250
2022-04-13,GA/2022-23/00031,FY2022-23,4,ACC-027,Shree Gupta & Sons,Miranpur,SM04,Pankaj Verma,MSG-1L-15,Madhusudan Ghee 1 L,1 L,1,15,8100,8100
2022-04-14,GA/2022-23/00032,FY2022-23,4,ACC-030,Laxmi Sharma Stores,Jansath,SM03,Amit Saini,MSG-1L-15,Madhusudan Ghee 1 L,1 L,1,15,8100,8100
2022-04-14,GA/2022-23/00032,FY2022-23,4,ACC-030,Laxmi Sharma Stores,Jansath,SM03,Amit Saini,MSG-200-75,Madhusudan Ghee 200 ml,200 ml,1,15,8400,8400
2022-04-14,GA/2022-23/00033,FY2022-23,4,ACC-082,Shree Kaushik Enterprises,Charthawal,SM03,Amit Saini,MSG-500-30,Madhusudan Ghee 500 ml,500 ml,1,15,8250,8250
2022-04-15,GA/2022-23/00034,FY2022-23,4,ACC-006,Ganesh Jindal Dairy,Kairana,SM05,Deepak Rana,MSG-1L-15,Madhusudan Ghee 1 L,1 L,2,30,8100,16200
2022-04-15,GA/2022-23/00035,FY2022-23,4,ACC-032,Goyal Super Market,Deoband,SM05,Deepak Rana,MSG-500-30,Madhusudan Ghee 500 ml,500 ml,1,15,8250,8250
2022-04-15,GA/2022-23/00036,FY2022-23,4,ACC-081,Jai Kapoor Super Market,Charthawal,SM03,Amit Saini,MSG-1L-15,Madhusudan Ghee 1 L,1 L,1,15,8100,8100
2022-04-15,GA/2022-23/00037,FY2022-23,4,ACC-142,Om Srivastava & Company,Kairana,SM05,Deepak Rana,MSG-1L-15,Madhusudan Ghee 1 L,1 L,1,15,8100,8100
2022-04-16,GA/2022-23/00038,FY2022-23,4,ACC-058,Balaji Tandon & Company,Miranpur,SM04,Pankaj Verma,MSG-500-30,Madhusudan Ghee 500 ml,500 ml,1,15,8250,8250
2022-04-18,GA/2022-23/00039,FY2022-23,4,ACC-045,Jai Yadav Sales Corporation,Miranpur,SM04,Pankaj Verma,MSG-1L-15,Madhusudan Ghee 1 L,1 L,1,15,8100,8100
2022-04-18,GA/2022-23/00039,FY2022-23,4,ACC-045,Jai Yadav Sales Corporation,Miranpur,SM04,Pankaj Verma,MSG-500-30,Madhusudan Ghee 500 ml,500 ml,1,15,8250,8250
2022-04-18,GA/2022-23/00040,FY2022-23,4,ACC-048,Maa Sharma Marketing,Budhana,SM02,Sunil Tyagi,MSG-500-30,Madhusudan Ghee 500 ml,500 ml,1,15,8250,8250
2022-04-18,GA/2022-23/00041,FY2022-23,4,ACC-054,Jai Goyal General Store,Miranpur,SM04,Pankaj Verma,MSG-1L-15,Madhusudan Ghee 1 L,1 L,1,15,8100,8100
2022-04-18,GA/2022-23/00042,FY2022-23,4,ACC-063,Ganesh Kapoor Trading Co.,Charthawal,SM03,Amit Saini,MSG-1L-15,Madhusudan Ghee 1 L,1 L,1,15,8100,8100
2022-04-18,GA/2022-23/00043,FY2022-23,4,ACC-125,Balaji Tandon Provisions,Khatauli,SM02,Sunil Tyagi,MSG-200-75,Madhusudan Ghee 200 ml,200 ml,1,15,8400,8400
2022-04-19,GA/2022-23/00044,FY2022-23,4,ACC-015,Wadhwa Super Market,Muzaffarnagar,SM01,Rakesh Kumar,MSG-1L-15,Madhusudan Ghee 1 L,1 L,1,15,8100,8100
2022-04-19,GA/2022-23/00045,FY2022-23,4,ACC-065,Jai Garg Enterprises,Shamli,SM01,Rakesh Kumar,MSG-1L-15,Madhusudan Ghee 1 L,1 L,1,15,8100,8100
2022-04-20,GA/2022-23/00046,FY2022-23,4,ACC-038,Krishna Saxena Provisions,Miranpur,SM04,Pankaj Verma,MSG-1L-15,Madhusudan Ghee 1 L,1 L,1,15,8100,8100
2022-04-20,GA/2022-23/00047,FY2022-23,4,ACC-136,Shree Khandelwal Distributors,Jansath,SM03,Amit Saini,MSG-1L-15,Madhusudan Ghee 1 L,1 L,1,15,8100,8100
2022-04-21,GA/2022-23/00048,FY2022-23,4,ACC-001,Om Dubey Super Market,Muzaffarnagar,SM01,Rakesh Kumar,MSG-1L-15,Madhusudan Ghee 1 L,1 L,2,30,8100,16200
2022-04-21,GA/2022-23/00048,FY2022-23,4,ACC-001,Om Dubey Super Market,Muzaffarnagar,SM01,Rakesh Kumar,MSG-200-75,Madhusudan Ghee 200 ml,200 ml,1,15,8400,8400
2022-04-21,GA/2022-23/00049,FY2022-23,4,ACC-019,Mishra Agencies,Muzaffarnagar,SM01,Rakesh Kumar,MSG-500-30,Madhusudan Ghee 500 ml,500 ml,2,30,8250,16500
2022-04-21,GA/2022-23/00050,FY2022-23,4,ACC-033,Balaji Singhal Stores,Deoband,SM05,Deepak Rana,MSG-500-30,Madhusudan Ghee 500 ml,500 ml,1,15,8250,8250
2022-04-21,GA/2022-23/00051,FY2022-23,4,ACC-072,Verma Agencies,Khatauli,SM02,Sunil Tyagi,MSG-1L-15,Madhusudan Ghee 1 L,1 L,1,15,8100,8100
2022-04-22,GA/2022-23/00052,FY2022-23,4,ACC-009,Krishna Srivastava Agencies,Kairana,SM05,Deepak Rana,MSG-1L-15,Madhusudan Ghee 1 L,1 L,1,15,8100,8100
2022-04-22,GA/2022-23/00053,FY2022-23,4,ACC-130,Maa Nagpal & Company,Deoband,SM05,Deepak Rana,MSG-200-75,Madhusudan Ghee 200 ml,200 ml,1,15,8400,8400
2022-04-23,GA/2022-23/00054,FY2022-23,4,ACC-003,Krishna Khurana Provisions,Budhana,SM02,Sunil Tyagi,MSG-1L-15,Madhusudan Ghee 1 L,1 L,2,30,8100,16200
2022-04-25,GA/2022-23/00055,FY2022-23,4,ACC-011,New Maheshwari Super Market,Kairana,SM05,Deepak Rana,MSG-500-30,Madhusudan Ghee 500 ml,500 ml,1,15,8250,8250
2022-04-25,GA/2022-23/00056,FY2022-23,4,ACC-013,Krishna Sachdeva Enterprises,Khatauli,SM02,Sunil Tyagi,MSG-1L-15,Madhusudan Ghee 1 L,1 L,1,15,8100,8100
2022-04-25,GA/2022-23/00057,FY2022-23,4,ACC-016,Ganesh Bhardwaj Trading Co.,Budhana,SM02,Sunil Tyagi,MSG-1L-15,Madhusudan Ghee 1 L,1 L,1,15,8100,8100
2022-04-26,GA/2022-23/00058,FY2022-23,4,ACC-012,Bhardwaj Dairy,Charthawal,SM03,Amit Saini,MSG-500-30,Madhusudan Ghee 500 ml,500 ml,1,15,8250,8250
2022-04-26,GA/2022-23/00059,FY2022-23,4,ACC-022,Tandon & Company,Kairana,SM05,Deepak Rana,MSG-1L-15,Madhusudan Ghee 1 L,1 L,1,15,8100,8100
2022-04-26,GA/2022-23/00059,FY2022-23,4,ACC-022,Tandon & Company,Kairana,SM05,Deepak Rana,MSG-500-30,Madhusudan Ghee 500 ml,500 ml,1,15,8250,8250
2022-04-27,GA/2022-23/00060,FY2022-23,4,ACC-029,Balaji Rana Agencies,Khatauli,SM02,Sunil Tyagi,MSG-1L-15,Madhusudan Ghee 1 L,1 L,1,15,8100,8100
2022-04-28,GA/2022-23/00061,FY2022-23,4,ACC-025,Om Chaudhary Agencies,Budhana,SM02,Sunil Tyagi,MSG-1L-15,Madhusudan Ghee 1 L,1 L,1,15,8100,8100
2022-04-28,GA/2022-23/00062,FY2022-23,4,ACC-039,New Chopra Dairy,Deoband,SM05,Deepak Rana,MSG-500-30,Madhusudan Ghee 500 ml,500 ml,1,15,8250,8250
2022-04-28,GA/2022-23/00063,FY2022-23,4,ACC-103,Wadhwa Enterprises,Budhana,SM02,Sunil Tyagi,MSG-1L-15,Madhusudan Ghee 1 L,1 L,1,15,8100,8100
2022-04-28,GA/2022-23/00063,FY2022-23,4,ACC-103,Wadhwa Enterprises,Budhana,SM02,Sunil Tyagi,MSG-500-30,Madhusudan Ghee 500 ml,500 ml,2,30,8250,16500
2022-04-29,GA/2022-23/00064,FY2022-23,4,ACC-046,New Kapoor Traders,Kairana,SM05,Deepak Rana,MSG-500-30,Madhusudan Ghee 500 ml,500 ml,1,15,8250,8250
2022-04-29,GA/2022-23/00065,FY2022-23,4,ACC-049,Goyal General Store,Muzaffarnagar,SM01,Rakesh Kumar,MSG-1L-15,Madhusudan Ghee 1 L,1 L,1,15,8100,8100
2022-04-29,GA/2022-23/00066,FY2022-23,4,ACC-120,Ganesh Kansal Provisions,Muzaffarnagar,SM01,Rakesh Kumar,MSG-500-30,Madhusudan Ghee 500 ml,500 ml,1,15,8250,8250
2022-04-29,GA/2022-23/00067,FY2022-23,4,ACC-138,Ganesh Gupta Trading Co.,Muzaffarnagar,SM01,Rakesh Kumar,MSG-1L-15,Madhusudan Ghee 1 L,1 L,1,15,8100,8100
2022-04-30,GA/2022-23/00068,FY2022-23,4,ACC-105,Maa Singhal Enterprises,Miranpur,SM04,Pankaj Verma,MSG-1L-15,Madhusudan Ghee 1 L,1 L,1,15,8100,8100
2022-04-30,GA/2022-23/00069,FY2022-23,4,ACC-132,Shri Bhardwaj Sales Corporation,Miranpur,SM04,Pankaj Verma,MSG-1L-15,Madhusudan Ghee 1 L,1 L,2,30,8100,16200
2022-04-30,GA/2022-23/00069,FY2022-23,4,ACC-132,Shri Bhardwaj Sales Corporation,Miranpur,SM04,Pankaj Verma,MSG-500-30,Madhusudan Ghee 500 ml,500 ml,1,15,8250,8250
2022-05-02,GA/2022-23/00070,FY2022-23,5,ACC-008,Shree Maheshwari Enterprises,Shamli,SM01,Rakesh Kumar,MSG-1L-15,Madhusudan Ghee 1 L,1 L,2,30,8150,16300
2022-05-02,GA/2022-23/00071,FY2022-23,5,ACC-045,Jai Yadav Sales Corporation,Miranpur,SM04,Pankaj Verma,MSG-1L-15,Madhusudan Ghee 1 L,1 L,1,15,8150,8150
2022-05-02,GA/2022-23/00072,FY2022-23,5,ACC-046,New Kapoor Traders,Kairana,SM05,Deepak Rana,MSG-500-30,Madhusudan Ghee 500 ml,500 ml,1,15,8300,8300
2022-05-02,GA/2022-23/00073,FY2022-23,5,ACC-133,New Singla Stores,Shamli,SM01,Rakesh Kumar,MSG-500-30,Madhusudan Ghee 500 ml,500 ml,1,15,8300,8300
2022-05-03,GA/2022-23/00074,FY2022-23,5,ACC-017,Maa Malik Enterprises,Kairana,SM05,Deepak Rana,MSG-1L-15,Madhusudan Ghee 1 L,1 L,1,15,8150,8150
2022-05-03,GA/2022-23/00074,FY2022-23,5,ACC-017,Maa Malik Enterprises,Kairana,SM05,Deepak Rana,MSG-200-75,Madhusudan Ghee 200 ml,200 ml,1,15,8450,8450
2022-05-03,GA/2022-23/00075,FY2022-23,5,ACC-088,Krishna Khurana Sales Corporation,Charthawal,SM03,Amit Saini,MSG-500-30,Madhusudan Ghee 500 ml,500 ml,2,30,8300,16600
2022-05-03,GA/2022-23/00076,FY2022-23,5,ACC-128,Shree Saxena General Store,Deoband,SM05,Deepak Rana,MSG-1L-15,Madhusudan Ghee 1 L,1 L,1,15,8150,8150
2022-05-04,GA/2022-23/00077,FY2022-23,5,ACC-090,Malik Stores,Miranpur,SM04,Pankaj Verma,MSG-200-75,Madhusudan Ghee 200 ml,200 ml,1,15,8450,8450
2022-05-05,GA/2022-23/00078,FY2022-23,5,ACC-109,Laxmi Goel Traders,Purqazi,SM04,Pankaj Verma,MSG-1L-15,Madhusudan Ghee 1 L,1 L,1,15,8150,8150
2022-05-06,GA/2022-23/00079,FY2022-23,5,ACC-016,Ganesh Bhardwaj Trading Co.,Budhana,SM02,Sunil Tyagi,MSG-1L-15,Madhusudan Ghee 1 L,1 L,1,15,8150,8150
2022-05-06,GA/2022-23/00080,FY2022-23,5,ACC-106,Shree Ahuja & Company,Khatauli,SM02,Sunil Tyagi,MSG-1L-15,Madhusudan Ghee 1 L,1 L,1,15,8150,8150
2022-05-06,GA/2022-23/00081,FY2022-23,5,ACC-108,New Ahuja Distributors,Deoband,SM05,Deepak Rana,MSG-1L-15,Madhusudan Ghee 1 L,1 L,1,15,8150,8150
2022-05-07,GA/2022-23/00082,FY2022-23,5,ACC-006,Ganesh Jindal Dairy,Kairana,SM05,Deepak Rana,MSG-1L-15,Madhusudan Ghee 1 L,1 L,1,15,8150,8150
2022-05-07,GA/2022-23/00082,FY2022-23,5,ACC-006,Ganesh Jindal Dairy,Kairana,SM05,Deepak Rana,MSG-500-30,Madhusudan Ghee 500 ml,500 ml,1,15,8300,8300
2022-05-07,GA/2022-23/00083,FY2022-23,5,ACC-058,Balaji Tandon & Company,Miranpur,SM04,Pankaj Verma,MSG-1L-15,Madhusudan Ghee 1 L,1 L,1,15,8150,8150
2022-05-07,GA/2022-23/00084,FY2022-23,5,ACC-081,Jai Kapoor Super Market,Charthawal,SM03,Amit Saini,MSG-500-30,Madhusudan Ghee 500 ml,500 ml,1,15,8300,8300
2022-05-09,GA/2022-23/00085,FY2022-23,5,ACC-032,Goyal Super Market,Deoband,SM05,Deepak Rana,MSG-1L-15,Madhusudan Ghee 1 L,1 L,1,15,8150,8150
2022-05-09,GA/2022-23/00085,FY2022-23,5,ACC-032,Goyal Super Market,Deoband,SM05,Deepak Rana,MSG-500-30,Madhusudan Ghee 500 ml,500 ml,1,15,8300,8300
2022-05-09,GA/2022-23/00086,FY2022-23,5,ACC-098,Balaji Rana Distributors,Shamli,SM01,Rakesh Kumar,MSG-1L-15,Madhusudan Ghee 1 L,1 L,1,15,8150,8150
2022-05-09,GA/2022-23/00087,FY2022-23,5,ACC-105,Maa Singhal Enterprises,Miranpur,SM04,Pankaj Verma,MSG-1L-15,Madhusudan Ghee 1 L,1 L,1,15,8150,8150
2022-05-10,GA/2022-23/00088,FY2022-23,5,ACC-042,Maa Sachdeva Agencies,Charthawal,SM03,Amit Saini,MSG-1L-15,Madhusudan Ghee 1 L,1 L,1,15,8150,8150
2022-05-10,GA/2022-23/00089,FY2022-23,5,ACC-062,Dubey General Store,Khatauli,SM02,Sunil Tyagi,MSG-1L-15,Madhusudan Ghee 1 L,1 L,2,30,8150,16300
2022-05-11,GA/2022-23/00090,FY2022-23,5,ACC-019,Mishra Agencies,Muzaffarnagar,SM01,Rakesh Kumar,MSG-1L-15,Madhusudan Ghee 1 L,1 L,1,15,8150,8150
2022-05-11,GA/2022-23/00090,FY2022-23,5,ACC-019,Mishra Agencies,Muzaffarnagar,SM01,Rakesh Kumar,MSG-500-30,Madhusudan Ghee 500 ml,500 ml,1,15,8300,8300
2022-05-12,GA/2022-23/00091,FY2022-23,5,ACC-005,Malhotra Dairy,Kairana,SM05,Deepak Rana,MSG-1L-15,Madhusudan Ghee 1 L,1 L,2,30,8150,16300
2022-05-12,GA/2022-23/00092,FY2022-23,5,ACC-072,Verma Agencies,Khatauli,SM02,Sunil Tyagi,MSG-1L-15,Madhusudan Ghee 1 L,1 L,1,15,8150,8150
2022-05-13,GA/2022-23/00093,FY2022-23,5,ACC-018,Krishna Sharma Enterprises,Kairana,SM05,Deepak Rana,MSG-1L-15,Madhusudan Ghee 1 L,1 L,2,30,8150,16300
2022-05-13,GA/2022-23/00094,FY2022-23,5,ACC-135,Agarwal Traders,Khatauli,SM02,Sunil Tyagi,MSG-500-30,Madhusudan Ghee 500 ml,500 ml,1,15,8300,8300
2022-05-14,GA/2022-23/00095,FY2022-23,5,ACC-021,Shri Tandon Stores,Muzaffarnagar,SM01,Rakesh Kumar,MSG-1L-15,Madhusudan Ghee 1 L,1 L,1,15,8150,8150
2022-05-16,GA/2022-23/00096,FY2022-23,5,ACC-003,Krishna Khurana Provisions,Budhana,SM02,Sunil Tyagi,MSG-1L-15,Madhusudan Ghee 1 L,1 L,1,15,8150,8150
2022-05-16,GA/2022-23/00096,FY2022-23,5,ACC-003,Krishna Khurana Provisions,Budhana,SM02,Sunil Tyagi,MSG-500-30,Madhusudan Ghee 500 ml,500 ml,1,15,8300,8300
2022-05-16,GA/2022-23/00097,FY2022-23,5,ACC-038,Krishna Saxena Provisions,Miranpur,SM04,Pankaj Verma,MSG-1L-15,Madhusudan Ghee 1 L,1 L,1,15,8150,8150
2022-05-16,GA/2022-23/00098,FY2022-23,5,ACC-044,Mittal Marketing,Khatauli,SM02,Sunil Tyagi,MSG-1L-15,Madhusudan Ghee 1 L,1 L,1,15,8150,8150
2022-05-16,GA/2022-23/00099,FY2022-23,5,ACC-083,Maa Goel & Sons,Miranpur,SM04,Pankaj Verma,MSG-500-30,Madhusudan Ghee 500 ml,500 ml,1,15,8300,8300
2022-05-16,GA/2022-23/00100,FY2022-23,5,ACC-134,Jai Wadhwa Sales Corporation,Kairana,SM05,Deepak Rana,MSG-1L-15,Madhusudan Ghee 1 L,1 L,1,15,8150,8150
2022-05-17,GA/2022-23/00101,FY2022-23,5,ACC-010,Shree Mishra Provisions,Muzaffarnagar,SM01,Rakesh Kumar,MSG-1L-15,Madhusudan Ghee 1 L,1 L,2,30,8150,16300
2022-05-17,GA/2022-23/00102,FY2022-23,5,ACC-022,Tandon & Company,Kairana,SM05,Deepak Rana,MSG-200-75,Madhusudan Ghee 200 ml,200 ml,1,15,8450,8450
2022-05-17,GA/2022-23/00103,FY2022-23,5,ACC-091,Krishna Chaudhary Agencies,Kairana,SM05,Deepak Rana,MSG-1L-15,Madhusudan Ghee 1 L,1 L,1,15,8150,8150
2022-05-17,GA/2022-23/00104,FY2022-23,5,ACC-119,Solanki Dairy,Deoband,SM05,Deepak Rana,MSG-1L-15,Madhusudan Ghee 1 L,1 L,1,15,8150,8150
2022-05-18,GA/2022-23/00105,FY2022-23,5,ACC-001,Om Dubey Super Market,Muzaffarnagar,SM01,Rakesh Kumar,MSG-500-30,Madhusudan Ghee 500 ml,500 ml,2,30,8300,16600
2022-05-18,GA/2022-23/00106,FY2022-23,5,ACC-014,Maa Chopra Kirana Store,Khatauli,SM02,Sunil Tyagi,MSG-200-75,Madhusudan Ghee 200 ml,200 ml,1,15,8450,8450
2022-05-18,GA/2022-23/00107,FY2022-23,5,ACC-047,Khurana Distributors,Jansath,SM03,Amit Saini,MSG-1L-15,Madhusudan Ghee 1 L,1 L,2,30,8150,16300
2022-05-18,GA/2022-23/00108,FY2022-23,5,ACC-049,Goyal General Store,Muzaffarnagar,SM01,Rakesh Kumar,MSG-1L-15,Madhusudan Ghee 1 L,1 L,2,30,8150,16300
2022-05-18,GA/2022-23/00109,FY2022-23,5,ACC-097,New Mishra Distributors,Deoband,SM05,Deepak Rana,MSG-1L-15,Madhusudan Ghee 1 L,1 L,2,30,8150,16300
2022-05-19,GA/2022-23/00110,FY2022-23,5,ACC-112,Om Goyal Kirana Store,Muzaffarnagar,SM01,Rakesh Kumar,MSG-1L-15,Madhusudan Ghee 1 L,1 L,1,15,8150,8150
2022-05-20,GA/2022-23/00111,FY2022-23,5,ACC-001,Om Dubey Super Market,Muzaffarnagar,SM01,Rakesh Kumar,MSG-500-30,Madhusudan Ghee 500 ml,500 ml,3,45,8300,24900
2022-05-23,GA/2022-23/00112,FY2022-23,5,ACC-002,New Dubey Marketing,Kairana,SM05,Deepak Rana,MSG-500-30,Madhusudan Ghee 500 ml,500 ml,2,30,8300,16600
2022-05-23,GA/2022-23/00113,FY2022-23,5,ACC-007,Om Pandey Distributors,Purqazi,SM04,Pankaj Verma,MSG-500-30,Madhusudan Ghee 500 ml,500 ml,3,45,8300,24900
2022-05-23,GA/2022-23/00114,FY2022-23,5,ACC-031,Laxmi Sirohi Super Market,Charthawal,SM03,Amit Saini,MSG-1L-15,Madhusudan Ghee 1 L,1 L,1,15,8150,8150
2022-05-23,GA/2022-23/00115,FY2022-23,5,ACC-059,Balaji Garg Agencies,Purqazi,SM04,Pankaj Verma,MSG-1L-15,Madhusudan Ghee 1 L,1 L,1,15,8150,8150
2022-05-23,GA/2022-23/00116,FY2022-23,5,ACC-066,Dhingra Marketing,Muzaffarnagar,SM01,Rakesh Kumar,MSG-500-30,Madhusudan Ghee 500 ml,500 ml,1,15,8300,8300
2022-05-23,GA/2022-23/00117,FY2022-23,5,ACC-068,Ganesh Saxena General Store,Shamli,SM01,Rakesh Kumar,MSG-1L-15,Madhusudan Ghee 1 L,1 L,1,15,8150,8150
2022-05-23,GA/2022-23/00118,FY2022-23,5,ACC-101,Shri Ahuja Enterprises,Miranpur,SM04,Pankaj Verma,MSG-500-30,Madhusudan Ghee 500 ml,500 ml,1,15,8300,8300
2022-05-24,GA/2022-23/00119,FY2022-23,5,ACC-015,Wadhwa Super Market,Muzaffarnagar,SM01,Rakesh Kumar,MSG-1L-15,Madhusudan Ghee 1 L,1 L,1,15,8150,8150
2022-05-24,GA/2022-23/00120,FY2022-23,5,ACC-041,Chopra Traders,Purqazi,SM04,Pankaj Verma,MSG-1L-15,Madhusudan Ghee 1 L,1 L,1,15,8150,8150
2022-05-25,GA/2022-23/00121,FY2022-23,5,ACC-099,Balaji Garg Distributors,Khatauli,SM02,Sunil Tyagi,MSG-1L-15,Madhusudan Ghee 1 L,1 L,1,15,8150,8150
2022-05-25,GA/2022-23/00121,FY2022-23,5,ACC-099,Balaji Garg Distributors,Khatauli,SM02,Sunil Tyagi,MSG-500-30,Madhusudan Ghee 500 ml,500 ml,1,15,8300,8300
2022-05-26,GA/2022-23/00122,FY2022-23,5,ACC-004,Jai Solanki Traders,Deoband,SM05,Deepak Rana,MSG-200-75,Madhusudan Ghee 200 ml,200 ml,1,15,8450,8450
2022-05-26,GA/2022-23/00122,FY2022-23,5,ACC-004,Jai Solanki Traders,Deoband,SM05,Deepak Rana,MSG-500-30,Madhusudan Ghee 500 ml,500 ml,2,30,8300,16600
2022-05-26,GA/2022-23/00123,FY2022-23,5,ACC-009,Krishna Srivastava Agencies,Kairana,SM05,Deepak Rana,MSG-1L-15,Madhusudan Ghee 1 L,1 L,2,30,8150,16300
2022-05-26,GA/2022-23/00124,FY2022-23,5,ACC-056,Bajaj Provisions,Deoband,SM05,Deepak Rana,MSG-1L-15,Madhusudan Ghee 1 L,1 L,1,15,8150,8150
2022-05-27,GA/2022-23/00125,FY2022-23,5,ACC-033,Balaji Singhal Stores,Deoband,SM05,Deepak Rana,MSG-1L-15,Madhusudan Ghee 1 L,1 L,1,15,8150,8150
2022-05-27,GA/2022-23/00126,FY2022-23,5,ACC-087,Khurana & Sons,Khatauli,SM02,Sunil Tyagi,MSG-1L-15,Madhusudan Ghee 1 L,1 L,1,15,8150,8150
2022-05-30,GA/2022-23/00127,FY2022-23,5,ACC-138,Ganesh Gupta Trading Co.,Muzaffarnagar,SM01,Rakesh Kumar,MSG-1L-15,Madhusudan Ghee 1 L,1 L,1,15,8150,8150
2022-05-31,GA/2022-23/00128,FY2022-23,5,ACC-012,Bhardwaj Dairy,Charthawal,SM03,Amit Saini,MSG-200-75,Madhusudan Ghee 200 ml,200 ml,1,15,8450,8450
2022-06-02,GA/2022-23/00129,FY2022-23,6,ACC-013,Krishna Sachdeva Enterprises,Khatauli,SM02,Sunil Tyagi,MSG-1L-15,Madhusudan Ghee 1 L,1 L,1,15,8150,8150
2022-06-02,GA/2022-23/00130,FY2022-23,6,ACC-039,New Chopra Dairy,Deoband,SM05,Deepak Rana,MSG-500-30,Madhusudan Ghee 500 ml,500 ml,1,15,8300,8300
2022-06-02,GA/2022-23/00131,FY2022-23,6,ACC-044,Mittal Marketing,Khatauli,SM02,Sunil Tyagi,MSG-200-75,Madhusudan Ghee 200 ml,200 ml,1,15,8450,8450
2022-06-02,GA/2022-23/00131,FY2022-23,6,ACC-044,Mittal Marketing,Khatauli,SM02,Sunil Tyagi,MSG-500-30,Madhusudan Ghee 500 ml,500 ml,1,15,8300,8300
2022-06-02,GA/2022-23/00132,FY2022-23,6,ACC-083,Maa Goel & Sons,Miranpur,SM04,Pankaj Verma,MSG-200-75,Madhusudan Ghee 200 ml,200 ml,1,15,8450,8450
2022-06-03,GA/2022-23/00133,FY2022-23,6,ACC-004,Jai Solanki Traders,Deoband,SM05,Deepak Rana,MSG-1L-15,Madhusudan Ghee 1 L,1 L,2,30,8150,16300
2022-06-03,GA/2022-23/00134,FY2022-23,6,ACC-050,Jai Sachdeva & Company,Budhana,SM02,Sunil Tyagi,MSG-500-30,Madhusudan Ghee 500 ml,500 ml,1,15,8300,8300
2022-06-03,GA/2022-23/00135,FY2022-23,6,ACC-097,New Mishra Distributors,Deoband,SM05,Deepak Rana,MSG-500-30,Madhusudan Ghee 500 ml,500 ml,1,15,8300,8300
2022-06-03,GA/2022-23/00136,FY2022-23,6,ACC-116,Shree Singla & Company,Miranpur,SM04,Pankaj Verma,MSG-1L-15,Madhusudan Ghee 1 L,1 L,1,15,8150,8150
2022-06-04,GA/2022-23/00137,FY2022-23,6,ACC-001,Om Dubey Super Market,Muzaffarnagar,SM01,Rakesh Kumar,MSG-1L-15,Madhusudan Ghee 1 L,1 L,1,15,8150,8150
2022-06-04,GA/2022-23/00137,FY2022-23,6,ACC-001,Om Dubey Super Market,Muzaffarnagar,SM01,Rakesh Kumar,MSG-200-75,Madhusudan Ghee 200 ml,200 ml,1,15,8450,8450
2022-06-04,GA/2022-23/00138,FY2022-23,6,ACC-046,New Kapoor Traders,Kairana,SM05,Deepak Rana,MSG-500-30,Madhusudan Ghee 500 ml,500 ml,1,15,8300,8300
2022-06-06,GA/2022-23/00139,FY2022-23,6,ACC-003,Krishna Khurana Provisions,Budhana,SM02,Sunil Tyagi,MSG-1L-15,Madhusudan Ghee 1 L,1 L,2,30,8150,16300
2022-06-06,GA/2022-23/00139,FY2022-23,6,ACC-003,Krishna Khurana Provisions,Budhana,SM02,Sunil Tyagi,MSG-200-75,Madhusudan Ghee 200 ml,200 ml,1,15,8450,8450
2022-06-06,GA/2022-23/00140,FY2022-23,6,ACC-032,Goyal Super Market,Deoband,SM05,Deepak Rana,MSG-1L-15,Madhusudan Ghee 1 L,1 L,1,15,8150,8150
2022-06-06,GA/2022-23/00141,FY2022-23,6,ACC-048,Maa Sharma Marketing,Budhana,SM02,Sunil Tyagi,MSG-200-75,Madhusudan Ghee 200 ml,200 ml,1,15,8450,8450
2022-06-06,GA/2022-23/00142,FY2022-23,6,ACC-074,Jai Bajaj Stores,Khatauli,SM02,Sunil Tyagi,MSG-500-30,Madhusudan Ghee 500 ml,500 ml,1,15,8300,8300
2022-06-06,GA/2022-23/00143,FY2022-23,6,ACC-075,Krishna Bhardwaj Super Market,Charthawal,SM03,Amit Saini,MSG-1L-15,Madhusudan Ghee 1 L,1 L,1,15,8150,8150
2022-06-07,GA/2022-23/00144,FY2022-23,6,ACC-023,Agarwal Distributors,Jansath,SM03,Amit Saini,MSG-1L-15,Madhusudan Ghee 1 L,1 L,2,30,8150,16300
2022-06-08,GA/2022-23/00145,FY2022-23,6,ACC-020,Krishna Bhardwaj Trading Co.,Khatauli,SM02,Sunil Tyagi,MSG-1L-15,Madhusudan Ghee 1 L,1 L,1,15,8150,8150
2022-06-08,GA/2022-23/00146,FY2022-23,6,ACC-029,Balaji Rana Agencies,Khatauli,SM02,Sunil Tyagi,MSG-500-30,Madhusudan Ghee 500 ml,500 ml,1,15,8300,8300
2022-06-08,GA/2022-23/00147,FY2022-23,6,ACC-036,Shree Saini Enterprises,Budhana,SM02,Sunil Tyagi,MSG-1L-15,Madhusudan Ghee 1 L,1 L,1,15,8150,8150
2022-06-08,GA/2022-23/00148,FY2022-23,6,ACC-081,Jai Kapoor Super Market,Charthawal,SM03,Amit Saini,MSG-1L-15,Madhusudan Ghee 1 L,1 L,1,15,8150,8150
2022-06-09,GA/2022-23/00149,FY2022-23,6,ACC-002,New Dubey Marketing,Kairana,SM05,Deepak Rana,MSG-500-30,Madhusudan Ghee 500 ml,500 ml,2,30,8300,16600
2022-06-09,GA/2022-23/00150,FY2022-23,6,ACC-033,Balaji Singhal Stores,Deoband,SM05,Deepak Rana,MSG-1L-15,Madhusudan Ghee 1 L,1 L,1,15,8150,8150
2022-06-09,GA/2022-23/00151,FY2022-23,6,ACC-133,New Singla Stores,Shamli,SM01,Rakesh Kumar,MSG-1L-15,Madhusudan Ghee 1 L,1 L,1,15,8150,8150
2022-06-13,GA/2022-23/00152,FY2022-23,6,ACC-017,Maa Malik Enterprises,Kairana,SM05,Deepak Rana,MSG-1L-15,Madhusudan Ghee 1 L,1 L,1,15,8150,8150
2022-06-13,GA/2022-23/00153,FY2022-23,6,ACC-058,Balaji Tandon & Company,Miranpur,SM04,Pankaj Verma,MSG-500-30,Madhusudan Ghee 500 ml,500 ml,1,15,8300,8300
2022-06-13,GA/2022-23/00154,FY2022-23,6,ACC-106,Shree Ahuja & Company,Khatauli,SM02,Sunil Tyagi,MSG-200-75,Madhusudan Ghee 200 ml,200 ml,1,15,8450,8450
2022-06-14,GA/2022-23/00155,FY2022-23,6,ACC-021,Shri Tandon Stores,Muzaffarnagar,SM01,Rakesh Kumar,MSG-200-75,Madhusudan Ghee 200 ml,200 ml,1,15,8450,8450
2022-06-14,GA/2022-23/00156,FY2022-23,6,ACC-041,Chopra Traders,Purqazi,SM04,Pankaj Verma,MSG-200-75,Madhusudan Ghee 200 ml,200 ml,1,15,8450,8450
2022-06-14,GA/2022-23/00157,FY2022-23,6,ACC-082,Shree Kaushik Enterprises,Charthawal,SM03,Amit Saini,MSG-1L-15,Madhusudan Ghee 1 L,1 L,1,15,8150,8150
2022-06-14,GA/2022-23/00158,FY2022-23,6,ACC-084,Ganesh Saxena Distributors,Budhana,SM02,Sunil Tyagi,MSG-200-75,Madhusudan Ghee 200 ml,200 ml,1,15,8450,8450
2022-06-14,GA/2022-23/00159,FY2022-23,6,ACC-099,Balaji Garg Distributors,Khatauli,SM02,Sunil Tyagi,MSG-1L-15,Madhusudan Ghee 1 L,1 L,1,15,8150,8150
2022-06-14,GA/2022-23/00160,FY2022-23,6,ACC-115,Sethi Super Market,Budhana,SM02,Sunil Tyagi,MSG-500-30,Madhusudan Ghee 500 ml,500 ml,1,15,8300,8300
2022-06-15,GA/2022-23/00161,FY2022-23,6,ACC-014,Maa Chopra Kirana Store,Khatauli,SM02,Sunil Tyagi,MSG-200-75,Madhusudan Ghee 200 ml,200 ml,1,15,8450,8450
2022-06-16,GA/2022-23/00162,FY2022-23,6,ACC-108,New Ahuja Distributors,Deoband,SM05,Deepak Rana,MSG-200-75,Madhusudan Ghee 200 ml,200 ml,1,15,8450,8450
2022-06-18,GA/2022-23/00163,FY2022-23,6,ACC-065,Jai Garg Enterprises,Shamli,SM01,Rakesh Kumar,MSG-500-30,Madhusudan Ghee 500 ml,500 ml,1,15,8300,8300
2022-06-20,GA/2022-23/00164,FY2022-23,6,ACC-004,Jai Solanki Traders,Deoband,SM05,Deepak Rana,MSG-200-75,Madhusudan Ghee 200 ml,200 ml,3,45,8450,25350
2022-06-20,GA/2022-23/00165,FY2022-23,6,ACC-011,New Maheshwari Super Market,Kairana,SM05,Deepak Rana,MSG-200-75,Madhusudan Ghee 200 ml,200 ml,1,15,8450,8450
2022-06-20,GA/2022-23/00165,FY2022-23,6,ACC-011,New Maheshwari Super Market,Kairana,SM05,Deepak Rana,MSG-500-30,Madhusudan Ghee 500 ml,500 ml,1,15,8300,8300
2022-06-20,GA/2022-23/00166,FY2022-23,6,ACC-072,Verma Agencies,Khatauli,SM02,Sunil Tyagi,MSG-1L-15,Madhusudan Ghee 1 L,1 L,1,15,8150,8150
2022-06-21,GA/2022-23/00167,FY2022-23,6,ACC-068,Ganesh Saxena General Store,Shamli,SM01,Rakesh Kumar,MSG-200-75,Madhusudan Ghee 200 ml,200 ml,1,15,8450,8450
2022-06-22,GA/2022-23/00168,FY2022-23,6,ACC-019,Mishra Agencies,Muzaffarnagar,SM01,Rakesh Kumar,MSG-1L-15,Madhusudan Ghee 1 L,1 L,1,15,8150,8150
2022-06-22,GA/2022-23/00169,FY2022-23,6,ACC-054,Jai Goyal General Store,Miranpur,SM04,Pankaj Verma,MSG-500-30,Madhusudan Ghee 500 ml,500 ml,1,15,8300,8300
2022-06-23,GA/2022-23/00170,FY2022-23,6,ACC-006,Ganesh Jindal Dairy,Kairana,SM05,Deepak Rana,MSG-500-30,Madhusudan Ghee 500 ml,500 ml,2,30,8300,16600
2022-06-23,GA/2022-23/00171,FY2022-23,6,ACC-066,Dhingra Marketing,Muzaffarnagar,SM01,Rakesh Kumar,MSG-1L-15,Madhusudan Ghee 1 L,1 L,1,15,8150,8150
2022-06-23,GA/2022-23/00172,FY2022-23,6,ACC-112,Om Goyal Kirana Store,Muzaffarnagar,SM01,Rakesh Kumar,MSG-200-75,Madhusudan Ghee 200 ml,200 ml,1,15,8450,8450
2022-06-23,GA/2022-23/00173,FY2022-23,6,ACC-132,Shri Bhardwaj Sales Corporation,Miranpur,SM04,Pankaj Verma,MSG-1L-15,Madhusudan Ghee 1 L,1 L,1,15,8150,8150
2022-06-24,GA/2022-23/00174,FY2022-23,6,ACC-139,Goel Trading Co.,Muzaffarnagar,SM01,Rakesh Kumar,MSG-1L-15,Madhusudan Ghee 1 L,1 L,1,15,8150,8150
2022-06-25,GA/2022-23/00175,FY2022-23,6,ACC-049,Goyal General Store,Muzaffarnagar,SM01,Rakesh Kumar,MSG-1L-15,Madhusudan Ghee 1 L,1 L,1,15,8150,8150
2022-06-25,GA/2022-23/00176,FY2022-23,6,ACC-061,Jai Srivastava General Store,Muzaffarnagar,SM01,Rakesh Kumar,MSG-500-30,Madhusudan Ghee 500 ml,500 ml,1,15,8300,8300
2022-06-27,GA/2022-23/00177,FY2022-23,6,ACC-007,Om Pandey Distributors,Purqazi,SM04,Pankaj Verma,MSG-500-30,Madhusudan Ghee 500 ml,500 ml,2,30,8300,16600
2022-06-27,GA/2022-23/00178,FY2022-23,6,ACC-018,Krishna Sharma Enterprises,Kairana,SM05,Deepak Rana,MSG-1L-15,Madhusudan Ghee 1 L,1 L,1,15,8150,8150
2022-06-27,GA/2022-23/00179,FY2022-23,6,ACC-031,Laxmi Sirohi Super Market,Charthawal,SM03,Amit Saini,MSG-200-75,Madhusudan Ghee 200 ml,200 ml,1,15,8450,8450
2022-06-27,GA/2022-23/00180,FY2022-23,6,ACC-107,Ganesh Sachdeva Provisions,Charthawal,SM03,Amit Saini,MSG-1L-15,Madhusudan Ghee 1 L,1 L,1,15,8150,8150
2022-06-28,GA/2022-23/00181,FY2022-23,6,ACC-051,Laxmi Sachdeva Traders,Jansath,SM03,Amit Saini,MSG-1L-15,Madhusudan Ghee 1 L,1 L,1,15,8150,8150
2022-06-28,GA/2022-23/00181,FY2022-23,6,ACC-051,Laxmi Sachdeva Traders,Jansath,SM03,Amit Saini,MSG-500-30,Madhusudan Ghee 500 ml,500 ml,1,15,8300,8300
2022-06-29,GA/2022-23/00182,FY2022-23,6,ACC-010,Shree Mishra Provisions,Muzaffarnagar,SM01,Rakesh Kumar,MSG-1L-15,Madhusudan Ghee 1 L,1 L,1,15,8150,8150
2022-06-30,GA/2022-23/00183,FY2022-23,6,ACC-005,Malhotra Dairy,Kairana,SM05,Deepak Rana,MSG-200-75,Madhusudan Ghee 200 ml,200 ml,2,30,8450,16900
2022-06-30,GA/2022-23/00183,FY2022-23,6,ACC-005,Malhotra Dairy,Kairana,SM05,Deepak Rana,MSG-500-30,Madhusudan Ghee 500 ml,500 ml,2,30,8300,16600
2022-06-30,GA/2022-23/00184,FY2022-23,6,ACC-008,Shree Maheshwari Enterprises,Shamli,SM01,Rakesh Kumar,MSG-1L-15,Madhusudan Ghee 1 L,1 L,2,30,8150,16300
2022-07-01,GA/2022-23/00185,FY2022-23,7,ACC-098,Balaji Rana Distributors,Shamli,SM01,Rakesh Kumar,MSG-500-30,Madhusudan Ghee 500 ml,500 ml,1,15,8300,8300
2022-07-02,GA/2022-23/00186,FY2022-23,7,ACC-018,Krishna Sharma Enterprises,Kairana,SM05,Deepak Rana,MSG-1L-15,Madhusudan Ghee 1 L,1 L,1,15,8150,8150
2022-07-02,GA/2022-23/00187,FY2022-23,7,ACC-032,Goyal Super Market,Deoband,SM05,Deepak Rana,MSG-500-30,Madhusudan Ghee 500 ml,500 ml,2,30,8300,16600
2022-07-04,GA/2022-23/00188,FY2022-23,7,ACC-017,Maa Malik Enterprises,Kairana,SM05,Deepak Rana,MSG-200-75,Madhusudan Ghee 200 ml,200 ml,1,15,8450,8450
2022-07-04,GA/2022-23/00189,FY2022-23,7,ACC-042,Maa Sachdeva Agencies,Charthawal,SM03,Amit Saini,MSG-500-30,Madhusudan Ghee 500 ml,500 ml,1,15,8300,8300
2022-07-04,GA/2022-23/00190,FY2022-23,7,ACC-049,Goyal General Store,Muzaffarnagar,SM01,Rakesh Kumar,MSG-500-30,Madhusudan Ghee 500 ml,500 ml,1,15,8300,8300
2022-07-04,GA/2022-23/00191,FY2022-23,7,ACC-085,Laxmi Sirohi Marketing,Jansath,SM03,Amit Saini,MSG-1L-15,Madhusudan Ghee 1 L,1 L,2,30,8150,16300
2022-07-05,GA/2022-23/00192,FY2022-23,7,ACC-014,Maa Chopra Kirana Store,Khatauli,SM02,Sunil Tyagi,MSG-1L-15,Madhusudan Ghee 1 L,1 L,1,15,8150,8150
2022-07-05,GA/2022-23/00193,FY2022-23,7,ACC-068,Ganesh Saxena General Store,Shamli,SM01,Rakesh Kumar,MSG-1L-15,Madhusudan Ghee 1 L,1 L,1,15,8150,8150
2022-07-05,GA/2022-23/00194,FY2022-23,7,ACC-118,Laxmi Rana & Sons,Budhana,SM02,Sunil Tyagi,MSG-1L-15,Madhusudan Ghee 1 L,1 L,1,15,8150,8150
2022-07-06,GA/2022-23/00195,FY2022-23,7,ACC-094,Singla Stores,Budhana,SM02,Sunil Tyagi,MSG-1L-15,Madhusudan Ghee 1 L,1 L,1,15,8150,8150
2022-07-06,GA/2022-23/00196,FY2022-23,7,ACC-102,Shree Solanki Distributors,Kairana,SM05,Deepak Rana,MSG-500-30,Madhusudan Ghee 500 ml,500 ml,1,15,8300,8300
2022-07-07,GA/2022-23/00197,FY2022-23,7,ACC-020,Krishna Bhardwaj Trading Co.,Khatauli,SM02,Sunil Tyagi,MSG-500-30,Madhusudan Ghee 500 ml,500 ml,1,15,8300,8300
2022-07-07,GA/2022-23/00198,FY2022-23,7,ACC-029,Balaji Rana Agencies,Khatauli,SM02,Sunil Tyagi,MSG-1L-15,Madhusudan Ghee 1 L,1 L,1,15,8150,8150
2022-07-07,GA/2022-23/00198,FY2022-23,7,ACC-029,Balaji Rana Agencies,Khatauli,SM02,Sunil Tyagi,MSG-500-30,Madhusudan Ghee 500 ml,500 ml,1,15,8300,8300
2022-07-08,GA/2022-23/00199,FY2022-23,7,ACC-066,Dhingra Marketing,Muzaffarnagar,SM01,Rakesh Kumar,MSG-1L-15,Madhusudan Ghee 1 L,1 L,2,30,8150,16300
2022-07-09,GA/2022-23/00200,FY2022-23,7,ACC-015,Wadhwa Super Market,Muzaffarnagar,SM01,Rakesh Kumar,MSG-1L-15,Madhusudan Ghee 1 L,1 L,2,30,8150,16300
2022-07-11,GA/2022-23/00201,FY2022-23,7,ACC-012,Bhardwaj Dairy,Charthawal,SM03,Amit Saini,MSG-500-30,Madhusudan Ghee 500 ml,500 ml,2,30,8300,16600
2022-07-11,GA/2022-23/00202,FY2022-23,7,ACC-040,New Mishra Trading Co.,Shamli,SM01,Rakesh Kumar,MSG-1L-15,Madhusudan Ghee 1 L,1 L,1,15,8150,8150
2022-07-11,GA/2022-23/00203,FY2022-23,7,ACC-048,Maa Sharma Marketing,Budhana,SM02,Sunil Tyagi,MSG-1L-15,Madhusudan Ghee 1 L,1 L,1,15,8150,8150
2022-07-11,GA/2022-23/00204,FY2022-23,7,ACC-058,Balaji Tandon & Company,Miranpur,SM04,Pankaj Verma,MSG-500-30,Madhusudan Ghee 500 ml,500 ml,1,15,8300,8300
2022-07-11,GA/2022-23/00205,FY2022-23,7,ACC-091,Krishna Chaudhary Agencies,Kairana,SM05,Deepak Rana,MSG-1L-15,Madhusudan Ghee 1 L,1 L,1,15,8150,8150
2022-07-11,GA/2022-23/00206,FY2022-23,7,ACC-099,Balaji Garg Distributors,Khatauli,SM02,Sunil Tyagi,MSG-1L-15,Madhusudan Ghee 1 L,1 L,1,15,8150,8150
2022-07-12,GA/2022-23/00207,FY2022-23,7,ACC-006,Ganesh Jindal Dairy,Kairana,SM05,Deepak Rana,MSG-1L-15,Madhusudan Ghee 1 L,1 L,2,30,8150,16300
2022-07-12,GA/2022-23/00208,FY2022-23,7,ACC-019,Mishra Agencies,Muzaffarnagar,SM01,Rakesh Kumar,MSG-1L-15,Madhusudan Ghee 1 L,1 L,1,15,8150,8150
2022-07-13,GA/2022-23/00209,FY2022-23,7,ACC-114,Sirohi Marketing,Muzaffarnagar,SM01,Rakesh Kumar,MSG-200-75,Madhusudan Ghee 200 ml,200 ml,1,15,8450,8450
2022-07-13,GA/2022-23/00210,FY2022-23,7,ACC-128,Shree Saxena General Store,Deoband,SM05,Deepak Rana,MSG-1L-15,Madhusudan Ghee 1 L,1 L,1,15,8150,8150
2022-07-14,GA/2022-23/00211,FY2022-23,7,ACC-008,Shree Maheshwari Enterprises,Shamli,SM01,Rakesh Kumar,MSG-1L-15,Madhusudan Ghee 1 L,1 L,2,30,8150,16300
2022-07-15,GA/2022-23/00212,FY2022-23,7,ACC-039,New Chopra Dairy,Deoband,SM05,Deepak Rana,MSG-1L-15,Madhusudan Ghee 1 L,1 L,1,15,8150,8150
2022-07-15,GA/2022-23/00213,FY2022-23,7,ACC-056,Bajaj Provisions,Deoband,SM05,Deepak Rana,MSG-1L-15,Madhusudan Ghee 1 L,1 L,1,15,8150,8150
2022-07-15,GA/2022-23/00214,FY2022-23,7,ACC-135,Agarwal Traders,Khatauli,SM02,Sunil Tyagi,MSG-200-75,Madhusudan Ghee 200 ml,200 ml,1,15,8450,8450
2022-07-16,GA/2022-23/00215,FY2022-23,7,ACC-001,Om Dubey Super Market,Muzaffarnagar,SM01,Rakesh Kumar,MSG-1L-15,Madhusudan Ghee 1 L,1 L,2,30,8150,16300
2022-07-16,GA/2022-23/00215,FY2022-23,7,ACC-001,Om Dubey Super Market,Muzaffarnagar,SM01,Rakesh Kumar,MSG-200-75,Madhusudan Ghee 200 ml,200 ml,1,15,8450,8450
2022-07-16,GA/2022-23/00216,FY2022-23,7,ACC-044,Mittal Marketing,Khatauli,SM02,Sunil Tyagi,MSG-1L-15,Madhusudan Ghee 1 L,1 L,1,15,8150,8150
2022-07-16,GA/2022-23/00217,FY2022-23,7,ACC-142,Om Srivastava & Company,Kairana,SM05,Deepak Rana,MSG-500-30,Madhusudan Ghee 500 ml,500 ml,1,15,8300,8300
2022-07-18,GA/2022-23/00218,FY2022-23,7,ACC-003,Krishna Khurana Provisions,Budhana,SM02,Sunil Tyagi,MSG-1L-15,Madhusudan Ghee 1 L,1 L,3,45,8150,24450
2022-07-18,GA/2022-23/00219,FY2022-23,7,ACC-028,Srivastava Distributors,Jansath,SM03,Amit Saini,MSG-500-30,Madhusudan Ghee 500 ml,500 ml,1,15,8300,8300
2022-07-18,GA/2022-23/00220,FY2022-23,7,ACC-062,Dubey General Store,Khatauli,SM02,Sunil Tyagi,MSG-1L-15,Madhusudan Ghee 1 L,1 L,1,15,8150,8150
2022-07-18,GA/2022-23/00221,FY2022-23,7,ACC-079,Maa Khurana Agencies,Muzaffarnagar,SM01,Rakesh Kumar,MSG-1L-15,Madhusudan Ghee 1 L,1 L,1,15,8150,8150
2022-07-18,GA/2022-23/00222,FY2022-23,7,ACC-100,New Tandon Super Market,Khatauli,SM02,Sunil Tyagi,MSG-1L-15,Madhusudan Ghee 1 L,1 L,1,15,8150,8150
2022-07-18,GA/2022-23/00223,FY2022-23,7,ACC-119,Solanki Dairy,Deoband,SM05,Deepak Rana,MSG-1L-15,Madhusudan Ghee 1 L,1 L,1,15,8150,8150
2022-07-19,GA/2022-23/00224,FY2022-23,7,ACC-025,Om Chaudhary Agencies,Budhana,SM02,Sunil Tyagi,MSG-1L-15,Madhusudan Ghee 1 L,1 L,1,15,8150,8150
2022-07-21,GA/2022-23/00225,FY2022-23,7,ACC-004,Jai Solanki Traders,Deoband,SM05,Deepak Rana,MSG-1L-15,Madhusudan Ghee 1 L,1 L,2,30,8150,16300
2022-07-21,GA/2022-23/00226,FY2022-23,7,ACC-092,Bhardwaj Distributors,Purqazi,SM04,Pankaj Verma,MSG-200-75,Madhusudan Ghee 200 ml,200 ml,1,15,8450,8450
2022-07-22,GA/2022-23/00227,FY2022-23,7,ACC-041,Chopra Traders,Purqazi,SM04,Pankaj Verma,MSG-500-30,Madhusudan Ghee 500 ml,500 ml,1,15,8300,8300
2022-07-22,GA/2022-23/00228,FY2022-23,7,ACC-117,Shri Khandelwal Sales Corporation,Deoband,SM05,Deepak Rana,MSG-500-30,Madhusudan Ghee 500 ml,500 ml,1,15,8300,8300
2022-07-23,GA/2022-23/00229,FY2022-23,7,ACC-002,New Dubey Marketing,Kairana,SM05,Deepak Rana,MSG-1L-15,Madhusudan Ghee 1 L,1 L,3,45,8150,24450
2022-07-23,GA/2022-23/00230,FY2022-23,7,ACC-110,Laxmi Kansal & Sons,Kairana,SM05,Deepak Rana,MSG-200-75,Madhusudan Ghee 200 ml,200 ml,1,15,8450,8450
2022-07-25,GA/2022-23/00231,FY2022-23,7,ACC-031,Laxmi Sirohi Super Market,Charthawal,SM03,Amit Saini,MSG-200-75,Madhusudan Ghee 200 ml,200 ml,1,15,8450,8450
2022-07-25,GA/2022-23/00232,FY2022-23,7,ACC-054,Jai Goyal General Store,Miranpur,SM04,Pankaj Verma,MSG-1L-15,Madhusudan Ghee 1 L,1 L,1,15,8150,8150
2022-07-25,GA/2022-23/00233,FY2022-23,7,ACC-132,Shri Bhardwaj Sales Corporation,Miranpur,SM04,Pankaj Verma,MSG-1L-15,Madhusudan Ghee 1 L,1 L,1,15,8150,8150
2022-07-26,GA/2022-23/00234,FY2022-23,7,ACC-063,Ganesh Kapoor Trading Co.,Charthawal,SM03,Amit Saini,MSG-1L-15,Madhusudan Ghee 1 L,1 L,2,30,8150,16300
2022-07-26,GA/2022-23/00235,FY2022-23,7,ACC-081,Jai Kapoor Super Market,Charthawal,SM03,Amit Saini,MSG-500-30,Madhusudan Ghee 500 ml,500 ml,1,15,8300,8300
2022-07-26,GA/2022-23/00236,FY2022-23,7,ACC-138,Ganesh Gupta Trading Co.,Muzaffarnagar,SM01,Rakesh Kumar,MSG-1L-15,Madhusudan Ghee 1 L,1 L,1,15,8150,8150
2022-07-27,GA/2022-23/00237,FY2022-23,7,ACC-009,Krishna Srivastava Agencies,Kairana,SM05,Deepak Rana,MSG-1L-15,Madhusudan Ghee 1 L,1 L,1,15,8150,8150
2022-07-27,GA/2022-23/00238,FY2022-23,7,ACC-016,Ganesh Bhardwaj Trading Co.,Budhana,SM02,Sunil Tyagi,MSG-500-30,Madhusudan Ghee 500 ml,500 ml,2,30,8300,16600
2022-07-28,GA/2022-23/00239,FY2022-23,7,ACC-005,Malhotra Dairy,Kairana,SM05,Deepak Rana,MSG-500-30,Madhusudan Ghee 500 ml,500 ml,3,45,8300,24900
2022-07-28,GA/2022-23/00240,FY2022-23,7,ACC-023,Agarwal Distributors,Jansath,SM03,Amit Saini,MSG-1L-15,Madhusudan Ghee 1 L,1 L,1,15,8150,8150
2022-07-29,GA/2022-23/00241,FY2022-23,7,ACC-007,Om Pandey Distributors,Purqazi,SM04,Pankaj Verma,MSG-1L-15,Madhusudan Ghee 1 L,1 L,1,15,8150,8150
2022-07-29,GA/2022-23/00241,FY2022-23,7,ACC-007,Om Pandey Distributors,Purqazi,SM04,Pankaj Verma,MSG-200-75,Madhusudan Ghee 200 ml,200 ml,1,15,8450,8450
2022-07-29,GA/2022-23/00242,FY2022-23,7,ACC-010,Shree Mishra Provisions,Muzaffarnagar,SM01,Rakesh Kumar,MSG-1L-15,Madhusudan Ghee 1 L,1 L,1,15,8150,8150
2022-07-29,GA/2022-23/00243,FY2022-23,7,ACC-123,Ganesh Goel Distributors,Miranpur,SM04,Pankaj Verma,MSG-500-30,Madhusudan Ghee 500 ml,500 ml,1,15,8300,8300
2022-07-30,GA/2022-23/00244,FY2022-23,7,ACC-021,Shri Tandon Stores,Muzaffarnagar,SM01,Rakesh Kumar,MSG-1L-15,Madhusudan Ghee 1 L,1 L,1,15,8150,8150
2022-07-30,GA/2022-23/00245,FY2022-23,7,ACC-036,Shree Saini Enterprises,Budhana,SM02,Sunil Tyagi,MSG-200-75,Madhusudan Ghee 200 ml,200 ml,1,15,8450,8450
2022-07-30,GA/2022-23/00246,FY2022-23,7,ACC-074,Jai Bajaj Stores,Khatauli,SM02,Sunil Tyagi,MSG-500-30,Madhusudan Ghee 500 ml,500 ml,1,15,8300,8300
2022-07-30,GA/2022-23/00247,FY2022-23,7,ACC-097,New Mishra Distributors,Deoband,SM05,Deepak Rana,MSG-1L-15,Madhusudan Ghee 1 L,1 L,1,15,8150,8150
2022-07-30,GA/2022-23/00248,FY2022-23,7,ACC-144,Shree Ahuja Provisions,Shamli,SM01,Rakesh Kumar,MSG-1L-15,Madhusudan Ghee 1 L,1 L,1,15,8150,8150
2022-08-01,GA/2022-23/00249,FY2022-23,8,ACC-011,New Maheshwari Super Market,Kairana,SM05,Deepak Rana,MSG-200-75,Madhusudan Ghee 200 ml,200 ml,1,15,8450,8450
2022-08-01,GA/2022-23/00250,FY2022-23,8,ACC-020,Krishna Bhardwaj Trading Co.,Khatauli,SM02,Sunil Tyagi,MSG-1L-15,Madhusudan Ghee 1 L,1 L,1,15,8150,8150
2022-08-01,GA/2022-23/00251,FY2022-23,8,ACC-128,Shree Saxena General Store,Deoband,SM05,Deepak Rana,MSG-1L-15,Madhusudan Ghee 1 L,1 L,2,30,8150,16300
2022-08-02,GA/2022-23/00252,FY2022-23,8,ACC-030,Laxmi Sharma Stores,Jansath,SM03,Amit Saini,MSG-500-30,Madhusudan Ghee 500 ml,500 ml,1,15,8300,8300
2022-08-04,GA/2022-23/00253,FY2022-23,8,ACC-028,Srivastava Distributors,Jansath,SM03,Amit Saini,MSG-1L-15,Madhusudan Ghee 1 L,1 L,1,15,8150,8150
2022-08-04,GA/2022-23/00254,FY2022-23,8,ACC-040,New Mishra Trading Co.,Shamli,SM01,Rakesh Kumar,MSG-200-75,Madhusudan Ghee 200 ml,200 ml,1,15,8450,8450
2022-08-04,GA/2022-23/00255,FY2022-23,8,ACC-107,Ganesh Sachdeva Provisions,Charthawal,SM03,Amit Saini,MSG-500-30,Madhusudan Ghee 500 ml,500 ml,2,30,8300,16600
2022-08-05,GA/2022-23/00256,FY2022-23,8,ACC-019,Mishra Agencies,Muzaffarnagar,SM01,Rakesh Kumar,MSG-1L-15,Madhusudan Ghee 1 L,1 L,1,15,8150,8150
2022-08-05,GA/2022-23/00257,FY2022-23,8,ACC-031,Laxmi Sirohi Super Market,Charthawal,SM03,Amit Saini,MSG-1L-15,Madhusudan Ghee 1 L,1 L,1,15,8150,8150
2022-08-05,GA/2022-23/00257,FY2022-23,8,ACC-031,Laxmi Sirohi Super Market,Charthawal,SM03,Amit Saini,MSG-200-75,Madhusudan Ghee 200 ml,200 ml,1,15,8450,8450
2022-08-05,GA/2022-23/00258,FY2022-23,8,ACC-059,Balaji Garg Agencies,Purqazi,SM04,Pankaj Verma,MSG-200-75,Madhusudan Ghee 200 ml,200 ml,1,15,8450,8450
2022-08-05,GA/2022-23/00259,FY2022-23,8,ACC-103,Wadhwa Enterprises,Budhana,SM02,Sunil Tyagi,MSG-1L-15,Madhusudan Ghee 1 L,1 L,1,15,8150,8150
2022-08-06,GA/2022-23/00260,FY2022-23,8,ACC-005,Malhotra Dairy,Kairana,SM05,Deepak Rana,MSG-1L-15,Madhusudan Ghee 1 L,1 L,3,45,8150,24450
2022-08-08,GA/2022-23/00261,FY2022-23,8,ACC-009,Krishna Srivastava Agencies,Kairana,SM05,Deepak Rana,MSG-1L-15,Madhusudan Ghee 1 L,1 L,2,30,8150,16300
2022-08-08,GA/2022-23/00262,FY2022-23,8,ACC-027,Shree Gupta & Sons,Miranpur,SM04,Pankaj Verma,MSG-1L-15,Madhusudan Ghee 1 L,1 L,1,15,8150,8150
2022-08-08,GA/2022-23/00263,FY2022-23,8,ACC-041,Chopra Traders,Purqazi,SM04,Pankaj Verma,MSG-1L-15,Madhusudan Ghee 1 L,1 L,1,15,8150,8150
2022-08-08,GA/2022-23/00264,FY2022-23,8,ACC-048,Maa Sharma Marketing,Budhana,SM02,Sunil Tyagi,MSG-500-30,Madhusudan Ghee 500 ml,500 ml,1,15,8300,8300
2022-08-08,GA/2022-23/00265,FY2022-23,8,ACC-100,New Tandon Super Market,Khatauli,SM02,Sunil Tyagi,MSG-500-30,Madhusudan Ghee 500 ml,500 ml,1,15,8300,8300
2022-08-08,GA/2022-23/00266,FY2022-23,8,ACC-101,Shri Ahuja Enterprises,Miranpur,SM04,Pankaj Verma,MSG-1L-15,Madhusudan Ghee 1 L,1 L,1,15,8150,8150
2022-08-08,GA/2022-23/00266,FY2022-23,8,ACC-101,Shri Ahuja Enterprises,Miranpur,SM04,Pankaj Verma,MSG-200-75,Madhusudan Ghee 200 ml,200 ml,1,15,8450,8450
2022-08-08,GA/2022-23/00267,FY2022-23,8,ACC-118,Laxmi Rana & Sons,Budhana,SM02,Sunil Tyagi,MSG-500-30,Madhusudan Ghee 500 ml,500 ml,1,15,8300,8300
2022-08-09,GA/2022-23/00268,FY2022-23,8,ACC-093,Maa Malik & Company,Charthawal,SM03,Amit Saini,MSG-1L-15,Madhusudan Ghee 1 L,1 L,1,15,8150,8150
2022-08-10,GA/2022-23/00269,FY2022-23,8,ACC-008,Shree Maheshwari Enterprises,Shamli,SM01,Rakesh Kumar,MSG-1L-15,Madhusudan Ghee 1 L,1 L,2,30,8150,16300
2022-08-10,GA/2022-23/00270,FY2022-23,8,ACC-022,Tandon & Company,Kairana,SM05,Deepak Rana,MSG-1L-15,Madhusudan Ghee 1 L,1 L,1,15,8150,8150
2022-08-10,GA/2022-23/00271,FY2022-23,8,ACC-123,Ganesh Goel Distributors,Miranpur,SM04,Pankaj Verma,MSG-200-75,Madhusudan Ghee 200 ml,200 ml,1,15,8450,8450
2022-08-10,GA/2022-23/00271,FY2022-23,8,ACC-123,Ganesh Goel Distributors,Miranpur,SM04,Pankaj Verma,MSG-500-30,Madhusudan Ghee 500 ml,500 ml,1,15,8300,8300
2022-08-11,GA/2022-23/00272,FY2022-23,8,ACC-007,Om Pandey Distributors,Purqazi,SM04,Pankaj Verma,MSG-1L-15,Madhusudan Ghee 1 L,1 L,3,45,8150,24450
2022-08-11,GA/2022-23/00273,FY2022-23,8,ACC-091,Krishna Chaudhary Agencies,Kairana,SM05,Deepak Rana,MSG-200-75,Madhusudan Ghee 200 ml,200 ml,1,15,8450,8450
2022-08-11,GA/2022-23/00274,FY2022-23,8,ACC-094,Singla Stores,Budhana,SM02,Sunil Tyagi,MSG-500-30,Madhusudan Ghee 500 ml,500 ml,1,15,8300,8300
2022-08-12,GA/2022-23/00275,FY2022-23,8,ACC-018,Krishna Sharma Enterprises,Kairana,SM05,Deepak Rana,MSG-500-30,Madhusudan Ghee 500 ml,500 ml,2,30,8300,16600
2022-08-12,GA/2022-23/00276,FY2022-23,8,ACC-136,Shree Khandelwal Distributors,Jansath,SM03,Amit Saini,MSG-200-75,Madhusudan Ghee 200 ml,200 ml,1,15,8450,8450
2022-08-15,GA/2022-23/00277,FY2022-23,8,ACC-016,Ganesh Bhardwaj Trading Co.,Budhana,SM02,Sunil Tyagi,MSG-1L-15,Madhusudan Ghee 1 L,1 L,1,15,8150,8150
2022-08-15,GA/2022-23/00278,FY2022-23,8,ACC-017,Maa Malik Enterprises,Kairana,SM05,Deepak Rana,MSG-200-75,Madhusudan Ghee 200 ml,200 ml,1,15,8450,8450
2022-08-15,GA/2022-23/00279,FY2022-23,8,ACC-114,Sirohi Marketing,Muzaffarnagar,SM01,Rakesh Kumar,MSG-500-30,Madhusudan Ghee 500 ml,500 ml,1,15,8300,8300
2022-08-15,GA/2022-23/00280,FY2022-23,8,ACC-115,Sethi Super Market,Budhana,SM02,Sunil Tyagi,MSG-1L-15,Madhusudan Ghee 1 L,1 L,1,15,8150,8150
2022-08-15,GA/2022-23/00281,FY2022-23,8,ACC-131,Jai Yadav Traders,Shamli,SM01,Rakesh Kumar,MSG-1L-15,Madhusudan Ghee 1 L,1 L,1,15,8150,8150
2022-08-17,GA/2022-23/00282,FY2022-23,8,ACC-032,Goyal Super Market,Deoband,SM05,Deepak Rana,MSG-1L-15,Madhusudan Ghee 1 L,1 L,1,15,8150,8150
2022-08-17,GA/2022-23/00282,FY2022-23,8,ACC-032,Goyal Super Market,Deoband,SM05,Deepak Rana,MSG-200-75,Madhusudan Ghee 200 ml,200 ml,1,15,8450,8450
2022-08-18,GA/2022-23/00283,FY2022-23,8,ACC-014,Maa Chopra Kirana Store,Khatauli,SM02,Sunil Tyagi,MSG-1L-15,Madhusudan Ghee 1 L,1 L,1,15,8150,8150
2022-08-18,GA/2022-23/00284,FY2022-23,8,ACC-026,Krishna Goel Marketing,Shamli,SM01,Rakesh Kumar,MSG-200-75,Madhusudan Ghee 200 ml,200 ml,1,15,8450,8450
2022-08-19,GA/2022-23/00285,FY2022-23,8,ACC-003,Krishna Khurana Provisions,Budhana,SM02,Sunil Tyagi,MSG-200-75,Madhusudan Ghee 200 ml,200 ml,2,30,8450,16900
2022-08-19,GA/2022-23/00285,FY2022-23,8,ACC-003,Krishna Khurana Provisions,Budhana,SM02,Sunil Tyagi,MSG-500-30,Madhusudan Ghee 500 ml,500 ml,2,30,8300,16600
2022-08-19,GA/2022-23/00286,FY2022-23,8,ACC-004,Jai Solanki Traders,Deoband,SM05,Deepak Rana,MSG-1L-15,Madhusudan Ghee 1 L,1 L,1,15,8150,8150
2022-08-19,GA/2022-23/00286,FY2022-23,8,ACC-004,Jai Solanki Traders,Deoband,SM05,Deepak Rana,MSG-200-75,Madhusudan Ghee 200 ml,200 ml,1,15,8450,8450
2022-08-19,GA/2022-23/00287,FY2022-23,8,ACC-006,Ganesh Jindal Dairy,Kairana,SM05,Deepak Rana,MSG-1L-15,Madhusudan Ghee 1 L,1 L,2,30,8150,16300
2022-08-19,GA/2022-23/00288,FY2022-23,8,ACC-119,Solanki Dairy,Deoband,SM05,Deepak Rana,MSG-500-30,Madhusudan Ghee 500 ml,500 ml,1,15,8300,8300
2022-08-20,GA/2022-23/00289,FY2022-23,8,ACC-004,Jai Solanki Traders,Deoband,SM05,Deepak Rana,MSG-1L-15,Madhusudan Ghee 1 L,1 L,3,45,8150,24450
2022-08-22,GA/2022-23/00290,FY2022-23,8,ACC-012,Bhardwaj Dairy,Charthawal,SM03,Amit Saini,MSG-1L-15,Madhusudan Ghee 1 L,1 L,2,30,8150,16300
2022-08-22,GA/2022-23/00291,FY2022-23,8,ACC-050,Jai Sachdeva & Company,Budhana,SM02,Sunil Tyagi,MSG-1L-15,Madhusudan Ghee 1 L,1 L,1,15,8150,8150
2022-08-22,GA/2022-23/00291,FY2022-23,8,ACC-050,Jai Sachdeva & Company,Budhana,SM02,Sunil Tyagi,MSG-500-30,Madhusudan Ghee 500 ml,500 ml,1,15,8300,8300
2022-08-23,GA/2022-23/00292,FY2022-23,8,ACC-084,Ganesh Saxena Distributors,Budhana,SM02,Sunil Tyagi,MSG-1L-15,Madhusudan Ghee 1 L,1 L,1,15,8150,8150
2022-08-24,GA/2022-23/00293,FY2022-23,8,ACC-025,Om Chaudhary Agencies,Budhana,SM02,Sunil Tyagi,MSG-1L-15,Madhusudan Ghee 1 L,1 L,1,15,8150,8150
2022-08-24,GA/2022-23/00294,FY2022-23,8,ACC-046,New Kapoor Traders,Kairana,SM05,Deepak Rana,MSG-1L-15,Madhusudan Ghee 1 L,1 L,1,15,8150,8150
2022-08-24,GA/2022-23/00295,FY2022-23,8,ACC-049,Goyal General Store,Muzaffarnagar,SM01,Rakesh Kumar,MSG-200-75,Madhusudan Ghee 200 ml,200 ml,1,15,8450,8450
2022-08-25,GA/2022-23/00296,FY2022-23,8,ACC-013,Krishna Sachdeva Enterprises,Khatauli,SM02,Sunil Tyagi,MSG-1L-15,Madhusudan Ghee 1 L,1 L,1,15,8150,8150
2022-08-25,GA/2022-23/00297,FY2022-23,8,ACC-044,Mittal Marketing,Khatauli,SM02,Sunil Tyagi,MSG-200-75,Madhusudan Ghee 200 ml,200 ml,1,15,8450,8450
2022-08-25,GA/2022-23/00298,FY2022-23,8,ACC-054,Jai Goyal General Store,Miranpur,SM04,Pankaj Verma,MSG-500-30,Madhusudan Ghee 500 ml,500 ml,3,45,8300,24900
2022-08-25,GA/2022-23/00299,FY2022-23,8,ACC-087,Khurana & Sons,Khatauli,SM02,Sunil Tyagi,MSG-1L-15,Madhusudan Ghee 1 L,1 L,1,15,8150,8150
2022-08-26,GA/2022-23/00300,FY2022-23,8,ACC-002,New Dubey Marketing,Kairana,SM05,Deepak Rana,MSG-500-30,Madhusudan Ghee 500 ml,500 ml,3,45,8300,24900
2022-08-26,GA/2022-23/00301,FY2022-23,8,ACC-015,Wadhwa Super Market,Muzaffarnagar,SM01,Rakesh Kumar,MSG-500-30,Madhusudan Ghee 500 ml,500 ml,2,30,8300,16600
2022-08-26,GA/2022-23/00302,FY2022-23,8,ACC-021,Shri Tandon Stores,Muzaffarnagar,SM01,Rakesh Kumar,MSG-1L-15,Madhusudan Ghee 1 L,1 L,1,15,8150,8150
2022-08-26,GA/2022-23/00303,FY2022-23,8,ACC-075,Krishna Bhardwaj Super Market,Charthawal,SM03,Amit Saini,MSG-500-30,Madhusudan Ghee 500 ml,500 ml,1,15,8300,8300
2022-08-26,GA/2022-23/00304,FY2022-23,8,ACC-117,Shri Khandelwal Sales Corporation,Deoband,SM05,Deepak Rana,MSG-500-30,Madhusudan Ghee 500 ml,500 ml,1,15,8300,8300
2022-08-26,GA/2022-23/00305,FY2022-23,8,ACC-132,Shri Bhardwaj Sales Corporation,Miranpur,SM04,Pankaj Verma,MSG-1L-15,Madhusudan Ghee 1 L,1 L,1,15,8150,8150
2022-08-27,GA/2022-23/00306,FY2022-23,8,ACC-001,Om Dubey Super Market,Muzaffarnagar,SM01,Rakesh Kumar,MSG-1L-15,Madhusudan Ghee 1 L,1 L,2,30,8150,16300
2022-08-27,GA/2022-23/00306,FY2022-23,8,ACC-001,Om Dubey Super Market,Muzaffarnagar,SM01,Rakesh Kumar,MSG-200-75,Madhusudan Ghee 200 ml,200 ml,1,15,8450,8450
2022-08-27,GA/2022-23/00307,FY2022-23,8,ACC-033,Balaji Singhal Stores,Deoband,SM05,Deepak Rana,MSG-500-30,Madhusudan Ghee 500 ml,500 ml,1,15,8300,8300
2022-08-27,GA/2022-23/00308,FY2022-23,8,ACC-036,Shree Saini Enterprises,Budhana,SM02,Sunil Tyagi,MSG-1L-15,Madhusudan Ghee 1 L,1 L,1,15,8150,8150
2022-08-29,GA/2022-23/00309,FY2022-23,8,ACC-023,Agarwal Distributors,Jansath,SM03,Amit Saini,MSG-500-30,Madhusudan Ghee 500 ml,500 ml,1,15,8300,8300
2022-08-29,GA/2022-23/00310,FY2022-23,8,ACC-029,Balaji Rana Agencies,Khatauli,SM02,Sunil Tyagi,MSG-1L-15,Madhusudan Ghee 1 L,1 L,1,15,8150,8150
2022-08-29,GA/2022-23/00311,FY2022-23,8,ACC-056,Bajaj Provisions,Deoband,SM05,Deepak Rana,MSG-1L-15,Madhusudan Ghee 1 L,1 L,1,15,8150,8150
2022-08-29,GA/2022-23/00312,FY2022-23,8,ACC-062,Dubey General Store,Khatauli,SM02,Sunil Tyagi,MSG-500-30,Madhusudan Ghee 500 ml,500 ml,1,15,8300,8300
2022-08-30,GA/2022-23/00313,FY2022-23,8,ACC-066,Dhingra Marketing,Muzaffarnagar,SM01,Rakesh Kumar,MSG-1L-15,Madhusudan Ghee 1 L,1 L,1,15,8150,8150
2022-08-30,GA/2022-23/00314,FY2022-23,8,ACC-068,Ganesh Saxena General Store,Shamli,SM01,Rakesh Kumar,MSG-500-30,Madhusudan Ghee 500 ml,500 ml,1,15,8300,8300
2022-09-01,GA/2022-23/00315,FY2022-23,9,ACC-025,Om Chaudhary Agencies,Budhana,SM02,Sunil Tyagi,MSG-500-30,Madhusudan Ghee 500 ml,500 ml,1,15,8300,8300
2022-09-01,GA/2022-23/00316,FY2022-23,9,ACC-102,Shree Solanki Distributors,Kairana,SM05,Deepak Rana,MSG-200-75,Madhusudan Ghee 200 ml,200 ml,1,15,8450,8450
2022-09-03,GA/2022-23/00317,FY2022-23,9,ACC-072,Verma Agencies,Khatauli,SM02,Sunil Tyagi,MSG-1L-15,Madhusudan Ghee 1 L,1 L,1,15,8150,8150
2022-09-03,GA/2022-23/00318,FY2022-23,9,ACC-112,Om Goyal Kirana Store,Muzaffarnagar,SM01,Rakesh Kumar,MSG-1L-15,Madhusudan Ghee 1 L,1 L,2,30,8150,16300
2022-09-03,GA/2022-23/00319,FY2022-23,9,ACC-130,Maa Nagpal & Company,Deoband,SM05,Deepak Rana,MSG-1L-15,Madhusudan Ghee 1 L,1 L,1,15,8150,8150
2022-09-05,GA/2022-23/00320,FY2022-23,9,ACC-015,Wadhwa Super Market,Muzaffarnagar,SM01,Rakesh Kumar,MSG-200-75,Madhusudan Ghee 200 ml,200 ml,1,15,8450,8450
2022-09-05,GA/2022-23/00320,FY2022-23,9,ACC-015,Wadhwa Super Market,Muzaffarnagar,SM01,Rakesh Kumar,MSG-500-30,Madhusudan Ghee 500 ml,500 ml,1,15,8300,8300
2022-09-05,GA/2022-23/00321,FY2022-23,9,ACC-123,Ganesh Goel Distributors,Miranpur,SM04,Pankaj Verma,MSG-200-75,Madhusudan Ghee 200 ml,200 ml,1,15,8450,8450
2022-09-06,GA/2022-23/00322,FY2022-23,9,ACC-026,Krishna Goel Marketing,Shamli,SM01,Rakesh Kumar,MSG-1L-15,Madhusudan Ghee 1 L,1 L,1,15,8150,8150
2022-09-06,GA/2022-23/00323,FY2022-23,9,ACC-029,Balaji Rana Agencies,Khatauli,SM02,Sunil Tyagi,MSG-500-30,Madhusudan Ghee 500 ml,500 ml,1,15,8300,8300
2022-09-07,GA/2022-23/00324,FY2022-23,9,ACC-016,Ganesh Bhardwaj Trading Co.,Budhana,SM02,Sunil Tyagi,MSG-1L-15,Madhusudan Ghee 1 L,1 L,2,30,8150,16300
2022-09-07,GA/2022-23/00325,FY2022-23,9,ACC-084,Ganesh Saxena Distributors,Budhana,SM02,Sunil Tyagi,MSG-200-75,Madhusudan Ghee 200 ml,200 ml,1,15,8450,8450
2022-09-08,GA/2022-23/00326,FY2022-23,9,ACC-021,Shri Tandon Stores,Muzaffarnagar,SM01,Rakesh Kumar,MSG-1L-15,Madhusudan Ghee 1 L,1 L,2,30,8150,16300
2022-09-08,GA/2022-23/00327,FY2022-23,9,ACC-107,Ganesh Sachdeva Provisions,Charthawal,SM03,Amit Saini,MSG-1L-15,Madhusudan Ghee 1 L,1 L,2,30,8150,16300
2022-09-08,GA/2022-23/00328,FY2022-23,9,ACC-132,Shri Bhardwaj Sales Corporation,Miranpur,SM04,Pankaj Verma,MSG-1L-15,Madhusudan Ghee 1 L,1 L,1,15,8150,8150
2022-09-09,GA/2022-23/00329,FY2022-23,9,ACC-001,Om Dubey Super Market,Muzaffarnagar,SM01,Rakesh Kumar,MSG-500-30,Madhusudan Ghee 500 ml,500 ml,4,60,8300,33200
2022-09-09,GA/2022-23/00330,FY2022-23,9,ACC-032,Goyal Super Market,Deoband,SM05,Deepak Rana,MSG-1L-15,Madhusudan Ghee 1 L,1 L,2,30,8150,16300
2022-09-10,GA/2022-23/00331,FY2022-23,9,ACC-061,Jai Srivastava General Store,Muzaffarnagar,SM01,Rakesh Kumar,MSG-1L-15,Madhusudan Ghee 1 L,1 L,1,15,8150,8150
2022-09-12,GA/2022-23/00332,FY2022-23,9,ACC-028,Srivastava Distributors,Jansath,SM03,Amit Saini,MSG-1L-15,Madhusudan Ghee 1 L,1 L,1,15,8150,8150
2022-09-12,GA/2022-23/00333,FY2022-23,9,ACC-088,Krishna Khurana Sales Corporation,Charthawal,SM03,Amit Saini,MSG-500-30,Madhusudan Ghee 500 ml,500 ml,1,15,8300,8300
2022-09-12,GA/2022-23/00334,FY2022-23,9,ACC-103,Wadhwa Enterprises,Budhana,SM02,Sunil Tyagi,MSG-500-30,Madhusudan Ghee 500 ml,500 ml,1,15,8300,8300
2022-09-12,GA/2022-23/00335,FY2022-23,9,ACC-125,Balaji Tandon Provisions,Khatauli,SM02,Sunil Tyagi,MSG-500-30,Madhusudan Ghee 500 ml,500 ml,2,30,8300,16600
2022-09-12,GA/2022-23/00336,FY2022-23,9,ACC-133,New Singla Stores,Shamli,SM01,Rakesh Kumar,MSG-1L-15,Madhusudan Ghee 1 L,1 L,1,15,8150,8150
2022-09-13,GA/2022-23/00337,FY2022-23,9,ACC-010,Shree Mishra Provisions,Muzaffarnagar,SM01,Rakesh Kumar,MSG-1L-15,Madhusudan Ghee 1 L,1 L,2,30,8150,16300
2022-09-13,GA/2022-23/00338,FY2022-23,9,ACC-014,Maa Chopra Kirana Store,Khatauli,SM02,Sunil Tyagi,MSG-1L-15,Madhusudan Ghee 1 L,1 L,1,15,8150,8150
2022-09-13,GA/2022-23/00338,FY2022-23,9,ACC-014,Maa Chopra Kirana Store,Khatauli,SM02,Sunil Tyagi,MSG-500-30,Madhusudan Ghee 500 ml,500 ml,1,15,8300,8300
2022-09-13,GA/2022-23/00339,FY2022-23,9,ACC-020,Krishna Bhardwaj Trading Co.,Khatauli,SM02,Sunil Tyagi,MSG-1L-15,Madhusudan Ghee 1 L,1 L,1,15,8150,8150
2022-09-13,GA/2022-23/00340,FY2022-23,9,ACC-048,Maa Sharma Marketing,Budhana,SM02,Sunil Tyagi,MSG-1L-15,Madhusudan Ghee 1 L,1 L,1,15,8150,8150
2022-09-14,GA/2022-23/00341,FY2022-23,9,ACC-004,Jai Solanki Traders,Deoband,SM05,Deepak Rana,MSG-1L-15,Madhusudan Ghee 1 L,1 L,2,30,8150,16300
2022-09-14,GA/2022-23/00342,FY2022-23,9,ACC-013,Krishna Sachdeva Enterprises,Khatauli,SM02,Sunil Tyagi,MSG-1L-15,Madhusudan Ghee 1 L,1 L,2,30,8150,16300
2022-09-14,GA/2022-23/00343,FY2022-23,9,ACC-059,Balaji Garg Agencies,Purqazi,SM04,Pankaj Verma,MSG-500-30,Madhusudan Ghee 500 ml,500 ml,1,15,8300,8300
2022-09-14,GA/2022-23/00344,FY2022-23,9,ACC-075,Krishna Bhardwaj Super Market,Charthawal,SM03,Amit Saini,MSG-500-30,Madhusudan Ghee 500 ml,500 ml,1,15,8300,8300
2022-09-14,GA/2022-23/00345,FY2022-23,9,ACC-109,Laxmi Goel Traders,Purqazi,SM04,Pankaj Verma,MSG-1L-15,Madhusudan Ghee 1 L,1 L,1,15,8150,8150
2022-09-15,GA/2022-23/00346,FY2022-23,9,ACC-002,New Dubey Marketing,Kairana,SM05,Deepak Rana,MSG-500-30,Madhusudan Ghee 500 ml,500 ml,3,45,8300,24900
2022-09-15,GA/2022-23/00347,FY2022-23,9,ACC-044,Mittal Marketing,Khatauli,SM02,Sunil Tyagi,MSG-1L-15,Madhusudan Ghee 1 L,1 L,1,15,8150,8150
2022-09-16,GA/2022-23/00348,FY2022-23,9,ACC-093,Maa Malik & Company,Charthawal,SM03,Amit Saini,MSG-200-75,Madhusudan Ghee 200 ml,200 ml,2,30,8450,16900
2022-09-16,GA/2022-23/00349,FY2022-23,9,ACC-105,Maa Singhal Enterprises,Miranpur,SM04,Pankaj Verma,MSG-1L-15,Madhusudan Ghee 1 L,1 L,2,30,8150,16300
2022-09-16,GA/2022-23/00350,FY2022-23,9,ACC-108,New Ahuja Distributors,Deoband,SM05,Deepak Rana,MSG-1L-15,Madhusudan Ghee 1 L,1 L,1,15,8150,8150
2022-09-17,GA/2022-23/00351,FY2022-23,9,ACC-002,New Dubey Marketing,Kairana,SM05,Deepak Rana,MSG-1L-15,Madhusudan Ghee 1 L,1 L,2,30,8150,16300
2022-09-17,GA/2022-23/00352,FY2022-23,9,ACC-022,Tandon & Company,Kairana,SM05,Deepak Rana,MSG-1L-15,Madhusudan Ghee 1 L,1 L,1,15,8150,8150
2022-09-19,GA/2022-23/00353,FY2022-23,9,ACC-001,Om Dubey Super Market,Muzaffarnagar,SM01,Rakesh Kumar,MSG-1L-15,Madhusudan Ghee 1 L,1 L,3,45,8150,24450
2022-09-19,GA/2022-23/00354,FY2022-23,9,ACC-033,Balaji Singhal Stores,Deoband,SM05,Deepak Rana,MSG-500-30,Madhusudan Ghee 500 ml,500 ml,1,15,8300,8300
2022-09-19,GA/2022-23/00355,FY2022-23,9,ACC-058,Balaji Tandon & Company,Miranpur,SM04,Pankaj Verma,MSG-500-30,Madhusudan Ghee 500 ml,500 ml,1,15,8300,8300
2022-09-19,GA/2022-23/00356,FY2022-23,9,ACC-127,Ganesh Mishra Marketing,Charthawal,SM03,Amit Saini,MSG-200-75,Madhusudan Ghee 200 ml,200 ml,2,30,8450,16900
2022-09-20,GA/2022-23/00357,FY2022-23,9,ACC-110,Laxmi Kansal & Sons,Kairana,SM05,Deepak Rana,MSG-1L-15,Madhusudan Ghee 1 L,1 L,1,15,8150,8150
2022-09-21,GA/2022-23/00358,FY2022-23,9,ACC-041,Chopra Traders,Purqazi,SM04,Pankaj Verma,MSG-1L-15,Madhusudan Ghee 1 L,1 L,1,15,8150,8150
2022-09-21,GA/2022-23/00359,FY2022-23,9,ACC-081,Jai Kapoor Super Market,Charthawal,SM03,Amit Saini,MSG-1L-15,Madhusudan Ghee 1 L,1 L,1,15,8150,8150
2022-09-22,GA/2022-23/00360,FY2022-23,9,ACC-051,Laxmi Sachdeva Traders,Jansath,SM03,Amit Saini,MSG-200-75,Madhusudan Ghee 200 ml,200 ml,1,15,8450,8450
2022-09-22,GA/2022-23/00361,FY2022-23,9,ACC-099,Balaji Garg Distributors,Khatauli,SM02,Sunil Tyagi,MSG-1L-15,Madhusudan Ghee 1 L,1 L,1,15,8150,8150
2022-09-23,GA/2022-23/00362,FY2022-23,9,ACC-045,Jai Yadav Sales Corporation,Miranpur,SM04,Pankaj Verma,MSG-1L-15,Madhusudan Ghee 1 L,1 L,1,15,8150,8150
2022-09-23,GA/2022-23/00363,FY2022-23,9,ACC-046,New Kapoor Traders,Kairana,SM05,Deepak Rana,MSG-1L-15,Madhusudan Ghee 1 L,1 L,1,15,8150,8150
2022-09-24,GA/2022-23/00364,FY2022-23,9,ACC-004,Jai Solanki Traders,Deoband,SM05,Deepak Rana,MSG-1L-15,Madhusudan Ghee 1 L,1 L,2,30,8150,16300
2022-09-24,GA/2022-23/00365,FY2022-23,9,ACC-005,Malhotra Dairy,Kairana,SM05,Deepak Rana,MSG-1L-15,Madhusudan Ghee 1 L,1 L,3,45,8150,24450
2022-09-24,GA/2022-23/00366,FY2022-23,9,ACC-012,Bhardwaj Dairy,Charthawal,SM03,Amit Saini,MSG-500-30,Madhusudan Ghee 500 ml,500 ml,1,15,8300,8300
2022-09-24,GA/2022-23/00367,FY2022-23,9,ACC-073,Maa Gupta Dairy,Jansath,SM03,Amit Saini,MSG-1L-15,Madhusudan Ghee 1 L,1 L,1,15,8150,8150
2022-09-26,GA/2022-23/00368,FY2022-23,9,ACC-009,Krishna Srivastava Agencies,Kairana,SM05,Deepak Rana,MSG-1L-15,Madhusudan Ghee 1 L,1 L,3,45,8150,24450
2022-09-26,GA/2022-23/00369,FY2022-23,9,ACC-068,Ganesh Saxena General Store,Shamli,SM01,Rakesh Kumar,MSG-1L-15,Madhusudan Ghee 1 L,1 L,1,15,8150,8150
2022-09-26,GA/2022-23/00370,FY2022-23,9,ACC-092,Bhardwaj Distributors,Purqazi,SM04,Pankaj Verma,MSG-1L-15,Madhusudan Ghee 1 L,1 L,1,15,8150,8150
2022-09-26,GA/2022-23/00371,FY2022-23,9,ACC-114,Sirohi Marketing,Muzaffarnagar,SM01,Rakesh Kumar,MSG-1L-15,Madhusudan Ghee 1 L,1 L,1,15,8150,8150
2022-09-26,GA/2022-23/00372,FY2022-23,9,ACC-120,Ganesh Kansal Provisions,Muzaffarnagar,SM01,Rakesh Kumar,MSG-500-30,Madhusudan Ghee 500 ml,500 ml,2,30,8300,16600
2022-09-26,GA/2022-23/00373,FY2022-23,9,ACC-141,Shri Wadhwa Sales Corporation,Muzaffarnagar,SM01,Rakesh Kumar,MSG-1L-15,Madhusudan Ghee 1 L,1 L,1,15,8150,8150
2022-09-28,GA/2022-23/00374,FY2022-23,9,ACC-006,Ganesh Jindal Dairy,Kairana,SM05,Deepak Rana,MSG-1L-15,Madhusudan Ghee 1 L,1 L,3,45,8150,24450
2022-09-28,GA/2022-23/00375,FY2022-23,9,ACC-054,Jai Goyal General Store,Miranpur,SM04,Pankaj Verma,MSG-500-30,Madhusudan Ghee 500 ml,500 ml,1,15,8300,8300
2022-09-29,GA/2022-23/00376,FY2022-23,9,ACC-019,Mishra Agencies,Muzaffarnagar,SM01,Rakesh Kumar,MSG-1L-15,Madhusudan Ghee 1 L,1 L,1,15,8150,8150
2022-09-29,GA/2022-23/00377,FY2022-23,9,ACC-036,Shree Saini Enterprises,Budhana,SM02,Sunil Tyagi,MSG-200-75,Madhusudan Ghee 200 ml,200 ml,1,15,8450,8450
2022-09-29,GA/2022-23/00378,FY2022-23,9,ACC-040,New Mishra Trading Co.,Shamli,SM01,Rakesh Kumar,MSG-200-75,Madhusudan Ghee 200 ml,200 ml,1,15,8450,8450
2022-09-29,GA/2022-23/00379,FY2022-23,9,ACC-117,Shri Khandelwal Sales Corporation,Deoband,SM05,Deepak Rana,MSG-1L-15,Madhusudan Ghee 1 L,1 L,1,15,8150,8150
2022-09-30,GA/2022-23/00380,FY2022-23,9,ACC-017,Maa Malik Enterprises,Kairana,SM05,Deepak Rana,MSG-1L-15,Madhusudan Ghee 1 L,1 L,1,15,8150,8150
2022-09-30,GA/2022-23/00381,FY2022-23,9,ACC-039,New Chopra Dairy,Deoband,SM05,Deepak Rana,MSG-200-75,Madhusudan Ghee 200 ml,200 ml,1,15,8450,8450
2022-09-30,GA/2022-23/00382,FY2022-23,9,ACC-049,Goyal General Store,Muzaffarnagar,SM01,Rakesh Kumar,MSG-200-75,Madhusudan Ghee 200 ml,200 ml,1,15,8450,8450
2022-10-01,GA/2022-23/00383,FY2022-23,10,ACC-059,Balaji Garg Agencies,Purqazi,SM04,Pankaj Verma,MSG-500-30,Madhusudan Ghee 500 ml,500 ml,1,15,8365,8365
2022-10-01,GA/2022-23/00384,FY2022-23,10,ACC-092,Bhardwaj Distributors,Purqazi,SM04,Pankaj Verma,MSG-500-30,Madhusudan Ghee 500 ml,500 ml,2,30,8365,16730
2022-10-04,GA/2022-23/00385,FY2022-23,10,ACC-030,Laxmi Sharma Stores,Jansath,SM03,Amit Saini,MSG-1L-15,Madhusudan Ghee 1 L,1 L,1,15,8215,8215
2022-10-04,GA/2022-23/00386,FY2022-23,10,ACC-106,Shree Ahuja & Company,Khatauli,SM02,Sunil Tyagi,MSG-200-75,Madhusudan Ghee 200 ml,200 ml,1,15,8520,8520
2022-10-05,GA/2022-23/00387,FY2022-23,10,ACC-045,Jai Yadav Sales Corporation,Miranpur,SM04,Pankaj Verma,MSG-500-30,Madhusudan Ghee 500 ml,500 ml,1,15,8365,8365
2022-10-05,GA/2022-23/00388,FY2022-23,10,ACC-047,Khurana Distributors,Jansath,SM03,Amit Saini,MSG-200-75,Madhusudan Ghee 200 ml,200 ml,1,15,8520,8520
2022-10-05,GA/2022-23/00389,FY2022-23,10,ACC-068,Ganesh Saxena General Store,Shamli,SM01,Rakesh Kumar,MSG-200-75,Madhusudan Ghee 200 ml,200 ml,1,15,8520,8520
2022-10-05,GA/2022-23/00390,FY2022-23,10,ACC-100,New Tandon Super Market,Khatauli,SM02,Sunil Tyagi,MSG-500-30,Madhusudan Ghee 500 ml,500 ml,1,15,8365,8365
2022-10-05,GA/2022-23/00391,FY2022-23,10,ACC-103,Wadhwa Enterprises,Budhana,SM02,Sunil Tyagi,MSG-200-75,Madhusudan Ghee 200 ml,200 ml,1,15,8520,8520
2022-10-05,GA/2022-23/00391,FY2022-23,10,ACC-103,Wadhwa Enterprises,Budhana,SM02,Sunil Tyagi,MSG-500-30,Madhusudan Ghee 500 ml,500 ml,1,15,8365,8365
2022-10-05,GA/2022-23/00392,FY2022-23,10,ACC-128,Shree Saxena General Store,Deoband,SM05,Deepak Rana,MSG-500-30,Madhusudan Ghee 500 ml,500 ml,1,15,8365,8365
2022-10-06,GA/2022-23/00393,FY2022-23,10,ACC-102,Shree Solanki Distributors,Kairana,SM05,Deepak Rana,MSG-500-30,Madhusudan Ghee 500 ml,500 ml,1,15,8365,8365
2022-10-06,GA/2022-23/00394,FY2022-23,10,ACC-119,Solanki Dairy,Deoband,SM05,Deepak Rana,MSG-1L-15,Madhusudan Ghee 1 L,1 L,2,30,8215,16430
2022-10-06,GA/2022-23/00394,FY2022-23,10,ACC-119,Solanki Dairy,Deoband,SM05,Deepak Rana,MSG-500-30,Madhusudan Ghee 500 ml,500 ml,1,15,8365,8365
2022-10-07,GA/2022-23/00395,FY2022-23,10,ACC-029,Balaji Rana Agencies,Khatauli,SM02,Sunil Tyagi,MSG-200-75,Madhusudan Ghee 200 ml,200 ml,1,15,8520,8520
2022-10-07,GA/2022-23/00396,FY2022-23,10,ACC-033,Balaji Singhal Stores,Deoband,SM05,Deepak Rana,MSG-500-30,Madhusudan Ghee 500 ml,500 ml,2,30,8365,16730
2022-10-08,GA/2022-23/00397,FY2022-23,10,ACC-108,New Ahuja Distributors,Deoband,SM05,Deepak Rana,MSG-1L-15,Madhusudan Ghee 1 L,1 L,1,15,8215,8215
2022-10-10,GA/2022-23/00398,FY2022-23,10,ACC-007,Om Pandey Distributors,Purqazi,SM04,Pankaj Verma,MSG-200-75,Madhusudan Ghee 200 ml,200 ml,3,45,8520,25560
2022-10-10,GA/2022-23/00399,FY2022-23,10,ACC-031,Laxmi Sirohi Super Market,Charthawal,SM03,Amit Saini,MSG-500-30,Madhusudan Ghee 500 ml,500 ml,2,30,8365,16730
2022-10-10,GA/2022-23/00400,FY2022-23,10,ACC-066,Dhingra Marketing,Muzaffarnagar,SM01,Rakesh Kumar,MSG-1L-15,Madhusudan Ghee 1 L,1 L,2,30,8215,16430
2022-10-10,GA/2022-23/00401,FY2022-23,10,ACC-097,New Mishra Distributors,Deoband,SM05,Deepak Rana,MSG-1L-15,Madhusudan Ghee 1 L,1 L,1,15,8215,8215
2022-10-10,GA/2022-23/00402,FY2022-23,10,ACC-098,Balaji Rana Distributors,Shamli,SM01,Rakesh Kumar,MSG-200-75,Madhusudan Ghee 200 ml,200 ml,1,15,8520,8520
2022-10-10,GA/2022-23/00403,FY2022-23,10,ACC-131,Jai Yadav Traders,Shamli,SM01,Rakesh Kumar,MSG-1L-15,Madhusudan Ghee 1 L,1 L,1,15,8215,8215
2022-10-11,GA/2022-23/00404,FY2022-23,10,ACC-005,Malhotra Dairy,Kairana,SM05,Deepak Rana,MSG-500-30,Madhusudan Ghee 500 ml,500 ml,3,45,8365,25095
2022-10-11,GA/2022-23/00405,FY2022-23,10,ACC-013,Krishna Sachdeva Enterprises,Khatauli,SM02,Sunil Tyagi,MSG-500-30,Madhusudan Ghee 500 ml,500 ml,2,30,8365,16730
2022-10-11,GA/2022-23/00406,FY2022-23,10,ACC-109,Laxmi Goel Traders,Purqazi,SM04,Pankaj Verma,MSG-1L-15,Madhusudan Ghee 1 L,1 L,2,30,8215,16430
2022-10-12,GA/2022-23/00407,FY2022-23,10,ACC-011,New Maheshwari Super Market,Kairana,SM05,Deepak Rana,MSG-1L-15,Madhusudan Ghee 1 L,1 L,2,30,8215,16430
2022-10-13,GA/2022-23/00408,FY2022-23,10,ACC-027,Shree Gupta & Sons,Miranpur,SM04,Pankaj Verma,MSG-200-75,Madhusudan Ghee 200 ml,200 ml,1,15,8520,8520
2022-10-13,GA/2022-23/00409,FY2022-23,10,ACC-065,Jai Garg Enterprises,Shamli,SM01,Rakesh Kumar,MSG-200-75,Madhusudan Ghee 200 ml,200 ml,1,15,8520,8520
2022-10-14,GA/2022-23/00410,FY2022-23,10,ACC-003,Krishna Khurana Provisions,Budhana,SM02,Sunil Tyagi,MSG-1L-15,Madhusudan Ghee 1 L,1 L,2,30,8215,16430
2022-10-14,GA/2022-23/00411,FY2022-23,10,ACC-012,Bhardwaj Dairy,Charthawal,SM03,Amit Saini,MSG-1L-15,Madhusudan Ghee 1 L,1 L,1,15,8215,8215
2022-10-14,GA/2022-23/00411,FY2022-23,10,ACC-012,Bhardwaj Dairy,Charthawal,SM03,Amit Saini,MSG-500-30,Madhusudan Ghee 500 ml,500 ml,1,15,8365,8365
2022-10-14,GA/2022-23/00412,FY2022-23,10,ACC-041,Chopra Traders,Purqazi,SM04,Pankaj Verma,MSG-1L-15,Madhusudan Ghee 1 L,1 L,1,15,8215,8215
2022-10-14,GA/2022-23/00413,FY2022-23,10,ACC-079,Maa Khurana Agencies,Muzaffarnagar,SM01,Rakesh Kumar,MSG-200-75,Madhusudan Ghee 200 ml,200 ml,1,15,8520,8520
2022-10-14,GA/2022-23/00414,FY2022-23,10,ACC-083,Maa Goel & Sons,Miranpur,SM04,Pankaj Verma,MSG-200-75,Madhusudan Ghee 200 ml,200 ml,1,15,8520,8520
2022-10-15,GA/2022-23/00415,FY2022-23,10,ACC-017,Maa Malik Enterprises,Kairana,SM05,Deepak Rana,MSG-200-75,Madhusudan Ghee 200 ml,200 ml,1,15,8520,8520
2022-10-15,GA/2022-23/00415,FY2022-23,10,ACC-017,Maa Malik Enterprises,Kairana,SM05,Deepak Rana,MSG-500-30,Madhusudan Ghee 500 ml,500 ml,2,30,8365,16730
2022-10-15,GA/2022-23/00416,FY2022-23,10,ACC-036,Shree Saini Enterprises,Budhana,SM02,Sunil Tyagi,MSG-200-75,Madhusudan Ghee 200 ml,200 ml,1,15,8520,8520
2022-10-15,GA/2022-23/00416,FY2022-23,10,ACC-036,Shree Saini Enterprises,Budhana,SM02,Sunil Tyagi,MSG-500-30,Madhusudan Ghee 500 ml,500 ml,1,15,8365,8365
2022-10-15,GA/2022-23/00417,FY2022-23,10,ACC-085,Laxmi Sirohi Marketing,Jansath,SM03,Amit Saini,MSG-200-75,Madhusudan Ghee 200 ml,200 ml,1,15,8520,8520
2022-10-17,GA/2022-23/00418,FY2022-23,10,ACC-001,Om Dubey Super Market,Muzaffarnagar,SM01,Rakesh Kumar,MSG-500-30,Madhusudan Ghee 500 ml,500 ml,3,45,8365,25095
2022-10-17,GA/2022-23/00419,FY2022-23,10,ACC-002,New Dubey Marketing,Kairana,SM05,Deepak Rana,MSG-200-75,Madhusudan Ghee 200 ml,200 ml,2,30,8520,17040
2022-10-17,GA/2022-23/00420,FY2022-23,10,ACC-009,Krishna Srivastava Agencies,Kairana,SM05,Deepak Rana,MSG-1L-15,Madhusudan Ghee 1 L,1 L,1,15,8215,8215
2022-10-17,GA/2022-23/00420,FY2022-23,10,ACC-009,Krishna Srivastava Agencies,Kairana,SM05,Deepak Rana,MSG-200-75,Madhusudan Ghee 200 ml,200 ml,1,15,8520,8520
2022-10-17,GA/2022-23/00421,FY2022-23,10,ACC-015,Wadhwa Super Market,Muzaffarnagar,SM01,Rakesh Kumar,MSG-200-75,Madhusudan Ghee 200 ml,200 ml,1,15,8520,8520
2022-10-17,GA/2022-23/00421,FY2022-23,10,ACC-015,Wadhwa Super Market,Muzaffarnagar,SM01,Rakesh Kumar,MSG-500-30,Madhusudan Ghee 500 ml,500 ml,1,15,8365,8365
2022-10-17,GA/2022-23/00422,FY2022-23,10,ACC-123,Ganesh Goel Distributors,Miranpur,SM04,Pankaj Verma,MSG-1L-15,Madhusudan Ghee 1 L,1 L,1,15,8215,8215
2022-10-18,GA/2022-23/00423,FY2022-23,10,ACC-063,Ganesh Kapoor Trading Co.,Charthawal,SM03,Amit Saini,MSG-1L-15,Madhusudan Ghee 1 L,1 L,1,15,8215,8215
2022-10-19,GA/2022-23/00424,FY2022-23,10,ACC-048,Maa Sharma Marketing,Budhana,SM02,Sunil Tyagi,MSG-500-30,Madhusudan Ghee 500 ml,500 ml,1,15,8365,8365
2022-10-19,GA/2022-23/00425,FY2022-23,10,ACC-091,Krishna Chaudhary Agencies,Kairana,SM05,Deepak Rana,MSG-1L-15,Madhusudan Ghee 1 L,1 L,1,15,8215,8215
2022-10-19,GA/2022-23/00426,FY2022-23,10,ACC-094,Singla Stores,Budhana,SM02,Sunil Tyagi,MSG-500-30,Madhusudan Ghee 500 ml,500 ml,1,15,8365,8365
2022-10-20,GA/2022-23/00427,FY2022-23,10,ACC-001,Om Dubey Super Market,Muzaffarnagar,SM01,Rakesh Kumar,MSG-1L-15,Madhusudan Ghee 1 L,1 L,3,45,8215,24645
2022-10-20,GA/2022-23/00428,FY2022-23,10,ACC-004,Jai Solanki Traders,Deoband,SM05,Deepak Rana,MSG-200-75,Madhusudan Ghee 200 ml,200 ml,3,45,8520,25560
2022-10-20,GA/2022-23/00429,FY2022-23,10,ACC-044,Mittal Marketing,Khatauli,SM02,Sunil Tyagi,MSG-500-30,Madhusudan Ghee 500 ml,500 ml,1,15,8365,8365
2022-10-20,GA/2022-23/00430,FY2022-23,10,ACC-062,Dubey General Store,Khatauli,SM02,Sunil Tyagi,MSG-1L-15,Madhusudan Ghee 1 L,1 L,1,15,8215,8215
2022-10-20,GA/2022-23/00431,FY2022-23,10,ACC-125,Balaji Tandon Provisions,Khatauli,SM02,Sunil Tyagi,MSG-500-30,Madhusudan Ghee 500 ml,500 ml,1,15,8365,8365
2022-10-21,GA/2022-23/00432,FY2022-23,10,ACC-003,Krishna Khurana Provisions,Budhana,SM02,Sunil Tyagi,MSG-1L-15,Madhusudan Ghee 1 L,1 L,1,15,8215,8215
2022-10-21,GA/2022-23/00432,FY2022-23,10,ACC-003,Krishna Khurana Provisions,Budhana,SM02,Sunil Tyagi,MSG-500-30,Madhusudan Ghee 500 ml,500 ml,1,15,8365,8365
2022-10-21,GA/2022-23/00433,FY2022-23,10,ACC-016,Ganesh Bhardwaj Trading Co.,Budhana,SM02,Sunil Tyagi,MSG-1L-15,Madhusudan Ghee 1 L,1 L,2,30,8215,16430
2022-10-21,GA/2022-23/00434,FY2022-23,10,ACC-135,Agarwal Traders,Khatauli,SM02,Sunil Tyagi,MSG-200-75,Madhusudan Ghee 200 ml,200 ml,1,15,8520,8520
2022-10-22,GA/2022-23/00435,FY2022-23,10,ACC-032,Goyal Super Market,Deoband,SM05,Deepak Rana,MSG-1L-15,Madhusudan Ghee 1 L,1 L,1,15,8215,8215
2022-10-22,GA/2022-23/00436,FY2022-23,10,ACC-042,Maa Sachdeva Agencies,Charthawal,SM03,Amit Saini,MSG-1L-15,Madhusudan Ghee 1 L,1 L,1,15,8215,8215
2022-10-24,GA/2022-23/00437,FY2022-23,10,ACC-005,Malhotra Dairy,Kairana,SM05,Deepak Rana,MSG-200-75,Madhusudan Ghee 200 ml,200 ml,3,45,8520,25560
2022-10-24,GA/2022-23/00438,FY2022-23,10,ACC-038,Krishna Saxena Provisions,Miranpur,SM04,Pankaj Verma,MSG-1L-15,Madhusudan Ghee 1 L,1 L,1,15,8215,8215
2022-10-24,GA/2022-23/00439,FY2022-23,10,ACC-049,Goyal General Store,Muzaffarnagar,SM01,Rakesh Kumar,MSG-1L-15,Madhusudan Ghee 1 L,1 L,2,30,8215,16430
2022-10-24,GA/2022-23/00440,FY2022-23,10,ACC-056,Bajaj Provisions,Deoband,SM05,Deepak Rana,MSG-1L-15,Madhusudan Ghee 1 L,1 L,1,15,8215,8215
2022-10-24,GA/2022-23/00441,FY2022-23,10,ACC-058,Balaji Tandon & Company,Miranpur,SM04,Pankaj Verma,MSG-1L-15,Madhusudan Ghee 1 L,1 L,1,15,8215,8215
2022-10-24,GA/2022-23/00442,FY2022-23,10,ACC-132,Shri Bhardwaj Sales Corporation,Miranpur,SM04,Pankaj Verma,MSG-1L-15,Madhusudan Ghee 1 L,1 L,1,15,8215,8215
2022-10-25,GA/2022-23/00443,FY2022-23,10,ACC-006,Ganesh Jindal Dairy,Kairana,SM05,Deepak Rana,MSG-1L-15,Madhusudan Ghee 1 L,1 L,2,30,8215,16430
2022-10-25,GA/2022-23/00444,FY2022-23,10,ACC-020,Krishna Bhardwaj Trading Co.,Khatauli,SM02,Sunil Tyagi,MSG-500-30,Madhusudan Ghee 500 ml,500 ml,1,15,8365,8365
2022-10-25,GA/2022-23/00445,FY2022-23,10,ACC-051,Laxmi Sachdeva Traders,Jansath,SM03,Amit Saini,MSG-500-30,Madhusudan Ghee 500 ml,500 ml,1,15,8365,8365
2022-10-25,GA/2022-23/00446,FY2022-23,10,ACC-093,Maa Malik & Company,Charthawal,SM03,Amit Saini,MSG-200-75,Madhusudan Ghee 200 ml,200 ml,3,45,8520,25560
2022-10-25,GA/2022-23/00447,FY2022-23,10,ACC-101,Shri Ahuja Enterprises,Miranpur,SM04,Pankaj Verma,MSG-200-75,Madhusudan Ghee 200 ml,200 ml,1,15,8520,8520
2022-10-25,GA/2022-23/00447,FY2022-23,10,ACC-101,Shri Ahuja Enterprises,Miranpur,SM04,Pankaj Verma,MSG-500-30,Madhusudan Ghee 500 ml,500 ml,1,15,8365,8365
2022-10-25,GA/2022-23/00448,FY2022-23,10,ACC-110,Laxmi Kansal & Sons,Kairana,SM05,Deepak Rana,MSG-1L-15,Madhusudan Ghee 1 L,1 L,3,45,8215,24645
2022-10-25,GA/2022-23/00449,FY2022-23,10,ACC-134,Jai Wadhwa Sales Corporation,Kairana,SM05,Deepak Rana,MSG-1L-15,Madhusudan Ghee 1 L,1 L,1,15,8215,8215
2022-10-25,GA/2022-23/00449,FY2022-23,10,ACC-134,Jai Wadhwa Sales Corporation,Kairana,SM05,Deepak Rana,MSG-500-30,Madhusudan Ghee 500 ml,500 ml,1,15,8365,8365
2022-10-26,GA/2022-23/00450,FY2022-23,10,ACC-002,New Dubey Marketing,Kairana,SM05,Deepak Rana,MSG-500-30,Madhusudan Ghee 500 ml,500 ml,2,30,8365,16730
2022-10-26,GA/2022-23/00451,FY2022-23,10,ACC-014,Maa Chopra Kirana Store,Khatauli,SM02,Sunil Tyagi,MSG-1L-15,Madhusudan Ghee 1 L,1 L,1,15,8215,8215
2022-10-26,GA/2022-23/00451,FY2022-23,10,ACC-014,Maa Chopra Kirana Store,Khatauli,SM02,Sunil Tyagi,MSG-500-30,Madhusudan Ghee 500 ml,500 ml,1,15,8365,8365
2022-10-26,GA/2022-23/00452,FY2022-23,10,ACC-018,Krishna Sharma Enterprises,Kairana,SM05,Deepak Rana,MSG-1L-15,Madhusudan Ghee 1 L,1 L,2,30,8215,16430
2022-10-26,GA/2022-23/00453,FY2022-23,10,ACC-022,Tandon & Company,Kairana,SM05,Deepak Rana,MSG-200-75,Madhusudan Ghee 200 ml,200 ml,1,15,8520,8520
2022-10-26,GA/2022-23/00454,FY2022-23,10,ACC-050,Jai Sachdeva & Company,Budhana,SM02,Sunil Tyagi,MSG-1L-15,Madhusudan Ghee 1 L,1 L,1,15,8215,8215
2022-10-26,GA/2022-23/00455,FY2022-23,10,ACC-061,Jai Srivastava General Store,Muzaffarnagar,SM01,Rakesh Kumar,MSG-1L-15,Madhusudan Ghee 1 L,1 L,1,15,8215,8215
2022-10-27,GA/2022-23/00456,FY2022-23,10,ACC-006,Ganesh Jindal Dairy,Kairana,SM05,Deepak Rana,MSG-200-75,Madhusudan Ghee 200 ml,200 ml,3,45,8520,25560
2022-10-27,GA/2022-23/00457,FY2022-23,10,ACC-008,Shree Maheshwari Enterprises,Shamli,SM01,Rakesh Kumar,MSG-1L-15,Madhusudan Ghee 1 L,1 L,1,15,8215,8215
2022-10-27,GA/2022-23/00457,FY2022-23,10,ACC-008,Shree Maheshwari Enterprises,Shamli,SM01,Rakesh Kumar,MSG-500-30,Madhusudan Ghee 500 ml,500 ml,2,30,8365,16730
2022-10-28,GA/2022-23/00458,FY2022-23,10,ACC-021,Shri Tandon Stores,Muzaffarnagar,SM01,Rakesh Kumar,MSG-200-75,Madhusudan Ghee 200 ml,200 ml,2,30,8520,17040
2022-10-28,GA/2022-23/00458,FY2022-23,10,ACC-021,Shri Tandon Stores,Muzaffarnagar,SM01,Rakesh Kumar,MSG-500-30,Madhusudan Ghee 500 ml,500 ml,1,15,8365,8365
2022-10-28,GA/2022-23/00459,FY2022-23,10,ACC-028,Srivastava Distributors,Jansath,SM03,Amit Saini,MSG-500-30,Madhusudan Ghee 500 ml,500 ml,1,15,8365,8365
2022-10-28,GA/2022-23/00460,FY2022-23,10,ACC-136,Shree Khandelwal Distributors,Jansath,SM03,Amit Saini,MSG-1L-15,Madhusudan Ghee 1 L,1 L,1,15,8215,8215
2022-10-28,GA/2022-23/00461,FY2022-23,10,ACC-139,Goel Trading Co.,Muzaffarnagar,SM01,Rakesh Kumar,MSG-500-30,Madhusudan Ghee 500 ml,500 ml,1,15,8365,8365
2022-10-29,GA/2022-23/00462,FY2022-23,10,ACC-025,Om Chaudhary Agencies,Budhana,SM02,Sunil Tyagi,MSG-500-30,Madhusudan Ghee 500 ml,500 ml,1,15,8365,8365
2022-10-29,GA/2022-23/00463,FY2022-23,10,ACC-090,Malik Stores,Miranpur,SM04,Pankaj Verma,MSG-500-30,Madhusudan Ghee 500 ml,500 ml,1,15,8365,8365
2022-10-31,GA/2022-23/00464,FY2022-23,10,ACC-004,Jai Solanki Traders,Deoband,SM05,Deepak Rana,MSG-1L-15,Madhusudan Ghee 1 L,1 L,3,45,8215,24645
2022-10-31,GA/2022-23/00464,FY2022-23,10,ACC-004,Jai Solanki Traders,Deoband,SM05,Deepak Rana,MSG-500-30,Madhusudan Ghee 500 ml,500 ml,2,30,8365,16730
2022-10-31,GA/2022-23/00465,FY2022-23,10,ACC-010,Shree Mishra Provisions,Muzaffarnagar,SM01,Rakesh Kumar,MSG-1L-15,Madhusudan Ghee 1 L,1 L,2,30,8215,16430
2022-10-31,GA/2022-23/00466,FY2022-23,10,ACC-075,Krishna Bhardwaj Super Market,Charthawal,SM03,Amit Saini,MSG-1L-15,Madhusudan Ghee 1 L,1 L,2,30,8215,16430
2022-10-31,GA/2022-23/00467,FY2022-23,10,ACC-082,Shree Kaushik Enterprises,Charthawal,SM03,Amit Saini,MSG-500-30,Madhusudan Ghee 500 ml,500 ml,1,15,8365,8365
2022-10-31,GA/2022-23/00468,FY2022-23,10,ACC-107,Ganesh Sachdeva Provisions,Charthawal,SM03,Amit Saini,MSG-1L-15,Madhusudan Ghee 1 L,1 L,1,15,8215,8215
2022-10-31,GA/2022-23/00469,FY2022-23,10,ACC-116,Shree Singla & Company,Miranpur,SM04,Pankaj Verma,MSG-500-30,Madhusudan Ghee 500 ml,500 ml,1,15,8365,8365
2022-11-01,GA/2022-23/00470,FY2022-23,11,ACC-017,Maa Malik Enterprises,Kairana,SM05,Deepak Rana,MSG-1L-15,Madhusudan Ghee 1 L,1 L,1,15,8245,8245
2022-11-01,GA/2022-23/00471,FY2022-23,11,ACC-036,Shree Saini Enterprises,Budhana,SM02,Sunil Tyagi,MSG-1L-15,Madhusudan Ghee 1 L,1 L,1,15,8245,8245
2022-11-01,GA/2022-23/00472,FY2022-23,11,ACC-041,Chopra Traders,Purqazi,SM04,Pankaj Verma,MSG-1L-15,Madhusudan Ghee 1 L,1 L,1,15,8245,8245
2022-11-02,GA/2022-23/00473,FY2022-23,11,ACC-059,Balaji Garg Agencies,Purqazi,SM04,Pankaj Verma,MSG-500-30,Madhusudan Ghee 500 ml,500 ml,1,15,8395,8395
2022-11-02,GA/2022-23/00474,FY2022-23,11,ACC-132,Shri Bhardwaj Sales Corporation,Miranpur,SM04,Pankaj Verma,MSG-200-75,Madhusudan Ghee 200 ml,200 ml,1,15,8550,8550
2022-11-02,GA/2022-23/00474,FY2022-23,11,ACC-132,Shri Bhardwaj Sales Corporation,Miranpur,SM04,Pankaj Verma,MSG-500-30,Madhusudan Ghee 500 ml,500 ml,1,15,8395,8395
2022-11-03,GA/2022-23/00475,FY2022-23,11,ACC-014,Maa Chopra Kirana Store,Khatauli,SM02,Sunil Tyagi,MSG-1L-15,Madhusudan Ghee 1 L,1 L,1,15,8245,8245
2022-11-03,GA/2022-23/00476,FY2022-23,11,ACC-019,Mishra Agencies,Muzaffarnagar,SM01,Rakesh Kumar,MSG-1L-15,Madhusudan Ghee 1 L,1 L,2,30,8245,16490
2022-11-03,GA/2022-23/00477,FY2022-23,11,ACC-068,Ganesh Saxena General Store,Shamli,SM01,Rakesh Kumar,MSG-200-75,Madhusudan Ghee 200 ml,200 ml,1,15,8550,8550
2022-11-04,GA/2022-23/00478,FY2022-23,11,ACC-045,Jai Yadav Sales Corporation,Miranpur,SM04,Pankaj Verma,MSG-200-75,Madhusudan Ghee 200 ml,200 ml,2,30,8550,17100
2022-11-04,GA/2022-23/00479,FY2022-23,11,ACC-101,Shri Ahuja Enterprises,Miranpur,SM04,Pankaj Verma,MSG-500-30,Madhusudan Ghee 500 ml,500 ml,1,15,8395,8395
2022-11-05,GA/2022-23/00480,FY2022-23,11,ACC-136,Shree Khandelwal Distributors,Jansath,SM03,Amit Saini,MSG-500-30,Madhusudan Ghee 500 ml,500 ml,1,15,8395,8395
2022-11-07,GA/2022-23/00481,FY2022-23,11,ACC-010,Shree Mishra Provisions,Muzaffarnagar,SM01,Rakesh Kumar,MSG-1L-15,Madhusudan Ghee 1 L,1 L,2,30,8245,16490
2022-11-07,GA/2022-23/00482,FY2022-23,11,ACC-040,New Mishra Trading Co.,Shamli,SM01,Rakesh Kumar,MSG-1L-15,Madhusudan Ghee 1 L,1 L,1,15,8245,8245
2022-11-07,GA/2022-23/00483,FY2022-23,11,ACC-051,Laxmi Sachdeva Traders,Jansath,SM03,Amit Saini,MSG-200-75,Madhusudan Ghee 200 ml,200 ml,1,15,8550,8550
2022-11-07,GA/2022-23/00484,FY2022-23,11,ACC-075,Krishna Bhardwaj Super Market,Charthawal,SM03,Amit Saini,MSG-200-75,Madhusudan Ghee 200 ml,200 ml,1,15,8550,8550
2022-11-07,GA/2022-23/00485,FY2022-23,11,ACC-093,Maa Malik & Company,Charthawal,SM03,Amit Saini,MSG-1L-15,Madhusudan Ghee 1 L,1 L,1,15,8245,8245
2022-11-07,GA/2022-23/00486,FY2022-23,11,ACC-105,Maa Singhal Enterprises,Miranpur,SM04,Pankaj Verma,MSG-200-75,Madhusudan Ghee 200 ml,200 ml,1,15,8550,8550
2022-11-07,GA/2022-23/00487,FY2022-23,11,ACC-123,Ganesh Goel Distributors,Miranpur,SM04,Pankaj Verma,MSG-500-30,Madhusudan Ghee 500 ml,500 ml,1,15,8395,8395
2022-11-08,GA/2022-23/00488,FY2022-23,11,ACC-061,Jai Srivastava General Store,Muzaffarnagar,SM01,Rakesh Kumar,MSG-200-75,Madhusudan Ghee 200 ml,200 ml,1,15,8550,8550
2022-11-08,GA/2022-23/00489,FY2022-23,11,ACC-141,Shri Wadhwa Sales Corporation,Muzaffarnagar,SM01,Rakesh Kumar,MSG-1L-15,Madhusudan Ghee 1 L,1 L,2,30,8245,16490
2022-11-09,GA/2022-23/00490,FY2022-23,11,ACC-001,Om Dubey Super Market,Muzaffarnagar,SM01,Rakesh Kumar,MSG-200-75,Madhusudan Ghee 200 ml,200 ml,3,45,8550,25650
2022-11-09,GA/2022-23/00491,FY2022-23,11,ACC-018,Krishna Sharma Enterprises,Kairana,SM05,Deepak Rana,MSG-500-30,Madhusudan Ghee 500 ml,500 ml,1,15,8395,8395
2022-11-09,GA/2022-23/00492,FY2022-23,11,ACC-042,Maa Sachdeva Agencies,Charthawal,SM03,Amit Saini,MSG-500-30,Madhusudan Ghee 500 ml,500 ml,1,15,8395,8395
2022-11-09,GA/2022-23/00493,FY2022-23,11,ACC-044,Mittal Marketing,Khatauli,SM02,Sunil Tyagi,MSG-1L-15,Madhusudan Ghee 1 L,1 L,1,15,8245,8245
2022-11-10,GA/2022-23/00494,FY2022-23,11,ACC-066,Dhingra Marketing,Muzaffarnagar,SM01,Rakesh Kumar,MSG-500-30,Madhusudan Ghee 500 ml,500 ml,1,15,8395,8395
2022-11-11,GA/2022-23/00495,FY2022-23,11,ACC-020,Krishna Bhardwaj Trading Co.,Khatauli,SM02,Sunil Tyagi,MSG-1L-15,Madhusudan Ghee 1 L,1 L,1,15,8245,8245
2022-11-11,GA/2022-23/00496,FY2022-23,11,ACC-032,Goyal Super Market,Deoband,SM05,Deepak Rana,MSG-1L-15,Madhusudan Ghee 1 L,1 L,1,15,8245,8245
2022-11-11,GA/2022-23/00496,FY2022-23,11,ACC-032,Goyal Super Market,Deoband,SM05,Deepak Rana,MSG-500-30,Madhusudan Ghee 500 ml,500 ml,1,15,8395,8395
2022-11-11,GA/2022-23/00497,FY2022-23,11,ACC-135,Agarwal Traders,Khatauli,SM02,Sunil Tyagi,MSG-200-75,Madhusudan Ghee 200 ml,200 ml,1,15,8550,8550
2022-11-12,GA/2022-23/00498,FY2022-23,11,ACC-103,Wadhwa Enterprises,Budhana,SM02,Sunil Tyagi,MSG-500-30,Madhusudan Ghee 500 ml,500 ml,1,15,8395,8395
2022-11-12,GA/2022-23/00499,FY2022-23,11,ACC-109,Laxmi Goel Traders,Purqazi,SM04,Pankaj Verma,MSG-200-75,Madhusudan Ghee 200 ml,200 ml,1,15,8550,8550
2022-11-14,GA/2022-23/00500,FY2022-23,11,ACC-007,Om Pandey Distributors,Purqazi,SM04,Pankaj Verma,MSG-1L-15,Madhusudan Ghee 1 L,1 L,3,45,8245,24735
2022-11-14,GA/2022-23/00501,FY2022-23,11,ACC-049,Goyal General Store,Muzaffarnagar,SM01,Rakesh Kumar,MSG-200-75,Madhusudan Ghee 200 ml,200 ml,1,15,8550,8550
2022-11-14,GA/2022-23/00502,FY2022-23,11,ACC-083,Maa Goel & Sons,Miranpur,SM04,Pankaj Verma,MSG-1L-15,Madhusudan Ghee 1 L,1 L,1,15,8245,8245
2022-11-14,GA/2022-23/00503,FY2022-23,11,ACC-118,Laxmi Rana & Sons,Budhana,SM02,Sunil Tyagi,MSG-1L-15,Madhusudan Ghee 1 L,1 L,1,15,8245,8245
2022-11-14,GA/2022-23/00504,FY2022-23,11,ACC-119,Solanki Dairy,Deoband,SM05,Deepak Rana,MSG-500-30,Madhusudan Ghee 500 ml,500 ml,1,15,8395,8395
2022-11-15,GA/2022-23/00505,FY2022-23,11,ACC-002,New Dubey Marketing,Kairana,SM05,Deepak Rana,MSG-1L-15,Madhusudan Ghee 1 L,1 L,3,45,8245,24735
2022-11-15,GA/2022-23/00506,FY2022-23,11,ACC-130,Maa Nagpal & Company,Deoband,SM05,Deepak Rana,MSG-200-75,Madhusudan Ghee 200 ml,200 ml,1,15,8550,8550
2022-11-16,GA/2022-23/00507,FY2022-23,11,ACC-009,Krishna Srivastava Agencies,Kairana,SM05,Deepak Rana,MSG-1L-15,Madhusudan Ghee 1 L,1 L,2,30,8245,16490
2022-11-16,GA/2022-23/00508,FY2022-23,11,ACC-013,Krishna Sachdeva Enterprises,Khatauli,SM02,Sunil Tyagi,MSG-1L-15,Madhusudan Ghee 1 L,1 L,2,30,8245,16490
2022-11-16,GA/2022-23/00509,FY2022-23,11,ACC-016,Ganesh Bhardwaj Trading Co.,Budhana,SM02,Sunil Tyagi,MSG-1L-15,Madhusudan Ghee 1 L,1 L,1,15,8245,8245
2022-11-16,GA/2022-23/00510,FY2022-23,11,ACC-084,Ganesh Saxena Distributors,Budhana,SM02,Sunil Tyagi,MSG-1L-15,Madhusudan Ghee 1 L,1 L,1,15,8245,8245
2022-11-16,GA/2022-23/00511,FY2022-23,11,ACC-100,New Tandon Super Market,Khatauli,SM02,Sunil Tyagi,MSG-1L-15,Madhusudan Ghee 1 L,1 L,1,15,8245,8245
2022-11-17,GA/2022-23/00512,FY2022-23,11,ACC-114,Sirohi Marketing,Muzaffarnagar,SM01,Rakesh Kumar,MSG-1L-15,Madhusudan Ghee 1 L,1 L,1,15,8245,8245
2022-11-18,GA/2022-23/00513,FY2022-23,11,ACC-006,Ganesh Jindal Dairy,Kairana,SM05,Deepak Rana,MSG-1L-15,Madhusudan Ghee 1 L,1 L,2,30,8245,16490
2022-11-18,GA/2022-23/00514,FY2022-23,11,ACC-079,Maa Khurana Agencies,Muzaffarnagar,SM01,Rakesh Kumar,MSG-200-75,Madhusudan Ghee 200 ml,200 ml,2,30,8550,17100
2022-11-19,GA/2022-23/00515,FY2022-23,11,ACC-033,Balaji Singhal Stores,Deoband,SM05,Deepak Rana,MSG-200-75,Madhusudan Ghee 200 ml,200 ml,2,30,8550,17100
2022-11-19,GA/2022-23/00516,FY2022-23,11,ACC-038,Krishna Saxena Provisions,Miranpur,SM04,Pankaj Verma,MSG-1L-15,Madhusudan Ghee 1 L,1 L,1,15,8245,8245
2022-11-21,GA/2022-23/00517,FY2022-23,11,ACC-003,Krishna Khurana Provisions,Budhana,SM02,Sunil Tyagi,MSG-500-30,Madhusudan Ghee 500 ml,500 ml,3,45,8395,25185
2022-11-21,GA/2022-23/00518,FY2022-23,11,ACC-005,Malhotra Dairy,Kairana,SM05,Deepak Rana,MSG-1L-15,Madhusudan Ghee 1 L,1 L,2,30,8245,16490
2022-11-21,GA/2022-23/00518,FY2022-23,11,ACC-005,Malhotra Dairy,Kairana,SM05,Deepak Rana,MSG-500-30,Madhusudan Ghee 500 ml,500 ml,2,30,8395,16790
2022-11-21,GA/2022-23/00519,FY2022-23,11,ACC-011,New Maheshwari Super Market,Kairana,SM05,Deepak Rana,MSG-200-75,Madhusudan Ghee 200 ml,200 ml,1,15,8550,8550
2022-11-21,GA/2022-23/00520,FY2022-23,11,ACC-015,Wadhwa Super Market,Muzaffarnagar,SM01,Rakesh Kumar,MSG-200-75,Madhusudan Ghee 200 ml,200 ml,1,15,8550,8550
2022-11-21,GA/2022-23/00521,FY2022-23,11,ACC-025,Om Chaudhary Agencies,Budhana,SM02,Sunil Tyagi,MSG-1L-15,Madhusudan Ghee 1 L,1 L,1,15,8245,8245
2022-11-21,GA/2022-23/00522,FY2022-23,11,ACC-108,New Ahuja Distributors,Deoband,SM05,Deepak Rana,MSG-200-75,Madhusudan Ghee 200 ml,200 ml,1,15,8550,8550
2022-11-22,GA/2022-23/00523,FY2022-23,11,ACC-063,Ganesh Kapoor Trading Co.,Charthawal,SM03,Amit Saini,MSG-1L-15,Madhusudan Ghee 1 L,1 L,1,15,8245,8245
2022-11-22,GA/2022-23/00524,FY2022-23,11,ACC-102,Shree Solanki Distributors,Kairana,SM05,Deepak Rana,MSG-200-75,Madhusudan Ghee 200 ml,200 ml,1,15,8550,8550
2022-11-23,GA/2022-23/00525,FY2022-23,11,ACC-022,Tandon & Company,Kairana,SM05,Deepak Rana,MSG-200-75,Madhusudan Ghee 200 ml,200 ml,1,15,8550,8550
2022-11-23,GA/2022-23/00526,FY2022-23,11,ACC-065,Jai Garg Enterprises,Shamli,SM01,Rakesh Kumar,MSG-1L-15,Madhusudan Ghee 1 L,1 L,1,15,8245,8245
2022-11-23,GA/2022-23/00526,FY2022-23,11,ACC-065,Jai Garg Enterprises,Shamli,SM01,Rakesh Kumar,MSG-500-30,Madhusudan Ghee 500 ml,500 ml,1,15,8395,8395
2022-11-23,GA/2022-23/00527,FY2022-23,11,ACC-085,Laxmi Sirohi Marketing,Jansath,SM03,Amit Saini,MSG-1L-15,Madhusudan Ghee 1 L,1 L,1,15,8245,8245
2022-11-23,GA/2022-23/00528,FY2022-23,11,ACC-091,Krishna Chaudhary Agencies,Kairana,SM05,Deepak Rana,MSG-200-75,Madhusudan Ghee 200 ml,200 ml,1,15,8550,8550
2022-11-24,GA/2022-23/00529,FY2022-23,11,ACC-008,Shree Maheshwari Enterprises,Shamli,SM01,Rakesh Kumar,MSG-500-30,Madhusudan Ghee 500 ml,500 ml,4,60,8395,33580
2022-11-25,GA/2022-23/00530,FY2022-23,11,ACC-021,Shri Tandon Stores,Muzaffarnagar,SM01,Rakesh Kumar,MSG-1L-15,Madhusudan Ghee 1 L,1 L,1,15,8245,8245
2022-11-25,GA/2022-23/00531,FY2022-23,11,ACC-027,Shree Gupta & Sons,Miranpur,SM04,Pankaj Verma,MSG-500-30,Madhusudan Ghee 500 ml,500 ml,1,15,8395,8395
2022-11-25,GA/2022-23/00532,FY2022-23,11,ACC-029,Balaji Rana Agencies,Khatauli,SM02,Sunil Tyagi,MSG-1L-15,Madhusudan Ghee 1 L,1 L,1,15,8245,8245
2022-11-25,GA/2022-23/00533,FY2022-23,11,ACC-054,Jai Goyal General Store,Miranpur,SM04,Pankaj Verma,MSG-1L-15,Madhusudan Ghee 1 L,1 L,1,15,8245,8245
2022-11-25,GA/2022-23/00534,FY2022-23,11,ACC-107,Ganesh Sachdeva Provisions,Charthawal,SM03,Amit Saini,MSG-500-30,Madhusudan Ghee 500 ml,500 ml,1,15,8395,8395
2022-11-25,GA/2022-23/00535,FY2022-23,11,ACC-127,Ganesh Mishra Marketing,Charthawal,SM03,Amit Saini,MSG-1L-15,Madhusudan Ghee 1 L,1 L,1,15,8245,8245
2022-11-26,GA/2022-23/00536,FY2022-23,11,ACC-026,Krishna Goel Marketing,Shamli,SM01,Rakesh Kumar,MSG-500-30,Madhusudan Ghee 500 ml,500 ml,1,15,8395,8395
2022-11-28,GA/2022-23/00537,FY2022-23,11,ACC-012,Bhardwaj Dairy,Charthawal,SM03,Amit Saini,MSG-1L-15,Madhusudan Ghee 1 L,1 L,1,15,8245,8245
2022-11-28,GA/2022-23/00537,FY2022-23,11,ACC-012,Bhardwaj Dairy,Charthawal,SM03,Amit Saini,MSG-500-30,Madhusudan Ghee 500 ml,500 ml,1,15,8395,8395
2022-11-28,GA/2022-23/00538,FY2022-23,11,ACC-023,Agarwal Distributors,Jansath,SM03,Amit Saini,MSG-500-30,Madhusudan Ghee 500 ml,500 ml,1,15,8395,8395
2022-11-28,GA/2022-23/00539,FY2022-23,11,ACC-031,Laxmi Sirohi Super Market,Charthawal,SM03,Amit Saini,MSG-1L-15,Madhusudan Ghee 1 L,1 L,3,45,8245,24735
2022-11-28,GA/2022-23/00540,FY2022-23,11,ACC-074,Jai Bajaj Stores,Khatauli,SM02,Sunil Tyagi,MSG-200-75,Madhusudan Ghee 200 ml,200 ml,1,15,8550,8550
2022-11-28,GA/2022-23/00541,FY2022-23,11,ACC-128,Shree Saxena General Store,Deoband,SM05,Deepak Rana,MSG-1L-15,Madhusudan Ghee 1 L,1 L,1,15,8245,8245
2022-11-29,GA/2022-23/00542,FY2022-23,11,ACC-087,Khurana & Sons,Khatauli,SM02,Sunil Tyagi,MSG-500-30,Madhusudan Ghee 500 ml,500 ml,1,15,8395,8395
2022-11-29,GA/2022-23/00543,FY2022-23,11,ACC-112,Om Goyal Kirana Store,Muzaffarnagar,SM01,Rakesh Kumar,MSG-1L-15,Madhusudan Ghee 1 L,1 L,1,15,8245,8245
2022-11-30,GA/2022-23/00544,FY2022-23,11,ACC-028,Srivastava Distributors,Jansath,SM03,Amit Saini,MSG-200-75,Madhusudan Ghee 200 ml,200 ml,1,15,8550,8550
2022-11-30,GA/2022-23/00545,FY2022-23,11,ACC-097,New Mishra Distributors,Deoband,SM05,Deepak Rana,MSG-500-30,Madhusudan Ghee 500 ml,500 ml,1,15,8395,8395
2022-12-01,GA/2022-23/00546,FY2022-23,12,ACC-051,Laxmi Sachdeva Traders,Jansath,SM03,Amit Saini,MSG-1L-15,Madhusudan Ghee 1 L,1 L,1,15,8245,8245
2022-12-02,GA/2022-23/00547,FY2022-23,12,ACC-028,Srivastava Distributors,Jansath,SM03,Amit Saini,MSG-1L-15,Madhusudan Ghee 1 L,1 L,1,15,8245,8245
2022-12-02,GA/2022-23/00548,FY2022-23,12,ACC-042,Maa Sachdeva Agencies,Charthawal,SM03,Amit Saini,MSG-1L-15,Madhusudan Ghee 1 L,1 L,1,15,8245,8245
2022-12-02,GA/2022-23/00549,FY2022-23,12,ACC-068,Ganesh Saxena General Store,Shamli,SM01,Rakesh Kumar,MSG-1L-15,Madhusudan Ghee 1 L,1 L,1,15,8245,8245
2022-12-02,GA/2022-23/00550,FY2022-23,12,ACC-100,New Tandon Super Market,Khatauli,SM02,Sunil Tyagi,MSG-1L-15,Madhusudan Ghee 1 L,1 L,1,15,8245,8245
2022-12-03,GA/2022-23/00551,FY2022-23,12,ACC-027,Shree Gupta & Sons,Miranpur,SM04,Pankaj Verma,MSG-1L-15,Madhusudan Ghee 1 L,1 L,1,15,8245,8245
2022-12-03,GA/2022-23/00552,FY2022-23,12,ACC-062,Dubey General Store,Khatauli,SM02,Sunil Tyagi,MSG-1L-15,Madhusudan Ghee 1 L,1 L,2,30,8245,16490
2022-12-03,GA/2022-23/00553,FY2022-23,12,ACC-114,Sirohi Marketing,Muzaffarnagar,SM01,Rakesh Kumar,MSG-200-75,Madhusudan Ghee 200 ml,200 ml,1,15,8550,8550
2022-12-05,GA/2022-23/00554,FY2022-23,12,ACC-019,Mishra Agencies,Muzaffarnagar,SM01,Rakesh Kumar,MSG-1L-15,Madhusudan Ghee 1 L,1 L,1,15,8245,8245
2022-12-05,GA/2022-23/00555,FY2022-23,12,ACC-021,Shri Tandon Stores,Muzaffarnagar,SM01,Rakesh Kumar,MSG-1L-15,Madhusudan Ghee 1 L,1 L,1,15,8245,8245
2022-12-05,GA/2022-23/00556,FY2022-23,12,ACC-056,Bajaj Provisions,Deoband,SM05,Deepak Rana,MSG-1L-15,Madhusudan Ghee 1 L,1 L,1,15,8245,8245
2022-12-05,GA/2022-23/00557,FY2022-23,12,ACC-061,Jai Srivastava General Store,Muzaffarnagar,SM01,Rakesh Kumar,MSG-200-75,Madhusudan Ghee 200 ml,200 ml,1,15,8550,8550
2022-12-06,GA/2022-23/00558,FY2022-23,12,ACC-013,Krishna Sachdeva Enterprises,Khatauli,SM02,Sunil Tyagi,MSG-1L-15,Madhusudan Ghee 1 L,1 L,1,15,8245,8245
2022-12-06,GA/2022-23/00558,FY2022-23,12,ACC-013,Krishna Sachdeva Enterprises,Khatauli,SM02,Sunil Tyagi,MSG-500-30,Madhusudan Ghee 500 ml,500 ml,1,15,8395,8395
2022-12-06,GA/2022-23/00559,FY2022-23,12,ACC-015,Wadhwa Super Market,Muzaffarnagar,SM01,Rakesh Kumar,MSG-1L-15,Madhusudan Ghee 1 L,1 L,1,15,8245,8245
2022-12-06,GA/2022-23/00560,FY2022-23,12,ACC-050,Jai Sachdeva & Company,Budhana,SM02,Sunil Tyagi,MSG-500-30,Madhusudan Ghee 500 ml,500 ml,1,15,8395,8395
2022-12-06,GA/2022-23/00561,FY2022-23,12,ACC-058,Balaji Tandon & Company,Miranpur,SM04,Pankaj Verma,MSG-200-75,Madhusudan Ghee 200 ml,200 ml,1,15,8550,8550
2022-12-06,GA/2022-23/00562,FY2022-23,12,ACC-101,Shri Ahuja Enterprises,Miranpur,SM04,Pankaj Verma,MSG-200-75,Madhusudan Ghee 200 ml,200 ml,1,15,8550,8550
2022-12-07,GA/2022-23/00563,FY2022-23,12,ACC-007,Om Pandey Distributors,Purqazi,SM04,Pankaj Verma,MSG-1L-15,Madhusudan Ghee 1 L,1 L,3,45,8245,24735
2022-12-07,GA/2022-23/00564,FY2022-23,12,ACC-020,Krishna Bhardwaj Trading Co.,Khatauli,SM02,Sunil Tyagi,MSG-1L-15,Madhusudan Ghee 1 L,1 L,1,15,8245,8245
2022-12-08,GA/2022-23/00565,FY2022-23,12,ACC-031,Laxmi Sirohi Super Market,Charthawal,SM03,Amit Saini,MSG-500-30,Madhusudan Ghee 500 ml,500 ml,2,30,8395,16790
2022-12-08,GA/2022-23/00566,FY2022-23,12,ACC-103,Wadhwa Enterprises,Budhana,SM02,Sunil Tyagi,MSG-1L-15,Madhusudan Ghee 1 L,1 L,1,15,8245,8245
2022-12-09,GA/2022-23/00567,FY2022-23,12,ACC-047,Khurana Distributors,Jansath,SM03,Amit Saini,MSG-1L-15,Madhusudan Ghee 1 L,1 L,1,15,8245,8245
2022-12-09,GA/2022-23/00568,FY2022-23,12,ACC-135,Agarwal Traders,Khatauli,SM02,Sunil Tyagi,MSG-1L-15,Madhusudan Ghee 1 L,1 L,1,15,8245,8245
2022-12-10,GA/2022-23/00569,FY2022-23,12,ACC-001,Om Dubey Super Market,Muzaffarnagar,SM01,Rakesh Kumar,MSG-1L-15,Madhusudan Ghee 1 L,1 L,2,30,8245,16490
2022-12-10,GA/2022-23/00570,FY2022-23,12,ACC-018,Krishna Sharma Enterprises,Kairana,SM05,Deepak Rana,MSG-1L-15,Madhusudan Ghee 1 L,1 L,1,15,8245,8245
2022-12-12,GA/2022-23/00571,FY2022-23,12,ACC-003,Krishna Khurana Provisions,Budhana,SM02,Sunil Tyagi,MSG-500-30,Madhusudan Ghee 500 ml,500 ml,3,45,8395,25185
2022-12-12,GA/2022-23/00572,FY2022-23,12,ACC-004,Jai Solanki Traders,Deoband,SM05,Deepak Rana,MSG-1L-15,Madhusudan Ghee 1 L,1 L,2,30,8245,16490
2022-12-12,GA/2022-23/00573,FY2022-23,12,ACC-083,Maa Goel & Sons,Miranpur,SM04,Pankaj Verma,MSG-1L-15,Madhusudan Ghee 1 L,1 L,1,15,8245,8245
2022-12-12,GA/2022-23/00574,FY2022-23,12,ACC-091,Krishna Chaudhary Agencies,Kairana,SM05,Deepak Rana,MSG-1L-15,Madhusudan Ghee 1 L,1 L,1,15,8245,8245
2022-12-12,GA/2022-23/00574,FY2022-23,12,ACC-091,Krishna Chaudhary Agencies,Kairana,SM05,Deepak Rana,MSG-200-75,Madhusudan Ghee 200 ml,200 ml,1,15,8550,8550
2022-12-12,GA/2022-23/00575,FY2022-23,12,ACC-142,Om Srivastava & Company,Kairana,SM05,Deepak Rana,MSG-200-75,Madhusudan Ghee 200 ml,200 ml,1,15,8550,8550
2022-12-13,GA/2022-23/00576,FY2022-23,12,ACC-079,Maa Khurana Agencies,Muzaffarnagar,SM01,Rakesh Kumar,MSG-500-30,Madhusudan Ghee 500 ml,500 ml,1,15,8395,8395
2022-12-14,GA/2022-23/00577,FY2022-23,12,ACC-049,Goyal General Store,Muzaffarnagar,SM01,Rakesh Kumar,MSG-1L-15,Madhusudan Ghee 1 L,1 L,1,15,8245,8245
2022-12-14,GA/2022-23/00577,FY2022-23,12,ACC-049,Goyal General Store,Muzaffarnagar,SM01,Rakesh Kumar,MSG-500-30,Madhusudan Ghee 500 ml,500 ml,1,15,8395,8395
2022-12-14,GA/2022-23/00578,FY2022-23,12,ACC-102,Shree Solanki Distributors,Kairana,SM05,Deepak Rana,MSG-1L-15,Madhusudan Ghee 1 L,1 L,1,15,8245,8245
2022-12-14,GA/2022-23/00579,FY2022-23,12,ACC-108,New Ahuja Distributors,Deoband,SM05,Deepak Rana,MSG-1L-15,Madhusudan Ghee 1 L,1 L,1,15,8245,8245
2022-12-14,GA/2022-23/00579,FY2022-23,12,ACC-108,New Ahuja Distributors,Deoband,SM05,Deepak Rana,MSG-500-30,Madhusudan Ghee 500 ml,500 ml,1,15,8395,8395
2022-12-14,GA/2022-23/00580,FY2022-23,12,ACC-118,Laxmi Rana & Sons,Budhana,SM02,Sunil Tyagi,MSG-1L-15,Madhusudan Ghee 1 L,1 L,1,15,8245,8245
2022-12-16,GA/2022-23/00581,FY2022-23,12,ACC-121,New Yadav Trading Co.,Miranpur,SM04,Pankaj Verma,MSG-500-30,Madhusudan Ghee 500 ml,500 ml,1,15,8395,8395
2022-12-16,GA/2022-23/00582,FY2022-23,12,ACC-125,Balaji Tandon Provisions,Khatauli,SM02,Sunil Tyagi,MSG-1L-15,Madhusudan Ghee 1 L,1 L,1,15,8245,8245
2022-12-17,GA/2022-23/00583,FY2022-23,12,ACC-115,Sethi Super Market,Budhana,SM02,Sunil Tyagi,MSG-500-30,Madhusudan Ghee 500 ml,500 ml,2,30,8395,16790
2022-12-19,GA/2022-23/00584,FY2022-23,12,ACC-022,Tandon & Company,Kairana,SM05,Deepak Rana,MSG-1L-15,Madhusudan Ghee 1 L,1 L,1,15,8245,8245
2022-12-19,GA/2022-23/00585,FY2022-23,12,ACC-029,Balaji Rana Agencies,Khatauli,SM02,Sunil Tyagi,MSG-500-30,Madhusudan Ghee 500 ml,500 ml,1,15,8395,8395
2022-12-19,GA/2022-23/00586,FY2022-23,12,ACC-032,Goyal Super Market,Deoband,SM05,Deepak Rana,MSG-1L-15,Madhusudan Ghee 1 L,1 L,1,15,8245,8245
2022-12-19,GA/2022-23/00586,FY2022-23,12,ACC-032,Goyal Super Market,Deoband,SM05,Deepak Rana,MSG-500-30,Madhusudan Ghee 500 ml,500 ml,1,15,8395,8395
2022-12-19,GA/2022-23/00587,FY2022-23,12,ACC-048,Maa Sharma Marketing,Budhana,SM02,Sunil Tyagi,MSG-1L-15,Madhusudan Ghee 1 L,1 L,1,15,8245,8245
2022-12-19,GA/2022-23/00588,FY2022-23,12,ACC-059,Balaji Garg Agencies,Purqazi,SM04,Pankaj Verma,MSG-1L-15,Madhusudan Ghee 1 L,1 L,1,15,8245,8245
2022-12-19,GA/2022-23/00589,FY2022-23,12,ACC-063,Ganesh Kapoor Trading Co.,Charthawal,SM03,Amit Saini,MSG-200-75,Madhusudan Ghee 200 ml,200 ml,1,15,8550,8550
2022-12-19,GA/2022-23/00589,FY2022-23,12,ACC-063,Ganesh Kapoor Trading Co.,Charthawal,SM03,Amit Saini,MSG-500-30,Madhusudan Ghee 500 ml,500 ml,1,15,8395,8395
2022-12-19,GA/2022-23/00590,FY2022-23,12,ACC-081,Jai Kapoor Super Market,Charthawal,SM03,Amit Saini,MSG-1L-15,Madhusudan Ghee 1 L,1 L,1,15,8245,8245
2022-12-19,GA/2022-23/00591,FY2022-23,12,ACC-110,Laxmi Kansal & Sons,Kairana,SM05,Deepak Rana,MSG-1L-15,Madhusudan Ghee 1 L,1 L,1,15,8245,8245
2022-12-19,GA/2022-23/00592,FY2022-23,12,ACC-127,Ganesh Mishra Marketing,Charthawal,SM03,Amit Saini,MSG-1L-15,Madhusudan Ghee 1 L,1 L,1,15,8245,8245
2022-12-20,GA/2022-23/00593,FY2022-23,12,ACC-001,Om Dubey Super Market,Muzaffarnagar,SM01,Rakesh Kumar,MSG-500-30,Madhusudan Ghee 500 ml,500 ml,2,30,8395,16790
2022-12-20,GA/2022-23/00594,FY2022-23,12,ACC-004,Jai Solanki Traders,Deoband,SM05,Deepak Rana,MSG-200-75,Madhusudan Ghee 200 ml,200 ml,4,60,8550,34200
2022-12-20,GA/2022-23/00595,FY2022-23,12,ACC-009,Krishna Srivastava Agencies,Kairana,SM05,Deepak Rana,MSG-200-75,Madhusudan Ghee 200 ml,200 ml,1,15,8550,8550
2022-12-20,GA/2022-23/00595,FY2022-23,12,ACC-009,Krishna Srivastava Agencies,Kairana,SM05,Deepak Rana,MSG-500-30,Madhusudan Ghee 500 ml,500 ml,1,15,8395,8395
2022-12-20,GA/2022-23/00596,FY2022-23,12,ACC-012,Bhardwaj Dairy,Charthawal,SM03,Amit Saini,MSG-200-75,Madhusudan Ghee 200 ml,200 ml,1,15,8550,8550
2022-12-20,GA/2022-23/00597,FY2022-23,12,ACC-023,Agarwal Distributors,Jansath,SM03,Amit Saini,MSG-500-30,Madhusudan Ghee 500 ml,500 ml,1,15,8395,8395
2022-12-20,GA/2022-23/00598,FY2022-23,12,ACC-038,Krishna Saxena Provisions,Miranpur,SM04,Pankaj Verma,MSG-500-30,Madhusudan Ghee 500 ml,500 ml,1,15,8395,8395
2022-12-20,GA/2022-23/00599,FY2022-23,12,ACC-040,New Mishra Trading Co.,Shamli,SM01,Rakesh Kumar,MSG-1L-15,Madhusudan Ghee 1 L,1 L,1,15,8245,8245
2022-12-20,GA/2022-23/00600,FY2022-23,12,ACC-041,Chopra Traders,Purqazi,SM04,Pankaj Verma,MSG-1L-15,Madhusudan Ghee 1 L,1 L,1,15,8245,8245
2022-12-20,GA/2022-23/00601,FY2022-23,12,ACC-054,Jai Goyal General Store,Miranpur,SM04,Pankaj Verma,MSG-500-30,Madhusudan Ghee 500 ml,500 ml,1,15,8395,8395
2022-12-21,GA/2022-23/00602,FY2022-23,12,ACC-099,Balaji Garg Distributors,Khatauli,SM02,Sunil Tyagi,MSG-200-75,Madhusudan Ghee 200 ml,200 ml,1,15,8550,8550
2022-12-22,GA/2022-23/00603,FY2022-23,12,ACC-005,Malhotra Dairy,Kairana,SM05,Deepak Rana,MSG-1L-15,Madhusudan Ghee 1 L,1 L,5,75,8245,41225
2022-12-22,GA/2022-23/00604,FY2022-23,12,ACC-010,Shree Mishra Provisions,Muzaffarnagar,SM01,Rakesh Kumar,MSG-200-75,Madhusudan Ghee 200 ml,200 ml,2,30,8550,17100
2022-12-24,GA/2022-23/00605,FY2022-23,12,ACC-080,Malhotra Enterprises,Kairana,SM05,Deepak Rana,MSG-500-30,Madhusudan Ghee 500 ml,500 ml,2,30,8395,16790
2022-12-24,GA/2022-23/00606,FY2022-23,12,ACC-120,Ganesh Kansal Provisions,Muzaffarnagar,SM01,Rakesh Kumar,MSG-1L-15,Madhusudan Ghee 1 L,1 L,1,15,8245,8245
2022-12-26,GA/2022-23/00607,FY2022-23,12,ACC-008,Shree Maheshwari Enterprises,Shamli,SM01,Rakesh Kumar,MSG-1L-15,Madhusudan Ghee 1 L,1 L,2,30,8245,16490
2022-12-26,GA/2022-23/00608,FY2022-23,12,ACC-138,Ganesh Gupta Trading Co.,Muzaffarnagar,SM01,Rakesh Kumar,MSG-1L-15,Madhusudan Ghee 1 L,1 L,1,15,8245,8245
2022-12-27,GA/2022-23/00609,FY2022-23,12,ACC-016,Ganesh Bhardwaj Trading Co.,Budhana,SM02,Sunil Tyagi,MSG-200-75,Madhusudan Ghee 200 ml,200 ml,1,15,8550,8550
2022-12-27,GA/2022-23/00610,FY2022-23,12,ACC-039,New Chopra Dairy,Deoband,SM05,Deepak Rana,MSG-200-75,Madhusudan Ghee 200 ml,200 ml,1,15,8550,8550
2022-12-27,GA/2022-23/00611,FY2022-23,12,ACC-066,Dhingra Marketing,Muzaffarnagar,SM01,Rakesh Kumar,MSG-1L-15,Madhusudan Ghee 1 L,1 L,2,30,8245,16490
2022-12-28,GA/2022-23/00612,FY2022-23,12,ACC-109,Laxmi Goel Traders,Purqazi,SM04,Pankaj Verma,MSG-1L-15,Madhusudan Ghee 1 L,1 L,1,15,8245,8245
2022-12-29,GA/2022-23/00613,FY2022-23,12,ACC-006,Ganesh Jindal Dairy,Kairana,SM05,Deepak Rana,MSG-500-30,Madhusudan Ghee 500 ml,500 ml,3,45,8395,25185
2022-12-29,GA/2022-23/00614,FY2022-23,12,ACC-036,Shree Saini Enterprises,Budhana,SM02,Sunil Tyagi,MSG-1L-15,Madhusudan Ghee 1 L,1 L,1,15,8245,8245
2022-12-29,GA/2022-23/00615,FY2022-23,12,ACC-116,Shree Singla & Company,Miranpur,SM04,Pankaj Verma,MSG-1L-15,Madhusudan Ghee 1 L,1 L,1,15,8245,8245
2022-12-30,GA/2022-23/00616,FY2022-23,12,ACC-011,New Maheshwari Super Market,Kairana,SM05,Deepak Rana,MSG-500-30,Madhusudan Ghee 500 ml,500 ml,1,15,8395,8395
2022-12-30,GA/2022-23/00617,FY2022-23,12,ACC-033,Balaji Singhal Stores,Deoband,SM05,Deepak Rana,MSG-1L-15,Madhusudan Ghee 1 L,1 L,1,15,8245,8245
2022-12-30,GA/2022-23/00617,FY2022-23,12,ACC-033,Balaji Singhal Stores,Deoband,SM05,Deepak Rana,MSG-500-30,Madhusudan Ghee 500 ml,500 ml,1,15,8395,8395
2022-12-31,GA/2022-23/00618,FY2022-23,12,ACC-129,Maheshwari & Sons,Miranpur,SM04,Pankaj Verma,MSG-1L-15,Madhusudan Ghee 1 L,1 L,1,15,8245,8245
2023-01-02,GA/2022-23/00619,FY2022-23,1,ACC-008,Shree Maheshwari Enterprises,Shamli,SM01,Rakesh Kumar,MSG-500-30,Madhusudan Ghee 500 ml,500 ml,2,30,8395,16790
2023-01-02,GA/2022-23/00620,FY2022-23,1,ACC-075,Krishna Bhardwaj Super Market,Charthawal,SM03,Amit Saini,MSG-200-75,Madhusudan Ghee 200 ml,200 ml,2,30,8550,17100
2023-01-02,GA/2022-23/00621,FY2022-23,1,ACC-083,Maa Goel & Sons,Miranpur,SM04,Pankaj Verma,MSG-500-30,Madhusudan Ghee 500 ml,500 ml,1,15,8395,8395
2023-01-03,GA/2022-23/00622,FY2022-23,1,ACC-032,Goyal Super Market,Deoband,SM05,Deepak Rana,MSG-1L-15,Madhusudan Ghee 1 L,1 L,1,15,8245,8245
2023-01-03,GA/2022-23/00623,FY2022-23,1,ACC-085,Laxmi Sirohi Marketing,Jansath,SM03,Amit Saini,MSG-1L-15,Madhusudan Ghee 1 L,1 L,1,15,8245,8245
2023-01-03,GA/2022-23/00624,FY2022-23,1,ACC-123,Ganesh Goel Distributors,Miranpur,SM04,Pankaj Verma,MSG-1L-15,Madhusudan Ghee 1 L,1 L,1,15,8245,8245
2023-01-04,GA/2022-23/00625,FY2022-23,1,ACC-028,Srivastava Distributors,Jansath,SM03,Amit Saini,MSG-500-30,Madhusudan Ghee 500 ml,500 ml,1,15,8395,8395
2023-01-05,GA/2022-23/00626,FY2022-23,1,ACC-018,Krishna Sharma Enterprises,Kairana,SM05,Deepak Rana,MSG-500-30,Madhusudan Ghee 500 ml,500 ml,1,15,8395,8395
2023-01-05,GA/2022-23/00627,FY2022-23,1,ACC-039,New Chopra Dairy,Deoband,SM05,Deepak Rana,MSG-1L-15,Madhusudan Ghee 1 L,1 L,1,15,8245,8245
2023-01-05,GA/2022-23/00628,FY2022-23,1,ACC-056,Bajaj Provisions,Deoband,SM05,Deepak Rana,MSG-500-30,Madhusudan Ghee 500 ml,500 ml,1,15,8395,8395
2023-01-05,GA/2022-23/00629,FY2022-23,1,ACC-091,Krishna Chaudhary Agencies,Kairana,SM05,Deepak Rana,MSG-1L-15,Madhusudan Ghee 1 L,1 L,1,15,8245,8245
2023-01-06,GA/2022-23/00630,FY2022-23,1,ACC-042,Maa Sachdeva Agencies,Charthawal,SM03,Amit Saini,MSG-500-30,Madhusudan Ghee 500 ml,500 ml,1,15,8395,8395
2023-01-09,GA/2022-23/00631,FY2022-23,1,ACC-004,Jai Solanki Traders,Deoband,SM05,Deepak Rana,MSG-1L-15,Madhusudan Ghee 1 L,1 L,2,30,8245,16490
2023-01-09,GA/2022-23/00632,FY2022-23,1,ACC-005,Malhotra Dairy,Kairana,SM05,Deepak Rana,MSG-1L-15,Madhusudan Ghee 1 L,1 L,2,30,8245,16490
2023-01-09,GA/2022-23/00633,FY2022-23,1,ACC-050,Jai Sachdeva & Company,Budhana,SM02,Sunil Tyagi,MSG-1L-15,Madhusudan Ghee 1 L,1 L,2,30,8245,16490
2023-01-09,GA/2022-23/00634,FY2022-23,1,ACC-101,Shri Ahuja Enterprises,Miranpur,SM04,Pankaj Verma,MSG-500-30,Madhusudan Ghee 500 ml,500 ml,2,30,8395,16790
2023-01-09,GA/2022-23/00635,FY2022-23,1,ACC-118,Laxmi Rana & Sons,Budhana,SM02,Sunil Tyagi,MSG-500-30,Madhusudan Ghee 500 ml,500 ml,1,15,8395,8395
2023-01-10,GA/2022-23/00636,FY2022-23,1,ACC-061,Jai Srivastava General Store,Muzaffarnagar,SM01,Rakesh Kumar,MSG-500-30,Madhusudan Ghee 500 ml,500 ml,1,15,8395,8395
2023-01-10,GA/2022-23/00637,FY2022-23,1,ACC-120,Ganesh Kansal Provisions,Muzaffarnagar,SM01,Rakesh Kumar,MSG-1L-15,Madhusudan Ghee 1 L,1 L,1,15,8245,8245
2023-01-11,GA/2022-23/00638,FY2022-23,1,ACC-006,Ganesh Jindal Dairy,Kairana,SM05,Deepak Rana,MSG-1L-15,Madhusudan Ghee 1 L,1 L,3,45,8245,24735
2023-01-11,GA/2022-23/00639,FY2022-23,1,ACC-016,Ganesh Bhardwaj Trading Co.,Budhana,SM02,Sunil Tyagi,MSG-200-75,Madhusudan Ghee 200 ml,200 ml,1,15,8550,8550
2023-01-11,GA/2022-23/00639,FY2022-23,1,ACC-016,Ganesh Bhardwaj Trading Co.,Budhana,SM02,Sunil Tyagi,MSG-500-30,Madhusudan Ghee 500 ml,500 ml,1,15,8395,8395
2023-01-11,GA/2022-23/00640,FY2022-23,1,ACC-031,Laxmi Sirohi Super Market,Charthawal,SM03,Amit Saini,MSG-1L-15,Madhusudan Ghee 1 L,1 L,1,15,8245,8245
2023-01-11,GA/2022-23/00641,FY2022-23,1,ACC-044,Mittal Marketing,Khatauli,SM02,Sunil Tyagi,MSG-200-75,Madhusudan Ghee 200 ml,200 ml,1,15,8550,8550
2023-01-11,GA/2022-23/00641,FY2022-23,1,ACC-044,Mittal Marketing,Khatauli,SM02,Sunil Tyagi,MSG-500-30,Madhusudan Ghee 500 ml,500 ml,1,15,8395,8395
2023-01-11,GA/2022-23/00642,FY2022-23,1,ACC-097,New Mishra Distributors,Deoband,SM05,Deepak Rana,MSG-1L-15,Madhusudan Ghee 1 L,1 L,1,15,8245,8245
2023-01-13,GA/2022-23/00643,FY2022-23,1,ACC-022,Tandon & Company,Kairana,SM05,Deepak Rana,MSG-1L-15,Madhusudan Ghee 1 L,1 L,1,15,8245,8245
2023-01-14,GA/2022-23/00644,FY2022-23,1,ACC-001,Om Dubey Super Market,Muzaffarnagar,SM01,Rakesh Kumar,MSG-1L-15,Madhusudan Ghee 1 L,1 L,3,45,8245,24735
2023-01-14,GA/2022-23/00645,FY2022-23,1,ACC-004,Jai Solanki Traders,Deoband,SM05,Deepak Rana,MSG-1L-15,Madhusudan Ghee 1 L,1 L,2,30,8245,16490
2023-01-14,GA/2022-23/00646,FY2022-23,1,ACC-063,Ganesh Kapoor Trading Co.,Charthawal,SM03,Amit Saini,MSG-200-75,Madhusudan Ghee 200 ml,200 ml,1,15,8550,8550
2023-01-14,GA/2022-23/00647,FY2022-23,1,ACC-144,Shree Ahuja Provisions,Shamli,SM01,Rakesh Kumar,MSG-200-75,Madhusudan Ghee 200 ml,200 ml,1,15,8550,8550
2023-01-16,GA/2022-23/00648,FY2022-23,1,ACC-017,Maa Malik Enterprises,Kairana,SM05,Deepak Rana,MSG-1L-15,Madhusudan Ghee 1 L,1 L,1,15,8245,8245
2023-01-16,GA/2022-23/00649,FY2022-23,1,ACC-128,Shree Saxena General Store,Deoband,SM05,Deepak Rana,MSG-1L-15,Madhusudan Ghee 1 L,1 L,1,15,8245,8245
2023-01-16,GA/2022-23/00650,FY2022-23,1,ACC-133,New Singla Stores,Shamli,SM01,Rakesh Kumar,MSG-500-30,Madhusudan Ghee 500 ml,500 ml,1,15,8395,8395
2023-01-17,GA/2022-23/00651,FY2022-23,1,ACC-138,Ganesh Gupta Trading Co.,Muzaffarnagar,SM01,Rakesh Kumar,MSG-1L-15,Madhusudan Ghee 1 L,1 L,1,15,8245,8245
2023-01-18,GA/2022-23/00652,FY2022-23,1,ACC-003,Krishna Khurana Provisions,Budhana,SM02,Sunil Tyagi,MSG-500-30,Madhusudan Ghee 500 ml,500 ml,3,45,8395,25185
2023-01-18,GA/2022-23/00653,FY2022-23,1,ACC-102,Shree Solanki Distributors,Kairana,SM05,Deepak Rana,MSG-1L-15,Madhusudan Ghee 1 L,1 L,1,15,8245,8245
2023-01-19,GA/2022-23/00654,FY2022-23,1,ACC-036,Shree Saini Enterprises,Budhana,SM02,Sunil Tyagi,MSG-1L-15,Madhusudan Ghee 1 L,1 L,2,30,8245,16490
2023-01-19,GA/2022-23/00655,FY2022-23,1,ACC-062,Dubey General Store,Khatauli,SM02,Sunil Tyagi,MSG-500-30,Madhusudan Ghee 500 ml,500 ml,1,15,8395,8395
2023-01-19,GA/2022-23/00656,FY2022-23,1,ACC-108,New Ahuja Distributors,Deoband,SM05,Deepak Rana,MSG-500-30,Madhusudan Ghee 500 ml,500 ml,1,15,8395,8395
2023-01-21,GA/2022-23/00657,FY2022-23,1,ACC-002,New Dubey Marketing,Kairana,SM05,Deepak Rana,MSG-1L-15,Madhusudan Ghee 1 L,1 L,2,30,8245,16490
2023-01-21,GA/2022-23/00658,FY2022-23,1,ACC-007,Om Pandey Distributors,Purqazi,SM04,Pankaj Verma,MSG-1L-15,Madhusudan Ghee 1 L,1 L,3,45,8245,24735
2023-01-21,GA/2022-23/00659,FY2022-23,1,ACC-009,Krishna Srivastava Agencies,Kairana,SM05,Deepak Rana,MSG-1L-15,Madhusudan Ghee 1 L,1 L,2,30,8245,16490
2023-01-21,GA/2022-23/00659,FY2022-23,1,ACC-009,Krishna Srivastava Agencies,Kairana,SM05,Deepak Rana,MSG-200-75,Madhusudan Ghee 200 ml,200 ml,1,15,8550,8550
2023-01-21,GA/2022-23/00660,FY2022-23,1,ACC-126,Bhatia General Store,Miranpur,SM04,Pankaj Verma,MSG-1L-15,Madhusudan Ghee 1 L,1 L,1,15,8245,8245
2023-01-21,GA/2022-23/00661,FY2022-23,1,ACC-132,Shri Bhardwaj Sales Corporation,Miranpur,SM04,Pankaj Verma,MSG-1L-15,Madhusudan Ghee 1 L,1 L,1,15,8245,8245
2023-01-23,GA/2022-23/00662,FY2022-23,1,ACC-002,New Dubey Marketing,Kairana,SM05,Deepak Rana,MSG-200-75,Madhusudan Ghee 200 ml,200 ml,2,30,8550,17100
2023-01-23,GA/2022-23/00663,FY2022-23,1,ACC-011,New Maheshwari Super Market,Kairana,SM05,Deepak Rana,MSG-1L-15,Madhusudan Ghee 1 L,1 L,1,15,8245,8245
2023-01-23,GA/2022-23/00663,FY2022-23,1,ACC-011,New Maheshwari Super Market,Kairana,SM05,Deepak Rana,MSG-200-75,Madhusudan Ghee 200 ml,200 ml,1,15,8550,8550
2023-01-23,GA/2022-23/00664,FY2022-23,1,ACC-014,Maa Chopra Kirana Store,Khatauli,SM02,Sunil Tyagi,MSG-1L-15,Madhusudan Ghee 1 L,1 L,2,30,8245,16490
2023-01-23,GA/2022-23/00665,FY2022-23,1,ACC-041,Chopra Traders,Purqazi,SM04,Pankaj Verma,MSG-1L-15,Madhusudan Ghee 1 L,1 L,2,30,8245,16490
2023-01-23,GA/2022-23/00666,FY2022-23,1,ACC-093,Maa Malik & Company,Charthawal,SM03,Amit Saini,MSG-500-30,Madhusudan Ghee 500 ml,500 ml,1,15,8395,8395
2023-01-24,GA/2022-23/00667,FY2022-23,1,ACC-001,Om Dubey Super Market,Muzaffarnagar,SM01,Rakesh Kumar,MSG-1L-15,Madhusudan Ghee 1 L,1 L,2,30,8245,16490
2023-01-24,GA/2022-23/00668,FY2022-23,1,ACC-013,Krishna Sachdeva Enterprises,Khatauli,SM02,Sunil Tyagi,MSG-1L-15,Madhusudan Ghee 1 L,1 L,1,15,8245,8245
2023-01-24,GA/2022-23/00669,FY2022-23,1,ACC-025,Om Chaudhary Agencies,Budhana,SM02,Sunil Tyagi,MSG-200-75,Madhusudan Ghee 200 ml,200 ml,1,15,8550,8550
2023-01-26,GA/2022-23/00670,FY2022-23,1,ACC-012,Bhardwaj Dairy,Charthawal,SM03,Amit Saini,MSG-1L-15,Madhusudan Ghee 1 L,1 L,3,45,8245,24735
2023-01-26,GA/2022-23/00671,FY2022-23,1,ACC-074,Jai Bajaj Stores,Khatauli,SM02,Sunil Tyagi,MSG-1L-15,Madhusudan Ghee 1 L,1 L,1,15,8245,8245
2023-01-26,GA/2022-23/00672,FY2022-23,1,ACC-116,Shree Singla & Company,Miranpur,SM04,Pankaj Verma,MSG-500-30,Madhusudan Ghee 500 ml,500 ml,1,15,8395,8395
2023-01-27,GA/2022-23/00673,FY2022-23,1,ACC-021,Shri Tandon Stores,Muzaffarnagar,SM01,Rakesh Kumar,MSG-200-75,Madhusudan Ghee 200 ml,200 ml,1,15,8550,8550
2023-01-27,GA/2022-23/00674,FY2022-23,1,ACC-092,Bhardwaj Distributors,Purqazi,SM04,Pankaj Verma,MSG-1L-15,Madhusudan Ghee 1 L,1 L,1,15,8245,8245
2023-01-28,GA/2022-23/00675,FY2022-23,1,ACC-005,Malhotra Dairy,Kairana,SM05,Deepak Rana,MSG-1L-15,Madhusudan Ghee 1 L,1 L,2,30,8245,16490
2023-01-28,GA/2022-23/00676,FY2022-23,1,ACC-010,Shree Mishra Provisions,Muzaffarnagar,SM01,Rakesh Kumar,MSG-1L-15,Madhusudan Ghee 1 L,1 L,2,30,8245,16490
2023-01-28,GA/2022-23/00677,FY2022-23,1,ACC-045,Jai Yadav Sales Corporation,Miranpur,SM04,Pankaj Verma,MSG-500-30,Madhusudan Ghee 500 ml,500 ml,1,15,8395,8395
2023-01-28,GA/2022-23/00678,FY2022-23,1,ACC-048,Maa Sharma Marketing,Budhana,SM02,Sunil Tyagi,MSG-1L-15,Madhusudan Ghee 1 L,1 L,1,15,8245,8245
2023-01-28,GA/2022-23/00678,FY2022-23,1,ACC-048,Maa Sharma Marketing,Budhana,SM02,Sunil Tyagi,MSG-200-75,Madhusudan Ghee 200 ml,200 ml,1,15,8550,8550
2023-01-30,GA/2022-23/00679,FY2022-23,1,ACC-015,Wadhwa Super Market,Muzaffarnagar,SM01,Rakesh Kumar,MSG-200-75,Madhusudan Ghee 200 ml,200 ml,1,15,8550,8550
2023-01-30,GA/2022-23/00679,FY2022-23,1,ACC-015,Wadhwa Super Market,Muzaffarnagar,SM01,Rakesh Kumar,MSG-500-30,Madhusudan Ghee 500 ml,500 ml,1,15,8395,8395
2023-01-30,GA/2022-23/00680,FY2022-23,1,ACC-020,Krishna Bhardwaj Trading Co.,Khatauli,SM02,Sunil Tyagi,MSG-1L-15,Madhusudan Ghee 1 L,1 L,1,15,8245,8245
2023-01-30,GA/2022-23/00681,FY2022-23,1,ACC-026,Krishna Goel Marketing,Shamli,SM01,Rakesh Kumar,MSG-500-30,Madhusudan Ghee 500 ml,500 ml,2,30,8395,16790
2023-01-30,GA/2022-23/00682,FY2022-23,1,ACC-054,Jai Goyal General Store,Miranpur,SM04,Pankaj Verma,MSG-1L-15,Madhusudan Ghee 1 L,1 L,1,15,8245,8245
2023-01-30,GA/2022-23/00683,FY2022-23,1,ACC-058,Balaji Tandon & Company,Miranpur,SM04,Pankaj Verma,MSG-1L-15,Madhusudan Ghee 1 L,1 L,1,15,8245,8245
2023-01-31,GA/2022-23/00684,FY2022-23,1,ACC-007,Om Pandey Distributors,Purqazi,SM04,Pankaj Verma,MSG-1L-15,Madhusudan Ghee 1 L,1 L,2,30,8245,16490
2023-01-31,GA/2022-23/00685,FY2022-23,1,ACC-072,Verma Agencies,Khatauli,SM02,Sunil Tyagi,MSG-1L-15,Madhusudan Ghee 1 L,1 L,1,15,8245,8245
2023-02-01,GA/2022-23/00686,FY2022-23,2,ACC-020,Krishna Bhardwaj Trading Co.,Khatauli,SM02,Sunil Tyagi,MSG-200-75,Madhusudan Ghee 200 ml,200 ml,1,15,8550,8550
2023-02-01,GA/2022-23/00687,FY2022-23,2,ACC-039,New Chopra Dairy,Deoband,SM05,Deepak Rana,MSG-1L-15,Madhusudan Ghee 1 L,1 L,1,15,8245,8245
2023-02-03,GA/2022-23/00688,FY2022-23,2,ACC-006,Ganesh Jindal Dairy,Kairana,SM05,Deepak Rana,MSG-500-30,Madhusudan Ghee 500 ml,500 ml,2,30,8395,16790
2023-02-04,GA/2022-23/00689,FY2022-23,2,ACC-038,Krishna Saxena Provisions,Miranpur,SM04,Pankaj Verma,MSG-500-30,Madhusudan Ghee 500 ml,500 ml,1,15,8395,8395
2023-02-04,GA/2022-23/00690,FY2022-23,2,ACC-040,New Mishra Trading Co.,Shamli,SM01,Rakesh Kumar,MSG-1L-15,Madhusudan Ghee 1 L,1 L,1,15,8245,8245
2023-02-04,GA/2022-23/00691,FY2022-23,2,ACC-051,Laxmi Sachdeva Traders,Jansath,SM03,Amit Saini,MSG-1L-15,Madhusudan Ghee 1 L,1 L,1,15,8245,8245
2023-02-04,GA/2022-23/00692,FY2022-23,2,ACC-061,Jai Srivastava General Store,Muzaffarnagar,SM01,Rakesh Kumar,MSG-200-75,Madhusudan Ghee 200 ml,200 ml,1,15,8550,8550
2023-02-06,GA/2022-23/00693,FY2022-23,2,ACC-003,Krishna Khurana Provisions,Budhana,SM02,Sunil Tyagi,MSG-1L-15,Madhusudan Ghee 1 L,1 L,3,45,8245,24735
2023-02-06,GA/2022-23/00694,FY2022-23,2,ACC-016,Ganesh Bhardwaj Trading Co.,Budhana,SM02,Sunil Tyagi,MSG-500-30,Madhusudan Ghee 500 ml,500 ml,1,15,8395,8395
2023-02-06,GA/2022-23/00695,FY2022-23,2,ACC-101,Shri Ahuja Enterprises,Miranpur,SM04,Pankaj Verma,MSG-500-30,Madhusudan Ghee 500 ml,500 ml,1,15,8395,8395
2023-02-06,GA/2022-23/00696,FY2022-23,2,ACC-108,New Ahuja Distributors,Deoband,SM05,Deepak Rana,MSG-500-30,Madhusudan Ghee 500 ml,500 ml,1,15,8395,8395
2023-02-07,GA/2022-23/00697,FY2022-23,2,ACC-021,Shri Tandon Stores,Muzaffarnagar,SM01,Rakesh Kumar,MSG-1L-15,Madhusudan Ghee 1 L,1 L,1,15,8245,8245
2023-02-07,GA/2022-23/00698,FY2022-23,2,ACC-022,Tandon & Company,Kairana,SM05,Deepak Rana,MSG-1L-15,Madhusudan Ghee 1 L,1 L,2,30,8245,16490
2023-02-08,GA/2022-23/00699,FY2022-23,2,ACC-010,Shree Mishra Provisions,Muzaffarnagar,SM01,Rakesh Kumar,MSG-1L-15,Madhusudan Ghee 1 L,1 L,1,15,8245,8245
2023-02-08,GA/2022-23/00700,FY2022-23,2,ACC-066,Dhingra Marketing,Muzaffarnagar,SM01,Rakesh Kumar,MSG-500-30,Madhusudan Ghee 500 ml,500 ml,1,15,8395,8395
2023-02-08,GA/2022-23/00701,FY2022-23,2,ACC-103,Wadhwa Enterprises,Budhana,SM02,Sunil Tyagi,MSG-1L-15,Madhusudan Ghee 1 L,1 L,1,15,8245,8245
2023-02-09,GA/2022-23/00702,FY2022-23,2,ACC-013,Krishna Sachdeva Enterprises,Khatauli,SM02,Sunil Tyagi,MSG-500-30,Madhusudan Ghee 500 ml,500 ml,2,30,8395,16790
2023-02-10,GA/2022-23/00703,FY2022-23,2,ACC-112,Om Goyal Kirana Store,Muzaffarnagar,SM01,Rakesh Kumar,MSG-500-30,Madhusudan Ghee 500 ml,500 ml,1,15,8395,8395
2023-02-11,GA/2022-23/00704,FY2022-23,2,ACC-012,Bhardwaj Dairy,Charthawal,SM03,Amit Saini,MSG-1L-15,Madhusudan Ghee 1 L,1 L,1,15,8245,8245
2023-02-11,GA/2022-23/00705,FY2022-23,2,ACC-030,Laxmi Sharma Stores,Jansath,SM03,Amit Saini,MSG-1L-15,Madhusudan Ghee 1 L,1 L,1,15,8245,8245
2023-02-11,GA/2022-23/00706,FY2022-23,2,ACC-121,New Yadav Trading Co.,Miranpur,SM04,Pankaj Verma,MSG-1L-15,Madhusudan Ghee 1 L,1 L,1,15,8245,8245
2023-02-13,GA/2022-23/00707,FY2022-23,2,ACC-004,Jai Solanki Traders,Deoband,SM05,Deepak Rana,MSG-200-75,Madhusudan Ghee 200 ml,200 ml,2,30,8550,17100
2023-02-13,GA/2022-23/00708,FY2022-23,2,ACC-007,Om Pandey Distributors,Purqazi,SM04,Pankaj Verma,MSG-1L-15,Madhusudan Ghee 1 L,1 L,4,60,8245,32980
2023-02-13,GA/2022-23/00709,FY2022-23,2,ACC-050,Jai Sachdeva & Company,Budhana,SM02,Sunil Tyagi,MSG-1L-15,Madhusudan Ghee 1 L,1 L,1,15,8245,8245
2023-02-13,GA/2022-23/00710,FY2022-23,2,ACC-082,Shree Kaushik Enterprises,Charthawal,SM03,Amit Saini,MSG-500-30,Madhusudan Ghee 500 ml,500 ml,1,15,8395,8395
2023-02-13,GA/2022-23/00711,FY2022-23,2,ACC-087,Khurana & Sons,Khatauli,SM02,Sunil Tyagi,MSG-1L-15,Madhusudan Ghee 1 L,1 L,1,15,8245,8245
2023-02-14,GA/2022-23/00712,FY2022-23,2,ACC-025,Om Chaudhary Agencies,Budhana,SM02,Sunil Tyagi,MSG-500-30,Madhusudan Ghee 500 ml,500 ml,1,15,8395,8395
2023-02-14,GA/2022-23/00713,FY2022-23,2,ACC-041,Chopra Traders,Purqazi,SM04,Pankaj Verma,MSG-500-30,Madhusudan Ghee 500 ml,500 ml,1,15,8395,8395
2023-02-14,GA/2022-23/00714,FY2022-23,2,ACC-072,Verma Agencies,Khatauli,SM02,Sunil Tyagi,MSG-1L-15,Madhusudan Ghee 1 L,1 L,1,15,8245,8245
2023-02-15,GA/2022-23/00715,FY2022-23,2,ACC-031,Laxmi Sirohi Super Market,Charthawal,SM03,Amit Saini,MSG-1L-15,Madhusudan Ghee 1 L,1 L,1,15,8245,8245
2023-02-15,GA/2022-23/00716,FY2022-23,2,ACC-044,Mittal Marketing,Khatauli,SM02,Sunil Tyagi,MSG-1L-15,Madhusudan Ghee 1 L,1 L,1,15,8245,8245
2023-02-16,GA/2022-23/00717,FY2022-23,2,ACC-097,New Mishra Distributors,Deoband,SM05,Deepak Rana,MSG-1L-15,Madhusudan Ghee 1 L,1 L,1,15,8245,8245
2023-02-17,GA/2022-23/00718,FY2022-23,2,ACC-009,Krishna Srivastava Agencies,Kairana,SM05,Deepak Rana,MSG-1L-15,Madhusudan Ghee 1 L,1 L,2,30,8245,16490
2023-02-17,GA/2022-23/00719,FY2022-23,2,ACC-011,New Maheshwari Super Market,Kairana,SM05,Deepak Rana,MSG-1L-15,Madhusudan Ghee 1 L,1 L,2,30,8245,16490
2023-02-17,GA/2022-23/00720,FY2022-23,2,ACC-090,Malik Stores,Miranpur,SM04,Pankaj Verma,MSG-500-30,Madhusudan Ghee 500 ml,500 ml,1,15,8395,8395
2023-02-18,GA/2022-23/00721,FY2022-23,2,ACC-002,New Dubey Marketing,Kairana,SM05,Deepak Rana,MSG-500-30,Madhusudan Ghee 500 ml,500 ml,3,45,8395,25185
2023-02-18,GA/2022-23/00722,FY2022-23,2,ACC-018,Krishna Sharma Enterprises,Kairana,SM05,Deepak Rana,MSG-1L-15,Madhusudan Ghee 1 L,1 L,2,30,8245,16490
2023-02-18,GA/2022-23/00723,FY2022-23,2,ACC-032,Goyal Super Market,Deoband,SM05,Deepak Rana,MSG-500-30,Madhusudan Ghee 500 ml,500 ml,1,15,8395,8395
2023-02-18,GA/2022-23/00724,FY2022-23,2,ACC-063,Ganesh Kapoor Trading Co.,Charthawal,SM03,Amit Saini,MSG-500-30,Madhusudan Ghee 500 ml,500 ml,1,15,8395,8395
2023-02-18,GA/2022-23/00725,FY2022-23,2,ACC-110,Laxmi Kansal & Sons,Kairana,SM05,Deepak Rana,MSG-1L-15,Madhusudan Ghee 1 L,1 L,1,15,8245,8245
2023-02-20,GA/2022-23/00726,FY2022-23,2,ACC-004,Jai Solanki Traders,Deoband,SM05,Deepak Rana,MSG-1L-15,Madhusudan Ghee 1 L,1 L,1,15,8245,8245
2023-02-20,GA/2022-23/00727,FY2022-23,2,ACC-015,Wadhwa Super Market,Muzaffarnagar,SM01,Rakesh Kumar,MSG-1L-15,Madhusudan Ghee 1 L,1 L,1,15,8245,8245
2023-02-20,GA/2022-23/00728,FY2022-23,2,ACC-023,Agarwal Distributors,Jansath,SM03,Amit Saini,MSG-1L-15,Madhusudan Ghee 1 L,1 L,1,15,8245,8245
2023-02-20,GA/2022-23/00729,FY2022-23,2,ACC-033,Balaji Singhal Stores,Deoband,SM05,Deepak Rana,MSG-200-75,Madhusudan Ghee 200 ml,200 ml,3,45,8550,25650
2023-02-20,GA/2022-23/00730,FY2022-23,2,ACC-109,Laxmi Goel Traders,Purqazi,SM04,Pankaj Verma,MSG-200-75,Madhusudan Ghee 200 ml,200 ml,1,15,8550,8550
2023-02-20,GA/2022-23/00731,FY2022-23,2,ACC-129,Maheshwari & Sons,Miranpur,SM04,Pankaj Verma,MSG-500-30,Madhusudan Ghee 500 ml,500 ml,1,15,8395,8395
2023-02-21,GA/2022-23/00732,FY2022-23,2,ACC-005,Malhotra Dairy,Kairana,SM05,Deepak Rana,MSG-1L-15,Madhusudan Ghee 1 L,1 L,4,60,8245,32980
2023-02-21,GA/2022-23/00733,FY2022-23,2,ACC-079,Maa Khurana Agencies,Muzaffarnagar,SM01,Rakesh Kumar,MSG-200-75,Madhusudan Ghee 200 ml,200 ml,1,15,8550,8550
2023-02-22,GA/2022-23/00734,FY2022-23,2,ACC-049,Goyal General Store,Muzaffarnagar,SM01,Rakesh Kumar,MSG-500-30,Madhusudan Ghee 500 ml,500 ml,1,15,8395,8395
2023-02-23,GA/2022-23/00735,FY2022-23,2,ACC-017,Maa Malik Enterprises,Kairana,SM05,Deepak Rana,MSG-1L-15,Madhusudan Ghee 1 L,1 L,1,15,8245,8245
2023-02-24,GA/2022-23/00736,FY2022-23,2,ACC-005,Malhotra Dairy,Kairana,SM05,Deepak Rana,MSG-1L-15,Madhusudan Ghee 1 L,1 L,2,30,8245,16490
2023-02-24,GA/2022-23/00737,FY2022-23,2,ACC-065,Jai Garg Enterprises,Shamli,SM01,Rakesh Kumar,MSG-500-30,Madhusudan Ghee 500 ml,500 ml,1,15,8395,8395
2023-02-24,GA/2022-23/00738,FY2022-23,2,ACC-138,Ganesh Gupta Trading Co.,Muzaffarnagar,SM01,Rakesh Kumar,MSG-1L-15,Madhusudan Ghee 1 L,1 L,1,15,8245,8245
2023-02-25,GA/2022-23/00739,FY2022-23,2,ACC-048,Maa Sharma Marketing,Budhana,SM02,Sunil Tyagi,MSG-200-75,Madhusudan Ghee 200 ml,200 ml,1,15,8550,8550
2023-02-25,GA/2022-23/00740,FY2022-23,2,ACC-062,Dubey General Store,Khatauli,SM02,Sunil Tyagi,MSG-500-30,Madhusudan Ghee 500 ml,500 ml,1,15,8395,8395
2023-02-25,GA/2022-23/00741,FY2022-23,2,ACC-088,Krishna Khurana Sales Corporation,Charthawal,SM03,Amit Saini,MSG-500-30,Madhusudan Ghee 500 ml,500 ml,1,15,8395,8395
2023-02-25,GA/2022-23/00742,FY2022-23,2,ACC-125,Balaji Tandon Provisions,Khatauli,SM02,Sunil Tyagi,MSG-1L-15,Madhusudan Ghee 1 L,1 L,1,15,8245,8245
2023-02-27,GA/2022-23/00743,FY2022-23,2,ACC-092,Bhardwaj Distributors,Purqazi,SM04,Pankaj Verma,MSG-1L-15,Madhusudan Ghee 1 L,1 L,1,15,8245,8245
2023-02-27,GA/2022-23/00744,FY2022-23,2,ACC-102,Shree Solanki Distributors,Kairana,SM05,Deepak Rana,MSG-1L-15,Madhusudan Ghee 1 L,1 L,1,15,8245,8245
2023-02-27,GA/2022-23/00745,FY2022-23,2,ACC-120,Ganesh Kansal Provisions,Muzaffarnagar,SM01,Rakesh Kumar,MSG-200-75,Madhusudan Ghee 200 ml,200 ml,1,15,8550,8550
2023-02-28,GA/2022-23/00746,FY2022-23,2,ACC-019,Mishra Agencies,Muzaffarnagar,SM01,Rakesh Kumar,MSG-1L-15,Madhusudan Ghee 1 L,1 L,1,15,8245,8245
2023-02-28,GA/2022-23/00747,FY2022-23,2,ACC-042,Maa Sachdeva Agencies,Charthawal,SM03,Amit Saini,MSG-500-30,Madhusudan Ghee 500 ml,500 ml,1,15,8395,8395
2023-03-01,GA/2022-23/00748,FY2022-23,3,ACC-001,Om Dubey Super Market,Muzaffarnagar,SM01,Rakesh Kumar,MSG-500-30,Madhusudan Ghee 500 ml,500 ml,2,30,8395,16790
2023-03-01,GA/2022-23/00749,FY2022-23,3,ACC-008,Shree Maheshwari Enterprises,Shamli,SM01,Rakesh Kumar,MSG-200-75,Madhusudan Ghee 200 ml,200 ml,3,45,8550,25650
2023-03-02,GA/2022-23/00750,FY2022-23,3,ACC-004,Jai Solanki Traders,Deoband,SM05,Deepak Rana,MSG-1L-15,Madhusudan Ghee 1 L,1 L,1,15,8245,8245
2023-03-02,GA/2022-23/00750,FY2022-23,3,ACC-004,Jai Solanki Traders,Deoband,SM05,Deepak Rana,MSG-500-30,Madhusudan Ghee 500 ml,500 ml,1,15,8395,8395
2023-03-03,GA/2022-23/00751,FY2022-23,3,ACC-002,New Dubey Marketing,Kairana,SM05,Deepak Rana,MSG-500-30,Madhusudan Ghee 500 ml,500 ml,2,30,8395,16790
2023-03-03,GA/2022-23/00752,FY2022-23,3,ACC-003,Krishna Khurana Provisions,Budhana,SM02,Sunil Tyagi,MSG-1L-15,Madhusudan Ghee 1 L,1 L,2,30,8245,16490
2023-03-03,GA/2022-23/00753,FY2022-23,3,ACC-015,Wadhwa Super Market,Muzaffarnagar,SM01,Rakesh Kumar,MSG-1L-15,Madhusudan Ghee 1 L,1 L,1,15,8245,8245
2023-03-03,GA/2022-23/00754,FY2022-23,3,ACC-030,Laxmi Sharma Stores,Jansath,SM03,Amit Saini,MSG-500-30,Madhusudan Ghee 500 ml,500 ml,2,30,8395,16790
2023-03-03,GA/2022-23/00755,FY2022-23,3,ACC-062,Dubey General Store,Khatauli,SM02,Sunil Tyagi,MSG-500-30,Madhusudan Ghee 500 ml,500 ml,1,15,8395,8395
2023-03-03,GA/2022-23/00756,FY2022-23,3,ACC-102,Shree Solanki Distributors,Kairana,SM05,Deepak Rana,MSG-500-30,Madhusudan Ghee 500 ml,500 ml,1,15,8395,8395
2023-03-03,GA/2022-23/00757,FY2022-23,3,ACC-132,Shri Bhardwaj Sales Corporation,Miranpur,SM04,Pankaj Verma,MSG-500-30,Madhusudan Ghee 500 ml,500 ml,1,15,8395,8395
2023-03-04,GA/2022-23/00758,FY2022-23,3,ACC-002,New Dubey Marketing,Kairana,SM05,Deepak Rana,MSG-1L-15,Madhusudan Ghee 1 L,1 L,2,30,8245,16490
2023-03-04,GA/2022-23/00759,FY2022-23,3,ACC-007,Om Pandey Distributors,Purqazi,SM04,Pankaj Verma,MSG-1L-15,Madhusudan Ghee 1 L,1 L,2,30,8245,16490
2023-03-04,GA/2022-23/00760,FY2022-23,3,ACC-056,Bajaj Provisions,Deoband,SM05,Deepak Rana,MSG-500-30,Madhusudan Ghee 500 ml,500 ml,2,30,8395,16790
2023-03-04,GA/2022-23/00761,FY2022-23,3,ACC-117,Shri Khandelwal Sales Corporation,Deoband,SM05,Deepak Rana,MSG-1L-15,Madhusudan Ghee 1 L,1 L,1,15,8245,8245
2023-03-06,GA/2022-23/00762,FY2022-23,3,ACC-006,Ganesh Jindal Dairy,Kairana,SM05,Deepak Rana,MSG-1L-15,Madhusudan Ghee 1 L,1 L,2,30,8245,16490
2023-03-06,GA/2022-23/00763,FY2022-23,3,ACC-019,Mishra Agencies,Muzaffarnagar,SM01,Rakesh Kumar,MSG-1L-15,Madhusudan Ghee 1 L,1 L,2,30,8245,16490
2023-03-06,GA/2022-23/00764,FY2022-23,3,ACC-074,Jai Bajaj Stores,Khatauli,SM02,Sunil Tyagi,MSG-500-30,Madhusudan Ghee 500 ml,500 ml,2,30,8395,16790
2023-03-06,GA/2022-23/00765,FY2022-23,3,ACC-084,Ganesh Saxena Distributors,Budhana,SM02,Sunil Tyagi,MSG-1L-15,Madhusudan Ghee 1 L,1 L,1,15,8245,8245
2023-03-06,GA/2022-23/00766,FY2022-23,3,ACC-100,New Tandon Super Market,Khatauli,SM02,Sunil Tyagi,MSG-1L-15,Madhusudan Ghee 1 L,1 L,1,15,8245,8245
2023-03-06,GA/2022-23/00767,FY2022-23,3,ACC-121,New Yadav Trading Co.,Miranpur,SM04,Pankaj Verma,MSG-1L-15,Madhusudan Ghee 1 L,1 L,1,15,8245,8245
2023-03-07,GA/2022-23/00768,FY2022-23,3,ACC-001,Om Dubey Super Market,Muzaffarnagar,SM01,Rakesh Kumar,MSG-500-30,Madhusudan Ghee 500 ml,500 ml,2,30,8395,16790
2023-03-07,GA/2022-23/00769,FY2022-23,3,ACC-009,Krishna Srivastava Agencies,Kairana,SM05,Deepak Rana,MSG-1L-15,Madhusudan Ghee 1 L,1 L,1,15,8245,8245
2023-03-07,GA/2022-23/00769,FY2022-23,3,ACC-009,Krishna Srivastava Agencies,Kairana,SM05,Deepak Rana,MSG-500-30,Madhusudan Ghee 500 ml,500 ml,1,15,8395,8395
2023-03-07,GA/2022-23/00770,FY2022-23,3,ACC-131,Jai Yadav Traders,Shamli,SM01,Rakesh Kumar,MSG-1L-15,Madhusudan Ghee 1 L,1 L,1,15,8245,8245
2023-03-08,GA/2022-23/00771,FY2022-23,3,ACC-023,Agarwal Distributors,Jansath,SM03,Amit Saini,MSG-500-30,Madhusudan Ghee 500 ml,500 ml,1,15,8395,8395
2023-03-08,GA/2022-23/00772,FY2022-23,3,ACC-036,Shree Saini Enterprises,Budhana,SM02,Sunil Tyagi,MSG-500-30,Madhusudan Ghee 500 ml,500 ml,1,15,8395,8395
2023-03-08,GA/2022-23/00773,FY2022-23,3,ACC-038,Krishna Saxena Provisions,Miranpur,SM04,Pankaj Verma,MSG-500-30,Madhusudan Ghee 500 ml,500 ml,1,15,8395,8395
2023-03-08,GA/2022-23/00774,FY2022-23,3,ACC-041,Chopra Traders,Purqazi,SM04,Pankaj Verma,MSG-500-30,Madhusudan Ghee 500 ml,500 ml,1,15,8395,8395
2023-03-08,GA/2022-23/00775,FY2022-23,3,ACC-047,Khurana Distributors,Jansath,SM03,Amit Saini,MSG-200-75,Madhusudan Ghee 200 ml,200 ml,1,15,8550,8550
2023-03-09,GA/2022-23/00776,FY2022-23,3,ACC-010,Shree Mishra Provisions,Muzaffarnagar,SM01,Rakesh Kumar,MSG-500-30,Madhusudan Ghee 500 ml,500 ml,1,15,8395,8395
2023-03-09,GA/2022-23/00777,FY2022-23,3,ACC-018,Krishna Sharma Enterprises,Kairana,SM05,Deepak Rana,MSG-1L-15,Madhusudan Ghee 1 L,1 L,1,15,8245,8245
2023-03-10,GA/2022-23/00778,FY2022-23,3,ACC-004,Jai Solanki Traders,Deoband,SM05,Deepak Rana,MSG-1L-15,Madhusudan Ghee 1 L,1 L,2,30,8245,16490
2023-03-10,GA/2022-23/00779,FY2022-23,3,ACC-014,Maa Chopra Kirana Store,Khatauli,SM02,Sunil Tyagi,MSG-1L-15,Madhusudan Ghee 1 L,1 L,1,15,8245,8245
2023-03-10,GA/2022-23/00780,FY2022-23,3,ACC-027,Shree Gupta & Sons,Miranpur,SM04,Pankaj Verma,MSG-1L-15,Madhusudan Ghee 1 L,1 L,1,15,8245,8245
2023-03-11,GA/2022-23/00781,FY2022-23,3,ACC-051,Laxmi Sachdeva Traders,Jansath,SM03,Amit Saini,MSG-1L-15,Madhusudan Ghee 1 L,1 L,2,30,8245,16490
2023-03-11,GA/2022-23/00782,FY2022-23,3,ACC-058,Balaji Tandon & Company,Miranpur,SM04,Pankaj Verma,MSG-500-30,Madhusudan Ghee 500 ml,500 ml,1,15,8395,8395
2023-03-13,GA/2022-23/00783,FY2022-23,3,ACC-016,Ganesh Bhardwaj Trading Co.,Budhana,SM02,Sunil Tyagi,MSG-200-75,Madhusudan Ghee 200 ml,200 ml,2,30,8550,17100
2023-03-13,GA/2022-23/00784,FY2022-23,3,ACC-026,Krishna Goel Marketing,Shamli,SM01,Rakesh Kumar,MSG-200-75,Madhusudan Ghee 200 ml,200 ml,1,15,8550,8550
2023-03-13,GA/2022-23/00785,FY2022-23,3,ACC-059,Balaji Garg Agencies,Purqazi,SM04,Pankaj Verma,MSG-500-30,Madhusudan Ghee 500 ml,500 ml,1,15,8395,8395
2023-03-13,GA/2022-23/00786,FY2022-23,3,ACC-093,Maa Malik & Company,Charthawal,SM03,Amit Saini,MSG-1L-15,Madhusudan Ghee 1 L,1 L,1,15,8245,8245
2023-03-14,GA/2022-23/00787,FY2022-23,3,ACC-042,Maa Sachdeva Agencies,Charthawal,SM03,Amit Saini,MSG-1L-15,Madhusudan Ghee 1 L,1 L,1,15,8245,8245
2023-03-15,GA/2022-23/00788,FY2022-23,3,ACC-011,New Maheshwari Super Market,Kairana,SM05,Deepak Rana,MSG-1L-15,Madhusudan Ghee 1 L,1 L,3,45,8245,24735
2023-03-15,GA/2022-23/00789,FY2022-23,3,ACC-048,Maa Sharma Marketing,Budhana,SM02,Sunil Tyagi,MSG-500-30,Madhusudan Ghee 500 ml,500 ml,1,15,8395,8395
2023-03-15,GA/2022-23/00790,FY2022-23,3,ACC-129,Maheshwari & Sons,Miranpur,SM04,Pankaj Verma,MSG-1L-15,Madhusudan Ghee 1 L,1 L,1,15,8245,8245
2023-03-17,GA/2022-23/00791,FY2022-23,3,ACC-032,Goyal Super Market,Deoband,SM05,Deepak Rana,MSG-200-75,Madhusudan Ghee 200 ml,200 ml,1,15,8550,8550
2023-03-17,GA/2022-23/00792,FY2022-23,3,ACC-082,Shree Kaushik Enterprises,Charthawal,SM03,Amit Saini,MSG-1L-15,Madhusudan Ghee 1 L,1 L,1,15,8245,8245
2023-03-17,GA/2022-23/00793,FY2022-23,3,ACC-123,Ganesh Goel Distributors,Miranpur,SM04,Pankaj Verma,MSG-1L-15,Madhusudan Ghee 1 L,1 L,1,15,8245,8245
2023-03-20,GA/2022-23/00794,FY2022-23,3,ACC-017,Maa Malik Enterprises,Kairana,SM05,Deepak Rana,MSG-500-30,Madhusudan Ghee 500 ml,500 ml,1,15,8395,8395
2023-03-20,GA/2022-23/00795,FY2022-23,3,ACC-025,Om Chaudhary Agencies,Budhana,SM02,Sunil Tyagi,MSG-200-75,Madhusudan Ghee 200 ml,200 ml,1,15,8550,8550
2023-03-20,GA/2022-23/00796,FY2022-23,3,ACC-054,Jai Goyal General Store,Miranpur,SM04,Pankaj Verma,MSG-500-30,Madhusudan Ghee 500 ml,500 ml,1,15,8395,8395
2023-03-20,GA/2022-23/00797,FY2022-23,3,ACC-094,Singla Stores,Budhana,SM02,Sunil Tyagi,MSG-200-75,Madhusudan Ghee 200 ml,200 ml,1,15,8550,8550
2023-03-20,GA/2022-23/00798,FY2022-23,3,ACC-107,Ganesh Sachdeva Provisions,Charthawal,SM03,Amit Saini,MSG-1L-15,Madhusudan Ghee 1 L,1 L,1,15,8245,8245
2023-03-20,GA/2022-23/00799,FY2022-23,3,ACC-133,New Singla Stores,Shamli,SM01,Rakesh Kumar,MSG-1L-15,Madhusudan Ghee 1 L,1 L,1,15,8245,8245
2023-03-21,GA/2022-23/00800,FY2022-23,3,ACC-012,Bhardwaj Dairy,Charthawal,SM03,Amit Saini,MSG-500-30,Madhusudan Ghee 500 ml,500 ml,1,15,8395,8395
2023-03-21,GA/2022-23/00801,FY2022-23,3,ACC-098,Balaji Rana Distributors,Shamli,SM01,Rakesh Kumar,MSG-500-30,Madhusudan Ghee 500 ml,500 ml,1,15,8395,8395
2023-03-22,GA/2022-23/00802,FY2022-23,3,ACC-005,Malhotra Dairy,Kairana,SM05,Deepak Rana,MSG-200-75,Madhusudan Ghee 200 ml,200 ml,3,45,8550,25650
2023-03-22,GA/2022-23/00803,FY2022-23,3,ACC-031,Laxmi Sirohi Super Market,Charthawal,SM03,Amit Saini,MSG-1L-15,Madhusudan Ghee 1 L,1 L,1,15,8245,8245
2023-03-22,GA/2022-23/00804,FY2022-23,3,ACC-073,Maa Gupta Dairy,Jansath,SM03,Amit Saini,MSG-1L-15,Madhusudan Ghee 1 L,1 L,1,15,8245,8245
2023-03-22,GA/2022-23/00805,FY2022-23,3,ACC-128,Shree Saxena General Store,Deoband,SM05,Deepak Rana,MSG-1L-15,Madhusudan Ghee 1 L,1 L,1,15,8245,8245
2023-03-23,GA/2022-23/00806,FY2022-23,3,ACC-022,Tandon & Company,Kairana,SM05,Deepak Rana,MSG-1L-15,Madhusudan Ghee 1 L,1 L,2,30,8245,16490
2023-03-23,GA/2022-23/00807,FY2022-23,3,ACC-072,Verma Agencies,Khatauli,SM02,Sunil Tyagi,MSG-500-30,Madhusudan Ghee 500 ml,500 ml,1,15,8395,8395
2023-03-24,GA/2022-23/00808,FY2022-23,3,ACC-020,Krishna Bhardwaj Trading Co.,Khatauli,SM02,Sunil Tyagi,MSG-500-30,Madhusudan Ghee 500 ml,500 ml,1,15,8395,8395
2023-03-24,GA/2022-23/00809,FY2022-23,3,ACC-109,Laxmi Goel Traders,Purqazi,SM04,Pankaj Verma,MSG-500-30,Madhusudan Ghee 500 ml,500 ml,1,15,8395,8395
2023-03-25,GA/2022-23/00810,FY2022-23,3,ACC-045,Jai Yadav Sales Corporation,Miranpur,SM04,Pankaj Verma,MSG-500-30,Madhusudan Ghee 500 ml,500 ml,1,15,8395,8395
2023-03-25,GA/2022-23/00811,FY2022-23,3,ACC-101,Shri Ahuja Enterprises,Miranpur,SM04,Pankaj Verma,MSG-200-75,Madhusudan Ghee 200 ml,200 ml,1,15,8550,8550
2023-03-27,GA/2022-23/00812,FY2022-23,3,ACC-007,Om Pandey Distributors,Purqazi,SM04,Pankaj Verma,MSG-1L-15,Madhusudan Ghee 1 L,1 L,1,15,8245,8245
2023-03-27,GA/2022-23/00813,FY2022-23,3,ACC-116,Shree Singla & Company,Miranpur,SM04,Pankaj Verma,MSG-1L-15,Madhusudan Ghee 1 L,1 L,1,15,8245,8245
2023-03-27,GA/2022-23/00814,FY2022-23,3,ACC-125,Balaji Tandon Provisions,Khatauli,SM02,Sunil Tyagi,MSG-1L-15,Madhusudan Ghee 1 L,1 L,1,15,8245,8245
2023-03-28,GA/2022-23/00815,FY2022-23,3,ACC-044,Mittal Marketing,Khatauli,SM02,Sunil Tyagi,MSG-1L-15,Madhusudan Ghee 1 L,1 L,1,15,8245,8245
2023-03-29,GA/2022-23/00816,FY2022-23,3,ACC-110,Laxmi Kansal & Sons,Kairana,SM05,Deepak Rana,MSG-1L-15,Madhusudan Ghee 1 L,1 L,1,15,8245,8245
2023-03-30,GA/2022-23/00817,FY2022-23,3,ACC-028,Srivastava Distributors,Jansath,SM03,Amit Saini,MSG-200-75,Madhusudan Ghee 200 ml,200 ml,1,15,8550,8550
2023-03-31,GA/2022-23/00818,FY2022-23,3,ACC-040,New Mishra Trading Co.,Shamli,SM01,Rakesh Kumar,MSG-1L-15,Madhusudan Ghee 1 L,1 L,1,15,8245,8245
2023-03-31,GA/2022-23/00819,FY2022-23,3,ACC-088,Krishna Khurana Sales Corporation,Charthawal,SM03,Amit Saini,MSG-500-30,Madhusudan Ghee 500 ml,500 ml,1,15,8395,8395
2023-04-01,GA/2023-24/00001,FY2023-24,4,ACC-106,Shree Ahuja & Company,Khatauli,SM02,Sunil Tyagi,MSG-500-30,Madhusudan Ghee 500 ml,500 ml,1,15,8460,8460
2023-04-03,GA/2023-24/00002,FY2023-24,4,ACC-025,Om Chaudhary Agencies,Budhana,SM02,Sunil Tyagi,MSG-200-75,Madhusudan Ghee 200 ml,200 ml,1,15,8615,8615
2023-04-03,GA/2023-24/00003,FY2023-24,4,ACC-092,Bhardwaj Distributors,Purqazi,SM04,Pankaj Verma,MSG-1L-15,Madhusudan Ghee 1 L,1 L,1,15,8310,8310
2023-04-03,GA/2023-24/00004,FY2023-24,4,ACC-097,New Mishra Distributors,Deoband,SM05,Deepak Rana,MSG-1L-15,Madhusudan Ghee 1 L,1 L,1,15,8310,8310
2023-04-04,GA/2023-24/00005,FY2023-24,4,ACC-030,Laxmi Sharma Stores,Jansath,SM03,Amit Saini,MSG-200-75,Madhusudan Ghee 200 ml,200 ml,1,15,8615,8615
2023-04-04,GA/2023-24/00005,FY2023-24,4,ACC-030,Laxmi Sharma Stores,Jansath,SM03,Amit Saini,MSG-500-30,Madhusudan Ghee 500 ml,500 ml,1,15,8460,8460
2023-04-04,GA/2023-24/00006,FY2023-24,4,ACC-036,Shree Saini Enterprises,Budhana,SM02,Sunil Tyagi,MSG-500-30,Madhusudan Ghee 500 ml,500 ml,1,15,8460,8460
2023-04-04,GA/2023-24/00007,FY2023-24,4,ACC-046,New Kapoor Traders,Kairana,SM05,Deepak Rana,MSG-1L-15,Madhusudan Ghee 1 L,1 L,2,30,8310,16620
2023-04-04,GA/2023-24/00008,FY2023-24,4,ACC-072,Verma Agencies,Khatauli,SM02,Sunil Tyagi,MSG-500-30,Madhusudan Ghee 500 ml,500 ml,1,15,8460,8460
2023-04-05,GA/2023-24/00009,FY2023-24,4,ACC-093,Maa Malik & Company,Charthawal,SM03,Amit Saini,MSG-1L-15,Madhusudan Ghee 1 L,1 L,1,15,8310,8310
2023-04-06,GA/2023-24/00010,FY2023-24,4,ACC-002,New Dubey Marketing,Kairana,SM05,Deepak Rana,MSG-1L-15,Madhusudan Ghee 1 L,1 L,1,15,8310,8310
2023-04-06,GA/2023-24/00010,FY2023-24,4,ACC-002,New Dubey Marketing,Kairana,SM05,Deepak Rana,MSG-200-75,Madhusudan Ghee 200 ml,200 ml,1,15,8615,8615
2023-04-06,GA/2023-24/00011,FY2023-24,4,ACC-083,Maa Goel & Sons,Miranpur,SM04,Pankaj Verma,MSG-500-30,Madhusudan Ghee 500 ml,500 ml,2,30,8460,16920
2023-04-06,GA/2023-24/00012,FY2023-24,4,ACC-126,Bhatia General Store,Miranpur,SM04,Pankaj Verma,MSG-500-30,Madhusudan Ghee 500 ml,500 ml,1,15,8460,8460
2023-04-07,GA/2023-24/00013,FY2023-24,4,ACC-003,Krishna Khurana Provisions,Budhana,SM02,Sunil Tyagi,MSG-500-30,Madhusudan Ghee 500 ml,500 ml,2,30,8460,16920
2023-04-07,GA/2023-24/00014,FY2023-24,4,ACC-011,New Maheshwari Super Market,Kairana,SM05,Deepak Rana,MSG-200-75,Madhusudan Ghee 200 ml,200 ml,1,15,8615,8615
2023-04-07,GA/2023-24/00015,FY2023-24,4,ACC-096,Maheshwari Stores,Deoband,SM05,Deepak Rana,MSG-500-30,Madhusudan Ghee 500 ml,500 ml,1,15,8460,8460
2023-04-08,GA/2023-24/00016,FY2023-24,4,ACC-039,New Chopra Dairy,Deoband,SM05,Deepak Rana,MSG-1L-15,Madhusudan Ghee 1 L,1 L,1,15,8310,8310
2023-04-08,GA/2023-24/00017,FY2023-24,4,ACC-131,Jai Yadav Traders,Shamli,SM01,Rakesh Kumar,MSG-1L-15,Madhusudan Ghee 1 L,1 L,1,15,8310,8310
2023-04-08,GA/2023-24/00017,FY2023-24,4,ACC-131,Jai Yadav Traders,Shamli,SM01,Rakesh Kumar,MSG-500-30,Madhusudan Ghee 500 ml,500 ml,1,15,8460,8460
2023-04-10,GA/2023-24/00018,FY2023-24,4,ACC-009,Krishna Srivastava Agencies,Kairana,SM05,Deepak Rana,MSG-200-75,Madhusudan Ghee 200 ml,200 ml,2,30,8615,17230
2023-04-10,GA/2023-24/00018,FY2023-24,4,ACC-009,Krishna Srivastava Agencies,Kairana,SM05,Deepak Rana,MSG-500-30,Madhusudan Ghee 500 ml,500 ml,1,15,8460,8460
2023-04-10,GA/2023-24/00019,FY2023-24,4,ACC-067,Gupta Trading Co.,Khatauli,SM02,Sunil Tyagi,MSG-500-30,Madhusudan Ghee 500 ml,500 ml,1,15,8460,8460
2023-04-10,GA/2023-24/00020,FY2023-24,4,ACC-070,Shree Agarwal Agencies,Miranpur,SM04,Pankaj Verma,MSG-1L-15,Madhusudan Ghee 1 L,1 L,1,15,8310,8310
2023-04-11,GA/2023-24/00021,FY2023-24,4,ACC-138,Ganesh Gupta Trading Co.,Muzaffarnagar,SM01,Rakesh Kumar,MSG-500-30,Madhusudan Ghee 500 ml,500 ml,1,15,8460,8460
2023-04-12,GA/2023-24/00022,FY2023-24,4,ACC-006,Ganesh Jindal Dairy,Kairana,SM05,Deepak Rana,MSG-1L-15,Madhusudan Ghee 1 L,1 L,2,30,8310,16620
2023-04-12,GA/2023-24/00022,FY2023-24,4,ACC-006,Ganesh Jindal Dairy,Kairana,SM05,Deepak Rana,MSG-500-30,Madhusudan Ghee 500 ml,500 ml,1,15,8460,8460
2023-04-13,GA/2023-24/00023,FY2023-24,4,ACC-004,Jai Solanki Traders,Deoband,SM05,Deepak Rana,MSG-1L-15,Madhusudan Ghee 1 L,1 L,2,30,8310,16620
2023-04-13,GA/2023-24/00023,FY2023-24,4,ACC-004,Jai Solanki Traders,Deoband,SM05,Deepak Rana,MSG-500-30,Madhusudan Ghee 500 ml,500 ml,1,15,8460,8460
2023-04-13,GA/2023-24/00024,FY2023-24,4,ACC-037,Maa Yadav Stores,Charthawal,SM03,Amit Saini,MSG-1L-15,Madhusudan Ghee 1 L,1 L,2,30,8310,16620
2023-04-14,GA/2023-24/00025,FY2023-24,4,ACC-005,Malhotra Dairy,Kairana,SM05,Deepak Rana,MSG-500-30,Madhusudan Ghee 500 ml,500 ml,3,45,8460,25380
2023-04-14,GA/2023-24/00026,FY2023-24,4,ACC-013,Krishna Sachdeva Enterprises,Khatauli,SM02,Sunil Tyagi,MSG-1L-15,Madhusudan Ghee 1 L,1 L,2,30,8310,16620
2023-04-14,GA/2023-24/00027,FY2023-24,4,ACC-026,Krishna Goel Marketing,Shamli,SM01,Rakesh Kumar,MSG-500-30,Madhusudan Ghee 500 ml,500 ml,1,15,8460,8460
2023-04-14,GA/2023-24/00028,FY2023-24,4,ACC-123,Ganesh Goel Distributors,Miranpur,SM04,Pankaj Verma,MSG-1L-15,Madhusudan Ghee 1 L,1 L,1,15,8310,8310
2023-04-15,GA/2023-24/00029,FY2023-24,4,ACC-044,Mittal Marketing,Khatauli,SM02,Sunil Tyagi,MSG-1L-15,Madhusudan Ghee 1 L,1 L,1,15,8310,8310
2023-04-17,GA/2023-24/00030,FY2023-24,4,ACC-023,Agarwal Distributors,Jansath,SM03,Amit Saini,MSG-200-75,Madhusudan Ghee 200 ml,200 ml,1,15,8615,8615
2023-04-17,GA/2023-24/00031,FY2023-24,4,ACC-028,Srivastava Distributors,Jansath,SM03,Amit Saini,MSG-1L-15,Madhusudan Ghee 1 L,1 L,1,15,8310,8310
2023-04-17,GA/2023-24/00032,FY2023-24,4,ACC-045,Jai Yadav Sales Corporation,Miranpur,SM04,Pankaj Verma,MSG-500-30,Madhusudan Ghee 500 ml,500 ml,1,15,8460,8460
2023-04-17,GA/2023-24/00033,FY2023-24,4,ACC-113,Singla Enterprises,Khatauli,SM02,Sunil Tyagi,MSG-1L-15,Madhusudan Ghee 1 L,1 L,1,15,8310,8310
2023-04-17,GA/2023-24/00034,FY2023-24,4,ACC-121,New Yadav Trading Co.,Miranpur,SM04,Pankaj Verma,MSG-500-30,Madhusudan Ghee 500 ml,500 ml,2,30,8460,16920
2023-04-17,GA/2023-24/00035,FY2023-24,4,ACC-134,Jai Wadhwa Sales Corporation,Kairana,SM05,Deepak Rana,MSG-1L-15,Madhusudan Ghee 1 L,1 L,2,30,8310,16620
2023-04-18,GA/2023-24/00036,FY2023-24,4,ACC-007,Om Pandey Distributors,Purqazi,SM04,Pankaj Verma,MSG-200-75,Madhusudan Ghee 200 ml,200 ml,3,45,8615,25845
2023-04-18,GA/2023-24/00037,FY2023-24,4,ACC-027,Shree Gupta & Sons,Miranpur,SM04,Pankaj Verma,MSG-1L-15,Madhusudan Ghee 1 L,1 L,1,15,8310,8310
2023-04-18,GA/2023-24/00037,FY2023-24,4,ACC-027,Shree Gupta & Sons,Miranpur,SM04,Pankaj Verma,MSG-500-30,Madhusudan Ghee 500 ml,500 ml,1,15,8460,8460
2023-04-18,GA/2023-24/00038,FY2023-24,4,ACC-087,Khurana & Sons,Khatauli,SM02,Sunil Tyagi,MSG-200-75,Madhusudan Ghee 200 ml,200 ml,1,15,8615,8615
2023-04-19,GA/2023-24/00039,FY2023-24,4,ACC-002,New Dubey Marketing,Kairana,SM05,Deepak Rana,MSG-1L-15,Madhusudan Ghee 1 L,1 L,2,30,8310,16620
2023-04-19,GA/2023-24/00040,FY2023-24,4,ACC-021,Shri Tandon Stores,Muzaffarnagar,SM01,Rakesh Kumar,MSG-1L-15,Madhusudan Ghee 1 L,1 L,1,15,8310,8310
2023-04-19,GA/2023-24/00040,FY2023-24,4,ACC-021,Shri Tandon Stores,Muzaffarnagar,SM01,Rakesh Kumar,MSG-500-30,Madhusudan Ghee 500 ml,500 ml,1,15,8460,8460
2023-04-20,GA/2023-24/00041,FY2023-24,4,ACC-012,Bhardwaj Dairy,Charthawal,SM03,Amit Saini,MSG-1L-15,Madhusudan Ghee 1 L,1 L,1,15,8310,8310
2023-04-20,GA/2023-24/00042,FY2023-24,4,ACC-075,Krishna Bhardwaj Super Market,Charthawal,SM03,Amit Saini,MSG-1L-15,Madhusudan Ghee 1 L,1 L,2,30,8310,16620
2023-04-20,GA/2023-24/00043,FY2023-24,4,ACC-079,Maa Khurana Agencies,Muzaffarnagar,SM01,Rakesh Kumar,MSG-500-30,Madhusudan Ghee 500 ml,500 ml,1,15,8460,8460
2023-04-21,GA/2023-24/00044,FY2023-24,4,ACC-055,Shree Pandey Stores,Charthawal,SM03,Amit Saini,MSG-1L-15,Madhusudan Ghee 1 L,1 L,1,15,8310,8310
2023-04-22,GA/2023-24/00045,FY2023-24,4,ACC-008,Shree Maheshwari Enterprises,Shamli,SM01,Rakesh Kumar,MSG-1L-15,Madhusudan Ghee 1 L,1 L,2,30,8310,16620
2023-04-22,GA/2023-24/00046,FY2023-24,4,ACC-022,Tandon & Company,Kairana,SM05,Deepak Rana,MSG-1L-15,Madhusudan Ghee 1 L,1 L,1,15,8310,8310
2023-04-22,GA/2023-24/00047,FY2023-24,4,ACC-133,New Singla Stores,Shamli,SM01,Rakesh Kumar,MSG-1L-15,Madhusudan Ghee 1 L,1 L,2,30,8310,16620
2023-04-24,GA/2023-24/00048,FY2023-24,4,ACC-003,Krishna Khurana Provisions,Budhana,SM02,Sunil Tyagi,MSG-200-75,Madhusudan Ghee 200 ml,200 ml,2,30,8615,17230
2023-04-24,GA/2023-24/00048,FY2023-24,4,ACC-003,Krishna Khurana Provisions,Budhana,SM02,Sunil Tyagi,MSG-500-30,Madhusudan Ghee 500 ml,500 ml,2,30,8460,16920
2023-04-24,GA/2023-24/00049,FY2023-24,4,ACC-056,Bajaj Provisions,Deoband,SM05,Deepak Rana,MSG-500-30,Madhusudan Ghee 500 ml,500 ml,1,15,8460,8460
2023-04-24,GA/2023-24/00050,FY2023-24,4,ACC-063,Ganesh Kapoor Trading Co.,Charthawal,SM03,Amit Saini,MSG-500-30,Madhusudan Ghee 500 ml,500 ml,1,15,8460,8460
2023-04-27,GA/2023-24/00051,FY2023-24,4,ACC-018,Krishna Sharma Enterprises,Kairana,SM05,Deepak Rana,MSG-200-75,Madhusudan Ghee 200 ml,200 ml,1,15,8615,8615
2023-04-27,GA/2023-24/00052,FY2023-24,4,ACC-029,Balaji Rana Agencies,Khatauli,SM02,Sunil Tyagi,MSG-1L-15,Madhusudan Ghee 1 L,1 L,1,15,8310,8310
2023-04-27,GA/2023-24/00053,FY2023-24,4,ACC-033,Balaji Singhal Stores,Deoband,SM05,Deepak Rana,MSG-1L-15,Madhusudan Ghee 1 L,1 L,1,15,8310,8310
2023-04-27,GA/2023-24/00054,FY2023-24,4,ACC-128,Shree Saxena General Store,Deoband,SM05,Deepak Rana,MSG-1L-15,Madhusudan Ghee 1 L,1 L,1,15,8310,8310
2023-04-27,GA/2023-24/00055,FY2023-24,4,ACC-130,Maa Nagpal & Company,Deoband,SM05,Deepak Rana,MSG-1L-15,Madhusudan Ghee 1 L,1 L,2,30,8310,16620
2023-04-29,GA/2023-24/00056,FY2023-24,4,ACC-010,Shree Mishra Provisions,Muzaffarnagar,SM01,Rakesh Kumar,MSG-1L-15,Madhusudan Ghee 1 L,1 L,1,15,8310,8310
2023-04-29,GA/2023-24/00057,FY2023-24,4,ACC-014,Maa Chopra Kirana Store,Khatauli,SM02,Sunil Tyagi,MSG-500-30,Madhusudan Ghee 500 ml,500 ml,1,15,8460,8460
2023-04-29,GA/2023-24/00058,FY2023-24,4,ACC-017,Maa Malik Enterprises,Kairana,SM05,Deepak Rana,MSG-500-30,Madhusudan Ghee 500 ml,500 ml,2,30,8460,16920
2023-04-29,GA/2023-24/00059,FY2023-24,4,ACC-019,Mishra Agencies,Muzaffarnagar,SM01,Rakesh Kumar,MSG-200-75,Madhusudan Ghee 200 ml,200 ml,1,15,8615,8615
2023-04-29,GA/2023-24/00060,FY2023-24,4,ACC-020,Krishna Bhardwaj Trading Co.,Khatauli,SM02,Sunil Tyagi,MSG-1L-15,Madhusudan Ghee 1 L,1 L,1,15,8310,8310
2023-04-29,GA/2023-24/00061,FY2023-24,4,ACC-031,Laxmi Sirohi Super Market,Charthawal,SM03,Amit Saini,MSG-500-30,Madhusudan Ghee 500 ml,500 ml,1,15,8460,8460
2023-04-29,GA/2023-24/00062,FY2023-24,4,ACC-042,Maa Sachdeva Agencies,Charthawal,SM03,Amit Saini,MSG-200-75,Madhusudan Ghee 200 ml,200 ml,1,15,8615,8615
2023-04-29,GA/2023-24/00063,FY2023-24,4,ACC-101,Shri Ahuja Enterprises,Miranpur,SM04,Pankaj Verma,MSG-1L-15,Madhusudan Ghee 1 L,1 L,1,15,8310,8310
2023-05-01,GA/2023-24/00064,FY2023-24,5,ACC-002,New Dubey Marketing,Kairana,SM05,Deepak Rana,MSG-1L-15,Madhusudan Ghee 1 L,1 L,2,30,8360,16720
2023-05-01,GA/2023-24/00065,FY2023-24,5,ACC-013,Krishna Sachdeva Enterprises,Khatauli,SM02,Sunil Tyagi,MSG-500-30,Madhusudan Ghee 500 ml,500 ml,1,15,8515,8515
2023-05-01,GA/2023-24/00066,FY2023-24,5,ACC-080,Malhotra Enterprises,Kairana,SM05,Deepak Rana,MSG-1L-15,Madhusudan Ghee 1 L,1 L,1,15,8360,8360
2023-05-02,GA/2023-24/00067,FY2023-24,5,ACC-006,Ganesh Jindal Dairy,Kairana,SM05,Deepak Rana,MSG-1L-15,Madhusudan Ghee 1 L,1 L,2,30,8360,16720
2023-05-02,GA/2023-24/00067,FY2023-24,5,ACC-006,Ganesh Jindal Dairy,Kairana,SM05,Deepak Rana,MSG-500-30,Madhusudan Ghee 500 ml,500 ml,2,30,8515,17030
2023-05-02,GA/2023-24/00068,FY2023-24,5,ACC-082,Shree Kaushik Enterprises,Charthawal,SM03,Amit Saini,MSG-1L-15,Madhusudan Ghee 1 L,1 L,1,15,8360,8360
2023-05-03,GA/2023-24/00069,FY2023-24,5,ACC-032,Goyal Super Market,Deoband,SM05,Deepak Rana,MSG-200-75,Madhusudan Ghee 200 ml,200 ml,1,15,8670,8670
2023-05-03,GA/2023-24/00070,FY2023-24,5,ACC-055,Shree Pandey Stores,Charthawal,SM03,Amit Saini,MSG-500-30,Madhusudan Ghee 500 ml,500 ml,2,30,8515,17030
2023-05-05,GA/2023-24/00071,FY2023-24,5,ACC-031,Laxmi Sirohi Super Market,Charthawal,SM03,Amit Saini,MSG-500-30,Madhusudan Ghee 500 ml,500 ml,1,15,8515,8515
2023-05-05,GA/2023-24/00072,FY2023-24,5,ACC-068,Ganesh Saxena General Store,Shamli,SM01,Rakesh Kumar,MSG-1L-15,Madhusudan Ghee 1 L,1 L,1,15,8360,8360
2023-05-05,GA/2023-24/00073,FY2023-24,5,ACC-108,New Ahuja Distributors,Deoband,SM05,Deepak Rana,MSG-1L-15,Madhusudan Ghee 1 L,1 L,1,15,8360,8360
2023-05-06,GA/2023-24/00074,FY2023-24,5,ACC-144,Shree Ahuja Provisions,Shamli,SM01,Rakesh Kumar,MSG-500-30,Madhusudan Ghee 500 ml,500 ml,1,15,8515,8515
2023-05-08,GA/2023-24/00075,FY2023-24,5,ACC-009,Krishna Srivastava Agencies,Kairana,SM05,Deepak Rana,MSG-200-75,Madhusudan Ghee 200 ml,200 ml,2,30,8670,17340
2023-05-08,GA/2023-24/00076,FY2023-24,5,ACC-017,Maa Malik Enterprises,Kairana,SM05,Deepak Rana,MSG-1L-15,Madhusudan Ghee 1 L,1 L,1,15,8360,8360
2023-05-08,GA/2023-24/00077,FY2023-24,5,ACC-027,Shree Gupta & Sons,Miranpur,SM04,Pankaj Verma,MSG-500-30,Madhusudan Ghee 500 ml,500 ml,1,15,8515,8515
2023-05-08,GA/2023-24/00078,FY2023-24,5,ACC-046,New Kapoor Traders,Kairana,SM05,Deepak Rana,MSG-1L-15,Madhusudan Ghee 1 L,1 L,2,30,8360,16720
2023-05-08,GA/2023-24/00079,FY2023-24,5,ACC-051,Laxmi Sachdeva Traders,Jansath,SM03,Amit Saini,MSG-1L-15,Madhusudan Ghee 1 L,1 L,1,15,8360,8360
2023-05-08,GA/2023-24/00080,FY2023-24,5,ACC-069,Balaji Kapoor General Store,Budhana,SM02,Sunil Tyagi,MSG-1L-15,Madhusudan Ghee 1 L,1 L,1,15,8360,8360
2023-05-09,GA/2023-24/00081,FY2023-24,5,ACC-033,Balaji Singhal Stores,Deoband,SM05,Deepak Rana,MSG-1L-15,Madhusudan Ghee 1 L,1 L,1,15,8360,8360
2023-05-09,GA/2023-24/00082,FY2023-24,5,ACC-093,Maa Malik & Company,Charthawal,SM03,Amit Saini,MSG-500-30,Madhusudan Ghee 500 ml,500 ml,1,15,8515,8515
2023-05-10,GA/2023-24/00083,FY2023-24,5,ACC-061,Jai Srivastava General Store,Muzaffarnagar,SM01,Rakesh Kumar,MSG-500-30,Madhusudan Ghee 500 ml,500 ml,1,15,8515,8515
2023-05-11,GA/2023-24/00084,FY2023-24,5,ACC-007,Om Pandey Distributors,Purqazi,SM04,Pankaj Verma,MSG-1L-15,Madhusudan Ghee 1 L,1 L,1,15,8360,8360
2023-05-11,GA/2023-24/00085,FY2023-24,5,ACC-015,Wadhwa Super Market,Muzaffarnagar,SM01,Rakesh Kumar,MSG-1L-15,Madhusudan Ghee 1 L,1 L,1,15,8360,8360
2023-05-15,GA/2023-24/00086,FY2023-24,5,ACC-056,Bajaj Provisions,Deoband,SM05,Deepak Rana,MSG-500-30,Madhusudan Ghee 500 ml,500 ml,1,15,8515,8515
2023-05-15,GA/2023-24/00087,FY2023-24,5,ACC-107,Ganesh Sachdeva Provisions,Charthawal,SM03,Amit Saini,MSG-1L-15,Madhusudan Ghee 1 L,1 L,1,15,8360,8360
2023-05-16,GA/2023-24/00088,FY2023-24,5,ACC-005,Malhotra Dairy,Kairana,SM05,Deepak Rana,MSG-500-30,Madhusudan Ghee 500 ml,500 ml,3,45,8515,25545
2023-05-16,GA/2023-24/00089,FY2023-24,5,ACC-023,Agarwal Distributors,Jansath,SM03,Amit Saini,MSG-1L-15,Madhusudan Ghee 1 L,1 L,1,15,8360,8360
2023-05-16,GA/2023-24/00090,FY2023-24,5,ACC-048,Maa Sharma Marketing,Budhana,SM02,Sunil Tyagi,MSG-1L-15,Madhusudan Ghee 1 L,1 L,1,15,8360,8360
2023-05-17,GA/2023-24/00091,FY2023-24,5,ACC-011,New Maheshwari Super Market,Kairana,SM05,Deepak Rana,MSG-500-30,Madhusudan Ghee 500 ml,500 ml,1,15,8515,8515
2023-05-17,GA/2023-24/00092,FY2023-24,5,ACC-012,Bhardwaj Dairy,Charthawal,SM03,Amit Saini,MSG-1L-15,Madhusudan Ghee 1 L,1 L,1,15,8360,8360
2023-05-19,GA/2023-24/00093,FY2023-24,5,ACC-008,Shree Maheshwari Enterprises,Shamli,SM01,Rakesh Kumar,MSG-1L-15,Madhusudan Ghee 1 L,1 L,2,30,8360,16720
2023-05-19,GA/2023-24/00094,FY2023-24,5,ACC-096,Maheshwari Stores,Deoband,SM05,Deepak Rana,MSG-500-30,Madhusudan Ghee 500 ml,500 ml,1,15,8515,8515
2023-05-20,GA/2023-24/00095,FY2023-24,5,ACC-016,Ganesh Bhardwaj Trading Co.,Budhana,SM02,Sunil Tyagi,MSG-500-30,Madhusudan Ghee 500 ml,500 ml,1,15,8515,8515
2023-05-20,GA/2023-24/00096,FY2023-24,5,ACC-029,Balaji Rana Agencies,Khatauli,SM02,Sunil Tyagi,MSG-1L-15,Madhusudan Ghee 1 L,1 L,1,15,8360,8360
2023-05-20,GA/2023-24/00097,FY2023-24,5,ACC-067,Gupta Trading Co.,Khatauli,SM02,Sunil Tyagi,MSG-500-30,Madhusudan Ghee 500 ml,500 ml,1,15,8515,8515
2023-05-20,GA/2023-24/00098,FY2023-24,5,ACC-097,New Mishra Distributors,Deoband,SM05,Deepak Rana,MSG-1L-15,Madhusudan Ghee 1 L,1 L,1,15,8360,8360
2023-05-20,GA/2023-24/00099,FY2023-24,5,ACC-098,Balaji Rana Distributors,Shamli,SM01,Rakesh Kumar,MSG-200-75,Madhusudan Ghee 200 ml,200 ml,1,15,8670,8670
2023-05-22,GA/2023-24/00100,FY2023-24,5,ACC-010,Shree Mishra Provisions,Muzaffarnagar,SM01,Rakesh Kumar,MSG-1L-15,Madhusudan Ghee 1 L,1 L,1,15,8360,8360
2023-05-22,GA/2023-24/00101,FY2023-24,5,ACC-042,Maa Sachdeva Agencies,Charthawal,SM03,Amit Saini,MSG-1L-15,Madhusudan Ghee 1 L,1 L,1,15,8360,8360
2023-05-22,GA/2023-24/00102,FY2023-24,5,ACC-125,Balaji Tandon Provisions,Khatauli,SM02,Sunil Tyagi,MSG-1L-15,Madhusudan Ghee 1 L,1 L,1,15,8360,8360
2023-05-23,GA/2023-24/00103,FY2023-24,5,ACC-003,Krishna Khurana Provisions,Budhana,SM02,Sunil Tyagi,MSG-500-30,Madhusudan Ghee 500 ml,500 ml,5,75,8515,42575
2023-05-24,GA/2023-24/00104,FY2023-24,5,ACC-004,Jai Solanki Traders,Deoband,SM05,Deepak Rana,MSG-1L-15,Madhusudan Ghee 1 L,1 L,3,45,8360,25080
2023-05-24,GA/2023-24/00105,FY2023-24,5,ACC-059,Balaji Garg Agencies,Purqazi,SM04,Pankaj Verma,MSG-500-30,Madhusudan Ghee 500 ml,500 ml,1,15,8515,8515
2023-05-24,GA/2023-24/00106,FY2023-24,5,ACC-081,Jai Kapoor Super Market,Charthawal,SM03,Amit Saini,MSG-1L-15,Madhusudan Ghee 1 L,1 L,1,15,8360,8360
2023-05-25,GA/2023-24/00107,FY2023-24,5,ACC-040,New Mishra Trading Co.,Shamli,SM01,Rakesh Kumar,MSG-1L-15,Madhusudan Ghee 1 L,1 L,1,15,8360,8360
2023-05-25,GA/2023-24/00108,FY2023-24,5,ACC-089,Jai Sharma Provisions,Purqazi,SM04,Pankaj Verma,MSG-1L-15,Madhusudan Ghee 1 L,1 L,1,15,8360,8360
2023-05-27,GA/2023-24/00109,FY2023-24,5,ACC-002,New Dubey Marketing,Kairana,SM05,Deepak Rana,MSG-1L-15,Madhusudan Ghee 1 L,1 L,2,30,8360,16720
2023-05-27,GA/2023-24/00110,FY2023-24,5,ACC-072,Verma Agencies,Khatauli,SM02,Sunil Tyagi,MSG-200-75,Madhusudan Ghee 200 ml,200 ml,1,15,8670,8670
2023-05-27,GA/2023-24/00111,FY2023-24,5,ACC-075,Krishna Bhardwaj Super Market,Charthawal,SM03,Amit Saini,MSG-200-75,Madhusudan Ghee 200 ml,200 ml,1,15,8670,8670
2023-05-27,GA/2023-24/00111,FY2023-24,5,ACC-075,Krishna Bhardwaj Super Market,Charthawal,SM03,Amit Saini,MSG-500-30,Madhusudan Ghee 500 ml,500 ml,1,15,8515,8515
2023-05-29,GA/2023-24/00112,FY2023-24,5,ACC-001,Om Dubey Super Market,Muzaffarnagar,SM01,Rakesh Kumar,MSG-500-30,Madhusudan Ghee 500 ml,500 ml,3,45,8515,25545
2023-05-29,GA/2023-24/00113,FY2023-24,5,ACC-026,Krishna Goel Marketing,Shamli,SM01,Rakesh Kumar,MSG-1L-15,Madhusudan Ghee 1 L,1 L,1,15,8360,8360
2023-05-29,GA/2023-24/00114,FY2023-24,5,ACC-101,Shri Ahuja Enterprises,Miranpur,SM04,Pankaj Verma,MSG-1L-15,Madhusudan Ghee 1 L,1 L,1,15,8360,8360
2023-05-29,GA/2023-24/00114,FY2023-24,5,ACC-101,Shri Ahuja Enterprises,Miranpur,SM04,Pankaj Verma,MSG-500-30,Madhusudan Ghee 500 ml,500 ml,1,15,8515,8515
2023-05-29,GA/2023-24/00115,FY2023-24,5,ACC-135,Agarwal Traders,Khatauli,SM02,Sunil Tyagi,MSG-200-75,Madhusudan Ghee 200 ml,200 ml,1,15,8670,8670
2023-05-30,GA/2023-24/00116,FY2023-24,5,ACC-018,Krishna Sharma Enterprises,Kairana,SM05,Deepak Rana,MSG-500-30,Madhusudan Ghee 500 ml,500 ml,3,45,8515,25545
2023-05-31,GA/2023-24/00117,FY2023-24,5,ACC-037,Maa Yadav Stores,Charthawal,SM03,Amit Saini,MSG-1L-15,Madhusudan Ghee 1 L,1 L,1,15,8360,8360
2023-05-31,GA/2023-24/00118,FY2023-24,5,ACC-106,Shree Ahuja & Company,Khatauli,SM02,Sunil Tyagi,MSG-500-30,Madhusudan Ghee 500 ml,500 ml,1,15,8515,8515
2023-05-31,GA/2023-24/00119,FY2023-24,5,ACC-110,Laxmi Kansal & Sons,Kairana,SM05,Deepak Rana,MSG-1L-15,Madhusudan Ghee 1 L,1 L,1,15,8360,8360
2023-05-31,GA/2023-24/00120,FY2023-24,5,ACC-119,Solanki Dairy,Deoband,SM05,Deepak Rana,MSG-1L-15,Madhusudan Ghee 1 L,1 L,1,15,8360,8360
2023-06-02,GA/2023-24/00121,FY2023-24,6,ACC-018,Krishna Sharma Enterprises,Kairana,SM05,Deepak Rana,MSG-500-30,Madhusudan Ghee 500 ml,500 ml,1,15,8515,8515
2023-06-02,GA/2023-24/00122,FY2023-24,6,ACC-041,Chopra Traders,Purqazi,SM04,Pankaj Verma,MSG-500-30,Madhusudan Ghee 500 ml,500 ml,1,15,8515,8515
2023-06-02,GA/2023-24/00123,FY2023-24,6,ACC-072,Verma Agencies,Khatauli,SM02,Sunil Tyagi,MSG-500-30,Madhusudan Ghee 500 ml,500 ml,1,15,8515,8515
2023-06-03,GA/2023-24/00124,FY2023-24,6,ACC-040,New Mishra Trading Co.,Shamli,SM01,Rakesh Kumar,MSG-1L-15,Madhusudan Ghee 1 L,1 L,1,15,8360,8360
2023-06-03,GA/2023-24/00125,FY2023-24,6,ACC-048,Maa Sharma Marketing,Budhana,SM02,Sunil Tyagi,MSG-1L-15,Madhusudan Ghee 1 L,1 L,1,15,8360,8360
2023-06-03,GA/2023-24/00126,FY2023-24,6,ACC-079,Maa Khurana Agencies,Muzaffarnagar,SM01,Rakesh Kumar,MSG-500-30,Madhusudan Ghee 500 ml,500 ml,1,15,8515,8515
2023-06-03,GA/2023-24/00127,FY2023-24,6,ACC-094,Singla Stores,Budhana,SM02,Sunil Tyagi,MSG-1L-15,Madhusudan Ghee 1 L,1 L,2,30,8360,16720
2023-06-05,GA/2023-24/00128,FY2023-24,6,ACC-006,Ganesh Jindal Dairy,Kairana,SM05,Deepak Rana,MSG-1L-15,Madhusudan Ghee 1 L,1 L,2,30,8360,16720
2023-06-05,GA/2023-24/00129,FY2023-24,6,ACC-008,Shree Maheshwari Enterprises,Shamli,SM01,Rakesh Kumar,MSG-500-30,Madhusudan Ghee 500 ml,500 ml,2,30,8515,17030
2023-06-05,GA/2023-24/00130,FY2023-24,6,ACC-020,Krishna Bhardwaj Trading Co.,Khatauli,SM02,Sunil Tyagi,MSG-1L-15,Madhusudan Ghee 1 L,1 L,1,15,8360,8360
2023-06-05,GA/2023-24/00131,FY2023-24,6,ACC-029,Balaji Rana Agencies,Khatauli,SM02,Sunil Tyagi,MSG-1L-15,Madhusudan Ghee 1 L,1 L,1,15,8360,8360
2023-06-05,GA/2023-24/00132,FY2023-24,6,ACC-037,Maa Yadav Stores,Charthawal,SM03,Amit Saini,MSG-500-30,Madhusudan Ghee 500 ml,500 ml,1,15,8515,8515
2023-06-05,GA/2023-24/00133,FY2023-24,6,ACC-046,New Kapoor Traders,Kairana,SM05,Deepak Rana,MSG-500-30,Madhusudan Ghee 500 ml,500 ml,1,15,8515,8515
2023-06-05,GA/2023-24/00134,FY2023-24,6,ACC-059,Balaji Garg Agencies,Purqazi,SM04,Pankaj Verma,MSG-1L-15,Madhusudan Ghee 1 L,1 L,1,15,8360,8360
2023-06-06,GA/2023-24/00135,FY2023-24,6,ACC-002,New Dubey Marketing,Kairana,SM05,Deepak Rana,MSG-1L-15,Madhusudan Ghee 1 L,1 L,1,15,8360,8360
2023-06-06,GA/2023-24/00135,FY2023-24,6,ACC-002,New Dubey Marketing,Kairana,SM05,Deepak Rana,MSG-500-30,Madhusudan Ghee 500 ml,500 ml,2,30,8515,17030
2023-06-06,GA/2023-24/00136,FY2023-24,6,ACC-016,Ganesh Bhardwaj Trading Co.,Budhana,SM02,Sunil Tyagi,MSG-1L-15,Madhusudan Ghee 1 L,1 L,1,15,8360,8360
2023-06-06,GA/2023-24/00137,FY2023-24,6,ACC-140,Laxmi Saxena Kirana Store,Kairana,SM05,Deepak Rana,MSG-500-30,Madhusudan Ghee 500 ml,500 ml,1,15,8515,8515
2023-06-07,GA/2023-24/00138,FY2023-24,6,ACC-045,Jai Yadav Sales Corporation,Miranpur,SM04,Pankaj Verma,MSG-1L-15,Madhusudan Ghee 1 L,1 L,1,15,8360,8360
2023-06-07,GA/2023-24/00138,FY2023-24,6,ACC-045,Jai Yadav Sales Corporation,Miranpur,SM04,Pankaj Verma,MSG-500-30,Madhusudan Ghee 500 ml,500 ml,1,15,8515,8515
2023-06-07,GA/2023-24/00139,FY2023-24,6,ACC-061,Jai Srivastava General Store,Muzaffarnagar,SM01,Rakesh Kumar,MSG-500-30,Madhusudan Ghee 500 ml,500 ml,1,15,8515,8515
2023-06-07,GA/2023-24/00140,FY2023-24,6,ACC-063,Ganesh Kapoor Trading Co.,Charthawal,SM03,Amit Saini,MSG-500-30,Madhusudan Ghee 500 ml,500 ml,1,15,8515,8515
2023-06-07,GA/2023-24/00141,FY2023-24,6,ACC-099,Balaji Garg Distributors,Khatauli,SM02,Sunil Tyagi,MSG-200-75,Madhusudan Ghee 200 ml,200 ml,1,15,8670,8670
2023-06-08,GA/2023-24/00142,FY2023-24,6,ACC-131,Jai Yadav Traders,Shamli,SM01,Rakesh Kumar,MSG-500-30,Madhusudan Ghee 500 ml,500 ml,1,15,8515,8515
2023-06-10,GA/2023-24/00143,FY2023-24,6,ACC-017,Maa Malik Enterprises,Kairana,SM05,Deepak Rana,MSG-500-30,Madhusudan Ghee 500 ml,500 ml,1,15,8515,8515
2023-06-10,GA/2023-24/00144,FY2023-24,6,ACC-054,Jai Goyal General Store,Miranpur,SM04,Pankaj Verma,MSG-500-30,Madhusudan Ghee 500 ml,500 ml,1,15,8515,8515
2023-06-10,GA/2023-24/00145,FY2023-24,6,ACC-066,Dhingra Marketing,Muzaffarnagar,SM01,Rakesh Kumar,MSG-1L-15,Madhusudan Ghee 1 L,1 L,1,15,8360,8360
2023-06-10,GA/2023-24/00146,FY2023-24,6,ACC-135,Agarwal Traders,Khatauli,SM02,Sunil Tyagi,MSG-500-30,Madhusudan Ghee 500 ml,500 ml,2,30,8515,17030
2023-06-12,GA/2023-24/00147,FY2023-24,6,ACC-007,Om Pandey Distributors,Purqazi,SM04,Pankaj Verma,MSG-1L-15,Madhusudan Ghee 1 L,1 L,1,15,8360,8360
2023-06-12,GA/2023-24/00148,FY2023-24,6,ACC-019,Mishra Agencies,Muzaffarnagar,SM01,Rakesh Kumar,MSG-1L-15,Madhusudan Ghee 1 L,1 L,1,15,8360,8360
2023-06-12,GA/2023-24/00149,FY2023-24,6,ACC-036,Shree Saini Enterprises,Budhana,SM02,Sunil Tyagi,MSG-1L-15,Madhusudan Ghee 1 L,1 L,1,15,8360,8360
2023-06-12,GA/2023-24/00150,FY2023-24,6,ACC-115,Sethi Super Market,Budhana,SM02,Sunil Tyagi,MSG-1L-15,Madhusudan Ghee 1 L,1 L,2,30,8360,16720
2023-06-13,GA/2023-24/00151,FY2023-24,6,ACC-014,Maa Chopra Kirana Store,Khatauli,SM02,Sunil Tyagi,MSG-1L-15,Madhusudan Ghee 1 L,1 L,1,15,8360,8360
2023-06-13,GA/2023-24/00152,FY2023-24,6,ACC-042,Maa Sachdeva Agencies,Charthawal,SM03,Amit Saini,MSG-200-75,Madhusudan Ghee 200 ml,200 ml,2,30,8670,17340
2023-06-13,GA/2023-24/00153,FY2023-24,6,ACC-138,Ganesh Gupta Trading Co.,Muzaffarnagar,SM01,Rakesh Kumar,MSG-500-30,Madhusudan Ghee 500 ml,500 ml,1,15,8515,8515
2023-06-14,GA/2023-24/00154,FY2023-24,6,ACC-118,Laxmi Rana & Sons,Budhana,SM02,Sunil Tyagi,MSG-1L-15,Madhusudan Ghee 1 L,1 L,1,15,8360,8360
2023-06-14,GA/2023-24/00155,FY2023-24,6,ACC-119,Solanki Dairy,Deoband,SM05,Deepak Rana,MSG-1L-15,Madhusudan Ghee 1 L,1 L,2,30,8360,16720
2023-06-15,GA/2023-24/00156,FY2023-24,6,ACC-003,Krishna Khurana Provisions,Budhana,SM02,Sunil Tyagi,MSG-500-30,Madhusudan Ghee 500 ml,500 ml,3,45,8515,25545
2023-06-16,GA/2023-24/00157,FY2023-24,6,ACC-087,Khurana & Sons,Khatauli,SM02,Sunil Tyagi,MSG-1L-15,Madhusudan Ghee 1 L,1 L,1,15,8360,8360
2023-06-19,GA/2023-24/00158,FY2023-24,6,ACC-056,Bajaj Provisions,Deoband,SM05,Deepak Rana,MSG-1L-15,Madhusudan Ghee 1 L,1 L,2,30,8360,16720
2023-06-19,GA/2023-24/00159,FY2023-24,6,ACC-083,Maa Goel & Sons,Miranpur,SM04,Pankaj Verma,MSG-1L-15,Madhusudan Ghee 1 L,1 L,1,15,8360,8360
2023-06-19,GA/2023-24/00160,FY2023-24,6,ACC-108,New Ahuja Distributors,Deoband,SM05,Deepak Rana,MSG-1L-15,Madhusudan Ghee 1 L,1 L,1,15,8360,8360
2023-06-20,GA/2023-24/00161,FY2023-24,6,ACC-012,Bhardwaj Dairy,Charthawal,SM03,Amit Saini,MSG-1L-15,Madhusudan Ghee 1 L,1 L,1,15,8360,8360
2023-06-20,GA/2023-24/00162,FY2023-24,6,ACC-080,Malhotra Enterprises,Kairana,SM05,Deepak Rana,MSG-500-30,Madhusudan Ghee 500 ml,500 ml,2,30,8515,17030
2023-06-21,GA/2023-24/00163,FY2023-24,6,ACC-004,Jai Solanki Traders,Deoband,SM05,Deepak Rana,MSG-1L-15,Madhusudan Ghee 1 L,1 L,3,45,8360,25080
2023-06-22,GA/2023-24/00164,FY2023-24,6,ACC-009,Krishna Srivastava Agencies,Kairana,SM05,Deepak Rana,MSG-500-30,Madhusudan Ghee 500 ml,500 ml,1,15,8515,8515
2023-06-22,GA/2023-24/00165,FY2023-24,6,ACC-027,Shree Gupta & Sons,Miranpur,SM04,Pankaj Verma,MSG-200-75,Madhusudan Ghee 200 ml,200 ml,1,15,8670,8670
2023-06-22,GA/2023-24/00166,FY2023-24,6,ACC-116,Shree Singla & Company,Miranpur,SM04,Pankaj Verma,MSG-1L-15,Madhusudan Ghee 1 L,1 L,1,15,8360,8360
2023-06-23,GA/2023-24/00167,FY2023-24,6,ACC-022,Tandon & Company,Kairana,SM05,Deepak Rana,MSG-1L-15,Madhusudan Ghee 1 L,1 L,1,15,8360,8360
2023-06-23,GA/2023-24/00168,FY2023-24,6,ACC-033,Balaji Singhal Stores,Deoband,SM05,Deepak Rana,MSG-200-75,Madhusudan Ghee 200 ml,200 ml,1,15,8670,8670
2023-06-23,GA/2023-24/00169,FY2023-24,6,ACC-097,New Mishra Distributors,Deoband,SM05,Deepak Rana,MSG-1L-15,Madhusudan Ghee 1 L,1 L,1,15,8360,8360
2023-06-23,GA/2023-24/00170,FY2023-24,6,ACC-113,Singla Enterprises,Khatauli,SM02,Sunil Tyagi,MSG-500-30,Madhusudan Ghee 500 ml,500 ml,1,15,8515,8515
2023-06-24,GA/2023-24/00171,FY2023-24,6,ACC-044,Mittal Marketing,Khatauli,SM02,Sunil Tyagi,MSG-500-30,Madhusudan Ghee 500 ml,500 ml,1,15,8515,8515
2023-06-26,GA/2023-24/00172,FY2023-24,6,ACC-005,Malhotra Dairy,Kairana,SM05,Deepak Rana,MSG-1L-15,Madhusudan Ghee 1 L,1 L,3,45,8360,25080
2023-06-26,GA/2023-24/00173,FY2023-24,6,ACC-015,Wadhwa Super Market,Muzaffarnagar,SM01,Rakesh Kumar,MSG-500-30,Madhusudan Ghee 500 ml,500 ml,1,15,8515,8515
2023-06-27,GA/2023-24/00174,FY2023-24,6,ACC-120,Ganesh Kansal Provisions,Muzaffarnagar,SM01,Rakesh Kumar,MSG-200-75,Madhusudan Ghee 200 ml,200 ml,1,15,8670,8670
2023-06-28,GA/2023-24/00175,FY2023-24,6,ACC-117,Shri Khandelwal Sales Corporation,Deoband,SM05,Deepak Rana,MSG-1L-15,Madhusudan Ghee 1 L,1 L,1,15,8360,8360
2023-06-29,GA/2023-24/00176,FY2023-24,6,ACC-010,Shree Mishra Provisions,Muzaffarnagar,SM01,Rakesh Kumar,MSG-1L-15,Madhusudan Ghee 1 L,1 L,1,15,8360,8360
2023-06-29,GA/2023-24/00177,FY2023-24,6,ACC-047,Khurana Distributors,Jansath,SM03,Amit Saini,MSG-1L-15,Madhusudan Ghee 1 L,1 L,1,15,8360,8360
2023-06-29,GA/2023-24/00178,FY2023-24,6,ACC-051,Laxmi Sachdeva Traders,Jansath,SM03,Amit Saini,MSG-200-75,Madhusudan Ghee 200 ml,200 ml,1,15,8670,8670
2023-06-29,GA/2023-24/00179,FY2023-24,6,ACC-139,Goel Trading Co.,Muzaffarnagar,SM01,Rakesh Kumar,MSG-200-75,Madhusudan Ghee 200 ml,200 ml,2,30,8670,17340
2023-06-30,GA/2023-24/00180,FY2023-24,6,ACC-013,Krishna Sachdeva Enterprises,Khatauli,SM02,Sunil Tyagi,MSG-1L-15,Madhusudan Ghee 1 L,1 L,1,15,8360,8360
2023-06-30,GA/2023-24/00181,FY2023-24,6,ACC-110,Laxmi Kansal & Sons,Kairana,SM05,Deepak Rana,MSG-1L-15,Madhusudan Ghee 1 L,1 L,1,15,8360,8360
2023-07-03,GA/2023-24/00182,FY2023-24,7,ACC-003,Krishna Khurana Provisions,Budhana,SM02,Sunil Tyagi,MSG-1L-15,Madhusudan Ghee 1 L,1 L,3,45,8360,25080
2023-07-03,GA/2023-24/00183,FY2023-24,7,ACC-099,Balaji Garg Distributors,Khatauli,SM02,Sunil Tyagi,MSG-1L-15,Madhusudan Ghee 1 L,1 L,1,15,8360,8360
2023-07-04,GA/2023-24/00184,FY2023-24,7,ACC-005,Malhotra Dairy,Kairana,SM05,Deepak Rana,MSG-1L-15,Madhusudan Ghee 1 L,1 L,2,30,8360,16720
2023-07-05,GA/2023-24/00185,FY2023-24,7,ACC-045,Jai Yadav Sales Corporation,Miranpur,SM04,Pankaj Verma,MSG-500-30,Madhusudan Ghee 500 ml,500 ml,1,15,8515,8515
2023-07-05,GA/2023-24/00186,FY2023-24,7,ACC-130,Maa Nagpal & Company,Deoband,SM05,Deepak Rana,MSG-500-30,Madhusudan Ghee 500 ml,500 ml,1,15,8515,8515
2023-07-06,GA/2023-24/00187,FY2023-24,7,ACC-036,Shree Saini Enterprises,Budhana,SM02,Sunil Tyagi,MSG-1L-15,Madhusudan Ghee 1 L,1 L,2,30,8360,16720
2023-07-07,GA/2023-24/00188,FY2023-24,7,ACC-014,Maa Chopra Kirana Store,Khatauli,SM02,Sunil Tyagi,MSG-1L-15,Madhusudan Ghee 1 L,1 L,1,15,8360,8360
2023-07-07,GA/2023-24/00188,FY2023-24,7,ACC-014,Maa Chopra Kirana Store,Khatauli,SM02,Sunil Tyagi,MSG-500-30,Madhusudan Ghee 500 ml,500 ml,1,15,8515,8515
2023-07-07,GA/2023-24/00189,FY2023-24,7,ACC-080,Malhotra Enterprises,Kairana,SM05,Deepak Rana,MSG-1L-15,Madhusudan Ghee 1 L,1 L,1,15,8360,8360
2023-07-08,GA/2023-24/00190,FY2023-24,7,ACC-020,Krishna Bhardwaj Trading Co.,Khatauli,SM02,Sunil Tyagi,MSG-1L-15,Madhusudan Ghee 1 L,1 L,1,15,8360,8360
2023-07-10,GA/2023-24/00191,FY2023-24,7,ACC-008,Shree Maheshwari Enterprises,Shamli,SM01,Rakesh Kumar,MSG-1L-15,Madhusudan Ghee 1 L,1 L,3,45,8360,25080
2023-07-10,GA/2023-24/00192,FY2023-24,7,ACC-049,Goyal General Store,Muzaffarnagar,SM01,Rakesh Kumar,MSG-1L-15,Madhusudan Ghee 1 L,1 L,1,15,8360,8360
2023-07-11,GA/2023-24/00193,FY2023-24,7,ACC-073,Maa Gupta Dairy,Jansath,SM03,Amit Saini,MSG-1L-15,Madhusudan Ghee 1 L,1 L,1,15,8360,8360
2023-07-12,GA/2023-24/00194,FY2023-24,7,ACC-030,Laxmi Sharma Stores,Jansath,SM03,Amit Saini,MSG-1L-15,Madhusudan Ghee 1 L,1 L,1,15,8360,8360
2023-07-12,GA/2023-24/00195,FY2023-24,7,ACC-072,Verma Agencies,Khatauli,SM02,Sunil Tyagi,MSG-1L-15,Madhusudan Ghee 1 L,1 L,1,15,8360,8360
2023-07-13,GA/2023-24/00196,FY2023-24,7,ACC-010,Shree Mishra Provisions,Muzaffarnagar,SM01,Rakesh Kumar,MSG-500-30,Madhusudan Ghee 500 ml,500 ml,2,30,8515,17030
2023-07-13,GA/2023-24/00197,FY2023-24,7,ACC-031,Laxmi Sirohi Super Market,Charthawal,SM03,Amit Saini,MSG-500-30,Madhusudan Ghee 500 ml,500 ml,1,15,8515,8515
2023-07-13,GA/2023-24/00198,FY2023-24,7,ACC-081,Jai Kapoor Super Market,Charthawal,SM03,Amit Saini,MSG-1L-15,Madhusudan Ghee 1 L,1 L,1,15,8360,8360
2023-07-17,GA/2023-24/00199,FY2023-24,7,ACC-025,Om Chaudhary Agencies,Budhana,SM02,Sunil Tyagi,MSG-1L-15,Madhusudan Ghee 1 L,1 L,1,15,8360,8360
2023-07-17,GA/2023-24/00199,FY2023-24,7,ACC-025,Om Chaudhary Agencies,Budhana,SM02,Sunil Tyagi,MSG-500-30,Madhusudan Ghee 500 ml,500 ml,1,15,8515,8515
2023-07-17,GA/2023-24/00200,FY2023-24,7,ACC-040,New Mishra Trading Co.,Shamli,SM01,Rakesh Kumar,MSG-1L-15,Madhusudan Ghee 1 L,1 L,1,15,8360,8360
2023-07-18,GA/2023-24/00201,FY2023-24,7,ACC-004,Jai Solanki Traders,Deoband,SM05,Deepak Rana,MSG-500-30,Madhusudan Ghee 500 ml,500 ml,3,45,8515,25545
2023-07-18,GA/2023-24/00202,FY2023-24,7,ACC-105,Maa Singhal Enterprises,Miranpur,SM04,Pankaj Verma,MSG-1L-15,Madhusudan Ghee 1 L,1 L,1,15,8360,8360
2023-07-18,GA/2023-24/00203,FY2023-24,7,ACC-141,Shri Wadhwa Sales Corporation,Muzaffarnagar,SM01,Rakesh Kumar,MSG-1L-15,Madhusudan Ghee 1 L,1 L,1,15,8360,8360
2023-07-20,GA/2023-24/00204,FY2023-24,7,ACC-002,New Dubey Marketing,Kairana,SM05,Deepak Rana,MSG-1L-15,Madhusudan Ghee 1 L,1 L,1,15,8360,8360
2023-07-20,GA/2023-24/00205,FY2023-24,7,ACC-054,Jai Goyal General Store,Miranpur,SM04,Pankaj Verma,MSG-1L-15,Madhusudan Ghee 1 L,1 L,1,15,8360,8360
2023-07-20,GA/2023-24/00206,FY2023-24,7,ACC-113,Singla Enterprises,Khatauli,SM02,Sunil Tyagi,MSG-500-30,Madhusudan Ghee 500 ml,500 ml,1,15,8515,8515
2023-07-21,GA/2023-24/00207,FY2023-24,7,ACC-108,New Ahuja Distributors,Deoband,SM05,Deepak Rana,MSG-500-30,Madhusudan Ghee 500 ml,500 ml,1,15,8515,8515
2023-07-22,GA/2023-24/00208,FY2023-24,7,ACC-001,Om Dubey Super Market,Muzaffarnagar,SM01,Rakesh Kumar,MSG-200-75,Madhusudan Ghee 200 ml,200 ml,1,15,8670,8670
2023-07-22,GA/2023-24/00208,FY2023-24,7,ACC-001,Om Dubey Super Market,Muzaffarnagar,SM01,Rakesh Kumar,MSG-500-30,Madhusudan Ghee 500 ml,500 ml,2,30,8515,17030
2023-07-22,GA/2023-24/00209,FY2023-24,7,ACC-120,Ganesh Kansal Provisions,Muzaffarnagar,SM01,Rakesh Kumar,MSG-200-75,Madhusudan Ghee 200 ml,200 ml,1,15,8670,8670
2023-07-24,GA/2023-24/00210,FY2023-24,7,ACC-002,New Dubey Marketing,Kairana,SM05,Deepak Rana,MSG-200-75,Madhusudan Ghee 200 ml,200 ml,2,30,8670,17340
2023-07-24,GA/2023-24/00211,FY2023-24,7,ACC-012,Bhardwaj Dairy,Charthawal,SM03,Amit Saini,MSG-500-30,Madhusudan Ghee 500 ml,500 ml,1,15,8515,8515
2023-07-24,GA/2023-24/00212,FY2023-24,7,ACC-019,Mishra Agencies,Muzaffarnagar,SM01,Rakesh Kumar,MSG-1L-15,Madhusudan Ghee 1 L,1 L,2,30,8360,16720
2023-07-24,GA/2023-24/00213,FY2023-24,7,ACC-069,Balaji Kapoor General Store,Budhana,SM02,Sunil Tyagi,MSG-1L-15,Madhusudan Ghee 1 L,1 L,2,30,8360,16720
2023-07-24,GA/2023-24/00214,FY2023-24,7,ACC-084,Ganesh Saxena Distributors,Budhana,SM02,Sunil Tyagi,MSG-1L-15,Madhusudan Ghee 1 L,1 L,1,15,8360,8360
2023-07-24,GA/2023-24/00215,FY2023-24,7,ACC-110,Laxmi Kansal & Sons,Kairana,SM05,Deepak Rana,MSG-1L-15,Madhusudan Ghee 1 L,1 L,1,15,8360,8360
2023-07-25,GA/2023-24/00216,FY2023-24,7,ACC-013,Krishna Sachdeva Enterprises,Khatauli,SM02,Sunil Tyagi,MSG-1L-15,Madhusudan Ghee 1 L,1 L,2,30,8360,16720
2023-07-26,GA/2023-24/00217,FY2023-24,7,ACC-001,Om Dubey Super Market,Muzaffarnagar,SM01,Rakesh Kumar,MSG-1L-15,Madhusudan Ghee 1 L,1 L,1,15,8360,8360
2023-07-26,GA/2023-24/00217,FY2023-24,7,ACC-001,Om Dubey Super Market,Muzaffarnagar,SM01,Rakesh Kumar,MSG-500-30,Madhusudan Ghee 500 ml,500 ml,1,15,8515,8515
2023-07-26,GA/2023-24/00218,FY2023-24,7,ACC-023,Agarwal Distributors,Jansath,SM03,Amit Saini,MSG-500-30,Madhusudan Ghee 500 ml,500 ml,1,15,8515,8515
2023-07-26,GA/2023-24/00219,FY2023-24,7,ACC-048,Maa Sharma Marketing,Budhana,SM02,Sunil Tyagi,MSG-500-30,Madhusudan Ghee 500 ml,500 ml,2,30,8515,17030
2023-07-26,GA/2023-24/00220,FY2023-24,7,ACC-068,Ganesh Saxena General Store,Shamli,SM01,Rakesh Kumar,MSG-1L-15,Madhusudan Ghee 1 L,1 L,2,30,8360,16720
2023-07-26,GA/2023-24/00221,FY2023-24,7,ACC-088,Krishna Khurana Sales Corporation,Charthawal,SM03,Amit Saini,MSG-1L-15,Madhusudan Ghee 1 L,1 L,1,15,8360,8360
2023-07-27,GA/2023-24/00222,FY2023-24,7,ACC-007,Om Pandey Distributors,Purqazi,SM04,Pankaj Verma,MSG-1L-15,Madhusudan Ghee 1 L,1 L,1,15,8360,8360
2023-07-27,GA/2023-24/00223,FY2023-24,7,ACC-092,Bhardwaj Distributors,Purqazi,SM04,Pankaj Verma,MSG-200-75,Madhusudan Ghee 200 ml,200 ml,1,15,8670,8670
2023-07-27,GA/2023-24/00224,FY2023-24,7,ACC-125,Balaji Tandon Provisions,Khatauli,SM02,Sunil Tyagi,MSG-1L-15,Madhusudan Ghee 1 L,1 L,1,15,8360,8360
2023-07-28,GA/2023-24/00225,FY2023-24,7,ACC-006,Ganesh Jindal Dairy,Kairana,SM05,Deepak Rana,MSG-1L-15,Madhusudan Ghee 1 L,1 L,3,45,8360,25080
2023-07-28,GA/2023-24/00226,FY2023-24,7,ACC-079,Maa Khurana Agencies,Muzaffarnagar,SM01,Rakesh Kumar,MSG-1L-15,Madhusudan Ghee 1 L,1 L,1,15,8360,8360
2023-07-29,GA/2023-24/00227,FY2023-24,7,ACC-142,Om Srivastava & Company,Kairana,SM05,Deepak Rana,MSG-1L-15,Madhusudan Ghee 1 L,1 L,1,15,8360,8360
2023-07-31,GA/2023-24/00228,FY2023-24,7,ACC-066,Dhingra Marketing,Muzaffarnagar,SM01,Rakesh Kumar,MSG-1L-15,Madhusudan Ghee 1 L,1 L,1,15,8360,8360
2023-07-31,GA/2023-24/00229,FY2023-24,7,ACC-067,Gupta Trading Co.,Khatauli,SM02,Sunil Tyagi,MSG-500-30,Madhusudan Ghee 500 ml,500 ml,1,15,8515,8515
2023-08-01,GA/2023-24/00230,FY2023-24,8,ACC-012,Bhardwaj Dairy,Charthawal,SM03,Amit Saini,MSG-1L-15,Madhusudan Ghee 1 L,1 L,1,15,8360,8360
2023-08-02,GA/2023-24/00231,FY2023-24,8,ACC-002,New Dubey Marketing,Kairana,SM05,Deepak Rana,MSG-1L-15,Madhusudan Ghee 1 L,1 L,2,30,8360,16720
2023-08-02,GA/2023-24/00232,FY2023-24,8,ACC-004,Jai Solanki Traders,Deoband,SM05,Deepak Rana,MSG-1L-15,Madhusudan Ghee 1 L,1 L,3,45,8360,25080
2023-08-02,GA/2023-24/00233,FY2023-24,8,ACC-030,Laxmi Sharma Stores,Jansath,SM03,Amit Saini,MSG-1L-15,Madhusudan Ghee 1 L,1 L,1,15,8360,8360
2023-08-02,GA/2023-24/00234,FY2023-24,8,ACC-092,Bhardwaj Distributors,Purqazi,SM04,Pankaj Verma,MSG-200-75,Madhusudan Ghee 200 ml,200 ml,2,30,8670,17340
2023-08-02,GA/2023-24/00235,FY2023-24,8,ACC-105,Maa Singhal Enterprises,Miranpur,SM04,Pankaj Verma,MSG-1L-15,Madhusudan Ghee 1 L,1 L,1,15,8360,8360
2023-08-04,GA/2023-24/00236,FY2023-24,8,ACC-036,Shree Saini Enterprises,Budhana,SM02,Sunil Tyagi,MSG-500-30,Madhusudan Ghee 500 ml,500 ml,1,15,8515,8515
2023-08-04,GA/2023-24/00237,FY2023-24,8,ACC-094,Singla Stores,Budhana,SM02,Sunil Tyagi,MSG-1L-15,Madhusudan Ghee 1 L,1 L,1,15,8360,8360
2023-08-07,GA/2023-24/00238,FY2023-24,8,ACC-008,Shree Maheshwari Enterprises,Shamli,SM01,Rakesh Kumar,MSG-500-30,Madhusudan Ghee 500 ml,500 ml,3,45,8515,25545
2023-08-08,GA/2023-24/00239,FY2023-24,8,ACC-020,Krishna Bhardwaj Trading Co.,Khatauli,SM02,Sunil Tyagi,MSG-1L-15,Madhusudan Ghee 1 L,1 L,2,30,8360,16720
2023-08-08,GA/2023-24/00240,FY2023-24,8,ACC-051,Laxmi Sachdeva Traders,Jansath,SM03,Amit Saini,MSG-1L-15,Madhusudan Ghee 1 L,1 L,1,15,8360,8360
2023-08-08,GA/2023-24/00241,FY2023-24,8,ACC-116,Shree Singla & Company,Miranpur,SM04,Pankaj Verma,MSG-1L-15,Madhusudan Ghee 1 L,1 L,1,15,8360,8360
2023-08-09,GA/2023-24/00242,FY2023-24,8,ACC-003,Krishna Khurana Provisions,Budhana,SM02,Sunil Tyagi,MSG-1L-15,Madhusudan Ghee 1 L,1 L,2,30,8360,16720
2023-08-09,GA/2023-24/00243,FY2023-24,8,ACC-037,Maa Yadav Stores,Charthawal,SM03,Amit Saini,MSG-1L-15,Madhusudan Ghee 1 L,1 L,1,15,8360,8360
2023-08-10,GA/2023-24/00244,FY2023-24,8,ACC-073,Maa Gupta Dairy,Jansath,SM03,Amit Saini,MSG-500-30,Madhusudan Ghee 500 ml,500 ml,1,15,8515,8515
2023-08-11,GA/2023-24/00245,FY2023-24,8,ACC-006,Ganesh Jindal Dairy,Kairana,SM05,Deepak Rana,MSG-1L-15,Madhusudan Ghee 1 L,1 L,2,30,8360,16720
2023-08-11,GA/2023-24/00245,FY2023-24,8,ACC-006,Ganesh Jindal Dairy,Kairana,SM05,Deepak Rana,MSG-200-75,Madhusudan Ghee 200 ml,200 ml,1,15,8670,8670
2023-08-12,GA/2023-24/00246,FY2023-24,8,ACC-033,Balaji Singhal Stores,Deoband,SM05,Deepak Rana,MSG-1L-15,Madhusudan Ghee 1 L,1 L,1,15,8360,8360
2023-08-14,GA/2023-24/00247,FY2023-24,8,ACC-039,New Chopra Dairy,Deoband,SM05,Deepak Rana,MSG-1L-15,Madhusudan Ghee 1 L,1 L,1,15,8360,8360
2023-08-14,GA/2023-24/00248,FY2023-24,8,ACC-070,Shree Agarwal Agencies,Miranpur,SM04,Pankaj Verma,MSG-1L-15,Madhusudan Ghee 1 L,1 L,1,15,8360,8360
2023-08-14,GA/2023-24/00249,FY2023-24,8,ACC-101,Shri Ahuja Enterprises,Miranpur,SM04,Pankaj Verma,MSG-1L-15,Madhusudan Ghee 1 L,1 L,1,15,8360,8360
2023-08-14,GA/2023-24/00250,FY2023-24,8,ACC-106,Shree Ahuja & Company,Khatauli,SM02,Sunil Tyagi,MSG-1L-15,Madhusudan Ghee 1 L,1 L,1,15,8360,8360
2023-08-14,GA/2023-24/00250,FY2023-24,8,ACC-106,Shree Ahuja & Company,Khatauli,SM02,Sunil Tyagi,MSG-500-30,Madhusudan Ghee 500 ml,500 ml,1,15,8515,8515
2023-08-15,GA/2023-24/00251,FY2023-24,8,ACC-129,Maheshwari & Sons,Miranpur,SM04,Pankaj Verma,MSG-500-30,Madhusudan Ghee 500 ml,500 ml,1,15,8515,8515
2023-08-16,GA/2023-24/00252,FY2023-24,8,ACC-001,Om Dubey Super Market,Muzaffarnagar,SM01,Rakesh Kumar,MSG-500-30,Madhusudan Ghee 500 ml,500 ml,3,45,8515,25545
2023-08-16,GA/2023-24/00253,FY2023-24,8,ACC-054,Jai Goyal General Store,Miranpur,SM04,Pankaj Verma,MSG-200-75,Madhusudan Ghee 200 ml,200 ml,1,15,8670,8670
2023-08-17,GA/2023-24/00254,FY2023-24,8,ACC-035,Ganesh Baliyan Traders,Deoband,SM05,Deepak Rana,MSG-1L-15,Madhusudan Ghee 1 L,1 L,1,15,8360,8360
2023-08-17,GA/2023-24/00254,FY2023-24,8,ACC-035,Ganesh Baliyan Traders,Deoband,SM05,Deepak Rana,MSG-500-30,Madhusudan Ghee 500 ml,500 ml,1,15,8515,8515
2023-08-17,GA/2023-24/00255,FY2023-24,8,ACC-119,Solanki Dairy,Deoband,SM05,Deepak Rana,MSG-1L-15,Madhusudan Ghee 1 L,1 L,1,15,8360,8360
2023-08-17,GA/2023-24/00256,FY2023-24,8,ACC-127,Ganesh Mishra Marketing,Charthawal,SM03,Amit Saini,MSG-1L-15,Madhusudan Ghee 1 L,1 L,1,15,8360,8360
2023-08-18,GA/2023-24/00257,FY2023-24,8,ACC-001,Om Dubey Super Market,Muzaffarnagar,SM01,Rakesh Kumar,MSG-1L-15,Madhusudan Ghee 1 L,1 L,1,15,8360,8360
2023-08-18,GA/2023-24/00257,FY2023-24,8,ACC-001,Om Dubey Super Market,Muzaffarnagar,SM01,Rakesh Kumar,MSG-200-75,Madhusudan Ghee 200 ml,200 ml,2,30,8670,17340
2023-08-18,GA/2023-24/00258,FY2023-24,8,ACC-075,Krishna Bhardwaj Super Market,Charthawal,SM03,Amit Saini,MSG-1L-15,Madhusudan Ghee 1 L,1 L,1,15,8360,8360
2023-08-19,GA/2023-24/00259,FY2023-24,8,ACC-005,Malhotra Dairy,Kairana,SM05,Deepak Rana,MSG-1L-15,Madhusudan Ghee 1 L,1 L,2,30,8360,16720
2023-08-19,GA/2023-24/00260,FY2023-24,8,ACC-027,Shree Gupta & Sons,Miranpur,SM04,Pankaj Verma,MSG-500-30,Madhusudan Ghee 500 ml,500 ml,1,15,8515,8515
2023-08-21,GA/2023-24/00261,FY2023-24,8,ACC-002,New Dubey Marketing,Kairana,SM05,Deepak Rana,MSG-1L-15,Madhusudan Ghee 1 L,1 L,1,15,8360,8360
2023-08-21,GA/2023-24/00261,FY2023-24,8,ACC-002,New Dubey Marketing,Kairana,SM05,Deepak Rana,MSG-500-30,Madhusudan Ghee 500 ml,500 ml,1,15,8515,8515
2023-08-21,GA/2023-24/00262,FY2023-24,8,ACC-014,Maa Chopra Kirana Store,Khatauli,SM02,Sunil Tyagi,MSG-200-75,Madhusudan Ghee 200 ml,200 ml,1,15,8670,8670
2023-08-21,GA/2023-24/00263,FY2023-24,8,ACC-025,Om Chaudhary Agencies,Budhana,SM02,Sunil Tyagi,MSG-200-75,Madhusudan Ghee 200 ml,200 ml,1,15,8670,8670
2023-08-21,GA/2023-24/00264,FY2023-24,8,ACC-118,Laxmi Rana & Sons,Budhana,SM02,Sunil Tyagi,MSG-500-30,Madhusudan Ghee 500 ml,500 ml,1,15,8515,8515
2023-08-22,GA/2023-24/00265,FY2023-24,8,ACC-003,Krishna Khurana Provisions,Budhana,SM02,Sunil Tyagi,MSG-1L-15,Madhusudan Ghee 1 L,1 L,1,15,8360,8360
2023-08-22,GA/2023-24/00265,FY2023-24,8,ACC-003,Krishna Khurana Provisions,Budhana,SM02,Sunil Tyagi,MSG-500-30,Madhusudan Ghee 500 ml,500 ml,2,30,8515,17030
2023-08-22,GA/2023-24/00266,FY2023-24,8,ACC-015,Wadhwa Super Market,Muzaffarnagar,SM01,Rakesh Kumar,MSG-500-30,Madhusudan Ghee 500 ml,500 ml,1,15,8515,8515
2023-08-22,GA/2023-24/00267,FY2023-24,8,ACC-016,Ganesh Bhardwaj Trading Co.,Budhana,SM02,Sunil Tyagi,MSG-1L-15,Madhusudan Ghee 1 L,1 L,1,15,8360,8360
2023-08-22,GA/2023-24/00268,FY2023-24,8,ACC-120,Ganesh Kansal Provisions,Muzaffarnagar,SM01,Rakesh Kumar,MSG-1L-15,Madhusudan Ghee 1 L,1 L,1,15,8360,8360
2023-08-23,GA/2023-24/00269,FY2023-24,8,ACC-009,Krishna Srivastava Agencies,Kairana,SM05,Deepak Rana,MSG-1L-15,Madhusudan Ghee 1 L,1 L,2,30,8360,16720
2023-08-23,GA/2023-24/00270,FY2023-24,8,ACC-018,Krishna Sharma Enterprises,Kairana,SM05,Deepak Rana,MSG-1L-15,Madhusudan Ghee 1 L,1 L,1,15,8360,8360
2023-08-24,GA/2023-24/00271,FY2023-24,8,ACC-019,Mishra Agencies,Muzaffarnagar,SM01,Rakesh Kumar,MSG-1L-15,Madhusudan Ghee 1 L,1 L,1,15,8360,8360
2023-08-24,GA/2023-24/00272,FY2023-24,8,ACC-056,Bajaj Provisions,Deoband,SM05,Deepak Rana,MSG-1L-15,Madhusudan Ghee 1 L,1 L,1,15,8360,8360
2023-08-25,GA/2023-24/00273,FY2023-24,8,ACC-059,Balaji Garg Agencies,Purqazi,SM04,Pankaj Verma,MSG-1L-15,Madhusudan Ghee 1 L,1 L,1,15,8360,8360
2023-08-26,GA/2023-24/00274,FY2023-24,8,ACC-010,Shree Mishra Provisions,Muzaffarnagar,SM01,Rakesh Kumar,MSG-200-75,Madhusudan Ghee 200 ml,200 ml,1,15,8670,8670
2023-08-26,GA/2023-24/00275,FY2023-24,8,ACC-074,Jai Bajaj Stores,Khatauli,SM02,Sunil Tyagi,MSG-500-30,Madhusudan Ghee 500 ml,500 ml,1,15,8515,8515
2023-08-28,GA/2023-24/00276,FY2023-24,8,ACC-007,Om Pandey Distributors,Purqazi,SM04,Pankaj Verma,MSG-1L-15,Madhusudan Ghee 1 L,1 L,2,30,8360,16720
2023-08-28,GA/2023-24/00277,FY2023-24,8,ACC-028,Srivastava Distributors,Jansath,SM03,Amit Saini,MSG-1L-15,Madhusudan Ghee 1 L,1 L,2,30,8360,16720
2023-08-28,GA/2023-24/00278,FY2023-24,8,ACC-099,Balaji Garg Distributors,Khatauli,SM02,Sunil Tyagi,MSG-200-75,Madhusudan Ghee 200 ml,200 ml,1,15,8670,8670
2023-08-28,GA/2023-24/00279,FY2023-24,8,ACC-113,Singla Enterprises,Khatauli,SM02,Sunil Tyagi,MSG-1L-15,Madhusudan Ghee 1 L,1 L,2,30,8360,16720
2023-08-29,GA/2023-24/00280,FY2023-24,8,ACC-022,Tandon & Company,Kairana,SM05,Deepak Rana,MSG-1L-15,Madhusudan Ghee 1 L,1 L,1,15,8360,8360
2023-08-29,GA/2023-24/00281,FY2023-24,8,ACC-032,Goyal Super Market,Deoband,SM05,Deepak Rana,MSG-1L-15,Madhusudan Ghee 1 L,1 L,1,15,8360,8360
2023-08-30,GA/2023-24/00282,FY2023-24,8,ACC-029,Balaji Rana Agencies,Khatauli,SM02,Sunil Tyagi,MSG-1L-15,Madhusudan Ghee 1 L,1 L,1,15,8360,8360
2023-08-31,GA/2023-24/00283,FY2023-24,8,ACC-047,Khurana Distributors,Jansath,SM03,Amit Saini,MSG-1L-15,Madhusudan Ghee 1 L,1 L,1,15,8360,8360
2023-08-31,GA/2023-24/00283,FY2023-24,8,ACC-047,Khurana Distributors,Jansath,SM03,Amit Saini,MSG-500-30,Madhusudan Ghee 500 ml,500 ml,1,15,8515,8515
2023-09-01,GA/2023-24/00284,FY2023-24,9,ACC-001,Om Dubey Super Market,Muzaffarnagar,SM01,Rakesh Kumar,MSG-500-30,Madhusudan Ghee 500 ml,500 ml,3,45,8515,25545
2023-09-01,GA/2023-24/00285,FY2023-24,9,ACC-015,Wadhwa Super Market,Muzaffarnagar,SM01,Rakesh Kumar,MSG-1L-15,Madhusudan Ghee 1 L,1 L,1,15,8360,8360
2023-09-01,GA/2023-24/00286,FY2023-24,9,ACC-066,Dhingra Marketing,Muzaffarnagar,SM01,Rakesh Kumar,MSG-500-30,Madhusudan Ghee 500 ml,500 ml,1,15,8515,8515
2023-09-02,GA/2023-24/00287,FY2023-24,9,ACC-059,Balaji Garg Agencies,Purqazi,SM04,Pankaj Verma,MSG-500-30,Madhusudan Ghee 500 ml,500 ml,2,30,8515,17030
2023-09-02,GA/2023-24/00288,FY2023-24,9,ACC-118,Laxmi Rana & Sons,Budhana,SM02,Sunil Tyagi,MSG-1L-15,Madhusudan Ghee 1 L,1 L,1,15,8360,8360
2023-09-02,GA/2023-24/00289,FY2023-24,9,ACC-123,Ganesh Goel Distributors,Miranpur,SM04,Pankaj Verma,MSG-1L-15,Madhusudan Ghee 1 L,1 L,1,15,8360,8360
2023-09-04,GA/2023-24/00290,FY2023-24,9,ACC-002,New Dubey Marketing,Kairana,SM05,Deepak Rana,MSG-200-75,Madhusudan Ghee 200 ml,200 ml,2,30,8670,17340
2023-09-04,GA/2023-24/00291,FY2023-24,9,ACC-039,New Chopra Dairy,Deoband,SM05,Deepak Rana,MSG-1L-15,Madhusudan Ghee 1 L,1 L,1,15,8360,8360
2023-09-04,GA/2023-24/00292,FY2023-24,9,ACC-051,Laxmi Sachdeva Traders,Jansath,SM03,Amit Saini,MSG-500-30,Madhusudan Ghee 500 ml,500 ml,1,15,8515,8515
2023-09-04,GA/2023-24/00293,FY2023-24,9,ACC-097,New Mishra Distributors,Deoband,SM05,Deepak Rana,MSG-1L-15,Madhusudan Ghee 1 L,1 L,1,15,8360,8360
2023-09-04,GA/2023-24/00294,FY2023-24,9,ACC-126,Bhatia General Store,Miranpur,SM04,Pankaj Verma,MSG-200-75,Madhusudan Ghee 200 ml,200 ml,1,15,8670,8670
2023-09-05,GA/2023-24/00295,FY2023-24,9,ACC-009,Krishna Srivastava Agencies,Kairana,SM05,Deepak Rana,MSG-1L-15,Madhusudan Ghee 1 L,1 L,2,30,8360,16720
2023-09-05,GA/2023-24/00296,FY2023-24,9,ACC-044,Mittal Marketing,Khatauli,SM02,Sunil Tyagi,MSG-500-30,Madhusudan Ghee 500 ml,500 ml,1,15,8515,8515
2023-09-05,GA/2023-24/00297,FY2023-24,9,ACC-110,Laxmi Kansal & Sons,Kairana,SM05,Deepak Rana,MSG-1L-15,Madhusudan Ghee 1 L,1 L,1,15,8360,8360
2023-09-06,GA/2023-24/00298,FY2023-24,9,ACC-108,New Ahuja Distributors,Deoband,SM05,Deepak Rana,MSG-1L-15,Madhusudan Ghee 1 L,1 L,1,15,8360,8360
2023-09-07,GA/2023-24/00299,FY2023-24,9,ACC-005,Malhotra Dairy,Kairana,SM05,Deepak Rana,MSG-1L-15,Madhusudan Ghee 1 L,1 L,2,30,8360,16720
2023-09-07,GA/2023-24/00300,FY2023-24,9,ACC-012,Bhardwaj Dairy,Charthawal,SM03,Amit Saini,MSG-1L-15,Madhusudan Ghee 1 L,1 L,1,15,8360,8360
2023-09-07,GA/2023-24/00301,FY2023-24,9,ACC-063,Ganesh Kapoor Trading Co.,Charthawal,SM03,Amit Saini,MSG-200-75,Madhusudan Ghee 200 ml,200 ml,2,30,8670,17340
2023-09-07,GA/2023-24/00302,FY2023-24,9,ACC-070,Shree Agarwal Agencies,Miranpur,SM04,Pankaj Verma,MSG-1L-15,Madhusudan Ghee 1 L,1 L,1,15,8360,8360
2023-09-07,GA/2023-24/00303,FY2023-24,9,ACC-101,Shri Ahuja Enterprises,Miranpur,SM04,Pankaj Verma,MSG-200-75,Madhusudan Ghee 200 ml,200 ml,2,30,8670,17340
2023-09-08,GA/2023-24/00304,FY2023-24,9,ACC-028,Srivastava Distributors,Jansath,SM03,Amit Saini,MSG-1L-15,Madhusudan Ghee 1 L,1 L,1,15,8360,8360
2023-09-08,GA/2023-24/00305,FY2023-24,9,ACC-115,Sethi Super Market,Budhana,SM02,Sunil Tyagi,MSG-1L-15,Madhusudan Ghee 1 L,1 L,1,15,8360,8360
2023-09-09,GA/2023-24/00306,FY2023-24,9,ACC-010,Shree Mishra Provisions,Muzaffarnagar,SM01,Rakesh Kumar,MSG-500-30,Madhusudan Ghee 500 ml,500 ml,2,30,8515,17030
2023-09-09,GA/2023-24/00307,FY2023-24,9,ACC-040,New Mishra Trading Co.,Shamli,SM01,Rakesh Kumar,MSG-200-75,Madhusudan Ghee 200 ml,200 ml,1,15,8670,8670
2023-09-09,GA/2023-24/00308,FY2023-24,9,ACC-041,Chopra Traders,Purqazi,SM04,Pankaj Verma,MSG-1L-15,Madhusudan Ghee 1 L,1 L,2,30,8360,16720
2023-09-11,GA/2023-24/00309,FY2023-24,9,ACC-002,New Dubey Marketing,Kairana,SM05,Deepak Rana,MSG-200-75,Madhusudan Ghee 200 ml,200 ml,1,15,8670,8670
2023-09-11,GA/2023-24/00310,FY2023-24,9,ACC-006,Ganesh Jindal Dairy,Kairana,SM05,Deepak Rana,MSG-1L-15,Madhusudan Ghee 1 L,1 L,1,15,8360,8360
2023-09-11,GA/2023-24/00310,FY2023-24,9,ACC-006,Ganesh Jindal Dairy,Kairana,SM05,Deepak Rana,MSG-500-30,Madhusudan Ghee 500 ml,500 ml,2,30,8515,17030
2023-09-11,GA/2023-24/00311,FY2023-24,9,ACC-031,Laxmi Sirohi Super Market,Charthawal,SM03,Amit Saini,MSG-1L-15,Madhusudan Ghee 1 L,1 L,1,15,8360,8360
2023-09-11,GA/2023-24/00311,FY2023-24,9,ACC-031,Laxmi Sirohi Super Market,Charthawal,SM03,Amit Saini,MSG-500-30,Madhusudan Ghee 500 ml,500 ml,1,15,8515,8515
2023-09-11,GA/2023-24/00312,FY2023-24,9,ACC-033,Balaji Singhal Stores,Deoband,SM05,Deepak Rana,MSG-500-30,Madhusudan Ghee 500 ml,500 ml,1,15,8515,8515
2023-09-11,GA/2023-24/00313,FY2023-24,9,ACC-036,Shree Saini Enterprises,Budhana,SM02,Sunil Tyagi,MSG-500-30,Madhusudan Ghee 500 ml,500 ml,1,15,8515,8515
2023-09-11,GA/2023-24/00314,FY2023-24,9,ACC-089,Jai Sharma Provisions,Purqazi,SM04,Pankaj Verma,MSG-1L-15,Madhusudan Ghee 1 L,1 L,1,15,8360,8360
2023-09-11,GA/2023-24/00315,FY2023-24,9,ACC-133,New Singla Stores,Shamli,SM01,Rakesh Kumar,MSG-1L-15,Madhusudan Ghee 1 L,1 L,2,30,8360,16720
2023-09-12,GA/2023-24/00316,FY2023-24,9,ACC-030,Laxmi Sharma Stores,Jansath,SM03,Amit Saini,MSG-500-30,Madhusudan Ghee 500 ml,500 ml,1,15,8515,8515
2023-09-13,GA/2023-24/00317,FY2023-24,9,ACC-008,Shree Maheshwari Enterprises,Shamli,SM01,Rakesh Kumar,MSG-1L-15,Madhusudan Ghee 1 L,1 L,4,60,8360,33440
2023-09-13,GA/2023-24/00318,FY2023-24,9,ACC-017,Maa Malik Enterprises,Kairana,SM05,Deepak Rana,MSG-1L-15,Madhusudan Ghee 1 L,1 L,1,15,8360,8360
2023-09-13,GA/2023-24/00319,FY2023-24,9,ACC-055,Shree Pandey Stores,Charthawal,SM03,Amit Saini,MSG-500-30,Madhusudan Ghee 500 ml,500 ml,1,15,8515,8515
2023-09-13,GA/2023-24/00320,FY2023-24,9,ACC-141,Shri Wadhwa Sales Corporation,Muzaffarnagar,SM01,Rakesh Kumar,MSG-500-30,Madhusudan Ghee 500 ml,500 ml,1,15,8515,8515
2023-09-14,GA/2023-24/00321,FY2023-24,9,ACC-054,Jai Goyal General Store,Miranpur,SM04,Pankaj Verma,MSG-500-30,Madhusudan Ghee 500 ml,500 ml,1,15,8515,8515
2023-09-14,GA/2023-24/00322,FY2023-24,9,ACC-081,Jai Kapoor Super Market,Charthawal,SM03,Amit Saini,MSG-500-30,Madhusudan Ghee 500 ml,500 ml,1,15,8515,8515
2023-09-14,GA/2023-24/00323,FY2023-24,9,ACC-113,Singla Enterprises,Khatauli,SM02,Sunil Tyagi,MSG-200-75,Madhusudan Ghee 200 ml,200 ml,1,15,8670,8670
2023-09-14,GA/2023-24/00324,FY2023-24,9,ACC-139,Goel Trading Co.,Muzaffarnagar,SM01,Rakesh Kumar,MSG-200-75,Madhusudan Ghee 200 ml,200 ml,1,15,8670,8670
2023-09-15,GA/2023-24/00325,FY2023-24,9,ACC-013,Krishna Sachdeva Enterprises,Khatauli,SM02,Sunil Tyagi,MSG-1L-15,Madhusudan Ghee 1 L,1 L,1,15,8360,8360
2023-09-15,GA/2023-24/00326,FY2023-24,9,ACC-019,Mishra Agencies,Muzaffarnagar,SM01,Rakesh Kumar,MSG-200-75,Madhusudan Ghee 200 ml,200 ml,1,15,8670,8670
2023-09-15,GA/2023-24/00327,FY2023-24,9,ACC-037,Maa Yadav Stores,Charthawal,SM03,Amit Saini,MSG-1L-15,Madhusudan Ghee 1 L,1 L,1,15,8360,8360
2023-09-15,GA/2023-24/00328,FY2023-24,9,ACC-048,Maa Sharma Marketing,Budhana,SM02,Sunil Tyagi,MSG-1L-15,Madhusudan Ghee 1 L,1 L,1,15,8360,8360
2023-09-15,GA/2023-24/00329,FY2023-24,9,ACC-093,Maa Malik & Company,Charthawal,SM03,Amit Saini,MSG-200-75,Madhusudan Ghee 200 ml,200 ml,1,15,8670,8670
2023-09-16,GA/2023-24/00330,FY2023-24,9,ACC-016,Ganesh Bhardwaj Trading Co.,Budhana,SM02,Sunil Tyagi,MSG-200-75,Madhusudan Ghee 200 ml,200 ml,2,30,8670,17340
2023-09-16,GA/2023-24/00331,FY2023-24,9,ACC-021,Shri Tandon Stores,Muzaffarnagar,SM01,Rakesh Kumar,MSG-200-75,Madhusudan Ghee 200 ml,200 ml,1,15,8670,8670
2023-09-16,GA/2023-24/00332,FY2023-24,9,ACC-035,Ganesh Baliyan Traders,Deoband,SM05,Deepak Rana,MSG-1L-15,Madhusudan Ghee 1 L,1 L,1,15,8360,8360
2023-09-16,GA/2023-24/00333,FY2023-24,9,ACC-109,Laxmi Goel Traders,Purqazi,SM04,Pankaj Verma,MSG-500-30,Madhusudan Ghee 500 ml,500 ml,2,30,8515,17030
2023-09-18,GA/2023-24/00334,FY2023-24,9,ACC-018,Krishna Sharma Enterprises,Kairana,SM05,Deepak Rana,MSG-1L-15,Madhusudan Ghee 1 L,1 L,1,15,8360,8360
2023-09-18,GA/2023-24/00335,FY2023-24,9,ACC-022,Tandon & Company,Kairana,SM05,Deepak Rana,MSG-1L-15,Madhusudan Ghee 1 L,1 L,1,15,8360,8360
2023-09-18,GA/2023-24/00336,FY2023-24,9,ACC-090,Malik Stores,Miranpur,SM04,Pankaj Verma,MSG-1L-15,Madhusudan Ghee 1 L,1 L,1,15,8360,8360
2023-09-18,GA/2023-24/00337,FY2023-24,9,ACC-128,Shree Saxena General Store,Deoband,SM05,Deepak Rana,MSG-1L-15,Madhusudan Ghee 1 L,1 L,1,15,8360,8360
2023-09-19,GA/2023-24/00338,FY2023-24,9,ACC-024,Maa Baliyan Super Market,Muzaffarnagar,SM01,Rakesh Kumar,MSG-500-30,Madhusudan Ghee 500 ml,500 ml,1,15,8515,8515
2023-09-19,GA/2023-24/00339,FY2023-24,9,ACC-056,Bajaj Provisions,Deoband,SM05,Deepak Rana,MSG-1L-15,Madhusudan Ghee 1 L,1 L,1,15,8360,8360
2023-09-19,GA/2023-24/00340,FY2023-24,9,ACC-099,Balaji Garg Distributors,Khatauli,SM02,Sunil Tyagi,MSG-1L-15,Madhusudan Ghee 1 L,1 L,1,15,8360,8360
2023-09-19,GA/2023-24/00341,FY2023-24,9,ACC-116,Shree Singla & Company,Miranpur,SM04,Pankaj Verma,MSG-500-30,Madhusudan Ghee 500 ml,500 ml,1,15,8515,8515
2023-09-20,GA/2023-24/00342,FY2023-24,9,ACC-007,Om Pandey Distributors,Purqazi,SM04,Pankaj Verma,MSG-1L-15,Madhusudan Ghee 1 L,1 L,1,15,8360,8360
2023-09-20,GA/2023-24/00342,FY2023-24,9,ACC-007,Om Pandey Distributors,Purqazi,SM04,Pankaj Verma,MSG-200-75,Madhusudan Ghee 200 ml,200 ml,1,15,8670,8670
2023-09-20,GA/2023-24/00343,FY2023-24,9,ACC-069,Balaji Kapoor General Store,Budhana,SM02,Sunil Tyagi,MSG-500-30,Madhusudan Ghee 500 ml,500 ml,1,15,8515,8515
2023-09-20,GA/2023-24/00344,FY2023-24,9,ACC-145,Nagpal Kirana Store,Budhana,SM02,Sunil Tyagi,MSG-500-30,Madhusudan Ghee 500 ml,500 ml,1,15,8515,8515
2023-09-22,GA/2023-24/00345,FY2023-24,9,ACC-003,Krishna Khurana Provisions,Budhana,SM02,Sunil Tyagi,MSG-1L-15,Madhusudan Ghee 1 L,1 L,2,30,8360,16720
2023-09-22,GA/2023-24/00346,FY2023-24,9,ACC-004,Jai Solanki Traders,Deoband,SM05,Deepak Rana,MSG-1L-15,Madhusudan Ghee 1 L,1 L,3,45,8360,25080
2023-09-23,GA/2023-24/00347,FY2023-24,9,ACC-067,Gupta Trading Co.,Khatauli,SM02,Sunil Tyagi,MSG-1L-15,Madhusudan Ghee 1 L,1 L,1,15,8360,8360
2023-09-23,GA/2023-24/00348,FY2023-24,9,ACC-083,Maa Goel & Sons,Miranpur,SM04,Pankaj Verma,MSG-1L-15,Madhusudan Ghee 1 L,1 L,1,15,8360,8360
2023-09-23,GA/2023-24/00349,FY2023-24,9,ACC-105,Maa Singhal Enterprises,Miranpur,SM04,Pankaj Verma,MSG-500-30,Madhusudan Ghee 500 ml,500 ml,1,15,8515,8515
2023-09-25,GA/2023-24/00350,FY2023-24,9,ACC-003,Krishna Khurana Provisions,Budhana,SM02,Sunil Tyagi,MSG-1L-15,Madhusudan Ghee 1 L,1 L,2,30,8360,16720
2023-09-25,GA/2023-24/00350,FY2023-24,9,ACC-003,Krishna Khurana Provisions,Budhana,SM02,Sunil Tyagi,MSG-500-30,Madhusudan Ghee 500 ml,500 ml,1,15,8515,8515
2023-09-25,GA/2023-24/00351,FY2023-24,9,ACC-068,Ganesh Saxena General Store,Shamli,SM01,Rakesh Kumar,MSG-1L-15,Madhusudan Ghee 1 L,1 L,1,15,8360,8360
2023-09-25,GA/2023-24/00352,FY2023-24,9,ACC-117,Shri Khandelwal Sales Corporation,Deoband,SM05,Deepak Rana,MSG-200-75,Madhusudan Ghee 200 ml,200 ml,1,15,8670,8670
2023-09-25,GA/2023-24/00353,FY2023-24,9,ACC-121,New Yadav Trading Co.,Miranpur,SM04,Pankaj Verma,MSG-1L-15,Madhusudan Ghee 1 L,1 L,2,30,8360,16720
2023-09-27,GA/2023-24/00354,FY2023-24,9,ACC-023,Agarwal Distributors,Jansath,SM03,Amit Saini,MSG-500-30,Madhusudan Ghee 500 ml,500 ml,1,15,8515,8515
2023-09-27,GA/2023-24/00355,FY2023-24,9,ACC-038,Krishna Saxena Provisions,Miranpur,SM04,Pankaj Verma,MSG-500-30,Madhusudan Ghee 500 ml,500 ml,1,15,8515,8515
2023-09-28,GA/2023-24/00356,FY2023-24,9,ACC-042,Maa Sachdeva Agencies,Charthawal,SM03,Amit Saini,MSG-500-30,Madhusudan Ghee 500 ml,500 ml,1,15,8515,8515
2023-09-28,GA/2023-24/00357,FY2023-24,9,ACC-045,Jai Yadav Sales Corporation,Miranpur,SM04,Pankaj Verma,MSG-1L-15,Madhusudan Ghee 1 L,1 L,1,15,8360,8360
2023-09-28,GA/2023-24/00358,FY2023-24,9,ACC-079,Maa Khurana Agencies,Muzaffarnagar,SM01,Rakesh Kumar,MSG-500-30,Madhusudan Ghee 500 ml,500 ml,1,15,8515,8515
2023-09-28,GA/2023-24/00359,FY2023-24,9,ACC-130,Maa Nagpal & Company,Deoband,SM05,Deepak Rana,MSG-1L-15,Madhusudan Ghee 1 L,1 L,1,15,8360,8360
2023-09-29,GA/2023-24/00360,FY2023-24,9,ACC-011,New Maheshwari Super Market,Kairana,SM05,Deepak Rana,MSG-1L-15,Madhusudan Ghee 1 L,1 L,1,15,8360,8360
2023-09-30,GA/2023-24/00361,FY2023-24,9,ACC-032,Goyal Super Market,Deoband,SM05,Deepak Rana,MSG-1L-15,Madhusudan Ghee 1 L,1 L,1,15,8360,8360
2023-09-30,GA/2023-24/00362,FY2023-24,9,ACC-132,Shri Bhardwaj Sales Corporation,Miranpur,SM04,Pankaj Verma,MSG-1L-15,Madhusudan Ghee 1 L,1 L,1,15,8360,8360
2023-10-02,GA/2023-24/00363,FY2023-24,10,ACC-019,Mishra Agencies,Muzaffarnagar,SM01,Rakesh Kumar,MSG-1L-15,Madhusudan Ghee 1 L,1 L,2,30,8425,16850
2023-10-02,GA/2023-24/00364,FY2023-24,10,ACC-093,Maa Malik & Company,Charthawal,SM03,Amit Saini,MSG-200-75,Madhusudan Ghee 200 ml,200 ml,1,15,8735,8735
2023-10-02,GA/2023-24/00365,FY2023-24,10,ACC-112,Om Goyal Kirana Store,Muzaffarnagar,SM01,Rakesh Kumar,MSG-1L-15,Madhusudan Ghee 1 L,1 L,1,15,8425,8425
2023-10-02,GA/2023-24/00366,FY2023-24,10,ACC-126,Bhatia General Store,Miranpur,SM04,Pankaj Verma,MSG-500-30,Madhusudan Ghee 500 ml,500 ml,1,15,8580,8580
2023-10-03,GA/2023-24/00367,FY2023-24,10,ACC-001,Om Dubey Super Market,Muzaffarnagar,SM01,Rakesh Kumar,MSG-1L-15,Madhusudan Ghee 1 L,1 L,1,15,8425,8425
2023-10-03,GA/2023-24/00368,FY2023-24,10,ACC-005,Malhotra Dairy,Kairana,SM05,Deepak Rana,MSG-1L-15,Madhusudan Ghee 1 L,1 L,3,45,8425,25275
2023-10-03,GA/2023-24/00369,FY2023-24,10,ACC-012,Bhardwaj Dairy,Charthawal,SM03,Amit Saini,MSG-200-75,Madhusudan Ghee 200 ml,200 ml,1,15,8735,8735
2023-10-03,GA/2023-24/00369,FY2023-24,10,ACC-012,Bhardwaj Dairy,Charthawal,SM03,Amit Saini,MSG-500-30,Madhusudan Ghee 500 ml,500 ml,1,15,8580,8580
2023-10-03,GA/2023-24/00370,FY2023-24,10,ACC-031,Laxmi Sirohi Super Market,Charthawal,SM03,Amit Saini,MSG-500-30,Madhusudan Ghee 500 ml,500 ml,1,15,8580,8580
2023-10-03,GA/2023-24/00371,FY2023-24,10,ACC-051,Laxmi Sachdeva Traders,Jansath,SM03,Amit Saini,MSG-1L-15,Madhusudan Ghee 1 L,1 L,1,15,8425,8425
2023-10-03,GA/2023-24/00371,FY2023-24,10,ACC-051,Laxmi Sachdeva Traders,Jansath,SM03,Amit Saini,MSG-200-75,Madhusudan Ghee 200 ml,200 ml,1,15,8735,8735
2023-10-03,GA/2023-24/00372,FY2023-24,10,ACC-067,Gupta Trading Co.,Khatauli,SM02,Sunil Tyagi,MSG-500-30,Madhusudan Ghee 500 ml,500 ml,1,15,8580,8580
2023-10-04,GA/2023-24/00373,FY2023-24,10,ACC-022,Tandon & Company,Kairana,SM05,Deepak Rana,MSG-1L-15,Madhusudan Ghee 1 L,1 L,1,15,8425,8425
2023-10-04,GA/2023-24/00373,FY2023-24,10,ACC-022,Tandon & Company,Kairana,SM05,Deepak Rana,MSG-500-30,Madhusudan Ghee 500 ml,500 ml,1,15,8580,8580
2023-10-04,GA/2023-24/00374,FY2023-24,10,ACC-079,Maa Khurana Agencies,Muzaffarnagar,SM01,Rakesh Kumar,MSG-1L-15,Madhusudan Ghee 1 L,1 L,1,15,8425,8425
2023-10-04,GA/2023-24/00375,FY2023-24,10,ACC-130,Maa Nagpal & Company,Deoband,SM05,Deepak Rana,MSG-1L-15,Madhusudan Ghee 1 L,1 L,1,15,8425,8425
2023-10-04,GA/2023-24/00376,FY2023-24,10,ACC-132,Shri Bhardwaj Sales Corporation,Miranpur,SM04,Pankaj Verma,MSG-1L-15,Madhusudan Ghee 1 L,1 L,1,15,8425,8425
2023-10-05,GA/2023-24/00377,FY2023-24,10,ACC-047,Khurana Distributors,Jansath,SM03,Amit Saini,MSG-500-30,Madhusudan Ghee 500 ml,500 ml,2,30,8580,17160
2023-10-06,GA/2023-24/00378,FY2023-24,10,ACC-009,Krishna Srivastava Agencies,Kairana,SM05,Deepak Rana,MSG-200-75,Madhusudan Ghee 200 ml,200 ml,3,45,8735,26205
2023-10-06,GA/2023-24/00379,FY2023-24,10,ACC-026,Krishna Goel Marketing,Shamli,SM01,Rakesh Kumar,MSG-500-30,Madhusudan Ghee 500 ml,500 ml,1,15,8580,8580
2023-10-06,GA/2023-24/00380,FY2023-24,10,ACC-138,Ganesh Gupta Trading Co.,Muzaffarnagar,SM01,Rakesh Kumar,MSG-1L-15,Madhusudan Ghee 1 L,1 L,1,15,8425,8425
2023-10-07,GA/2023-24/00381,FY2023-24,10,ACC-002,New Dubey Marketing,Kairana,SM05,Deepak Rana,MSG-1L-15,Madhusudan Ghee 1 L,1 L,2,30,8425,16850
2023-10-07,GA/2023-24/00382,FY2023-24,10,ACC-004,Jai Solanki Traders,Deoband,SM05,Deepak Rana,MSG-1L-15,Madhusudan Ghee 1 L,1 L,1,15,8425,8425
2023-10-07,GA/2023-24/00382,FY2023-24,10,ACC-004,Jai Solanki Traders,Deoband,SM05,Deepak Rana,MSG-500-30,Madhusudan Ghee 500 ml,500 ml,1,15,8580,8580
2023-10-07,GA/2023-24/00383,FY2023-24,10,ACC-033,Balaji Singhal Stores,Deoband,SM05,Deepak Rana,MSG-1L-15,Madhusudan Ghee 1 L,1 L,1,15,8425,8425
2023-10-07,GA/2023-24/00383,FY2023-24,10,ACC-033,Balaji Singhal Stores,Deoband,SM05,Deepak Rana,MSG-200-75,Madhusudan Ghee 200 ml,200 ml,1,15,8735,8735
2023-10-07,GA/2023-24/00384,FY2023-24,10,ACC-042,Maa Sachdeva Agencies,Charthawal,SM03,Amit Saini,MSG-1L-15,Madhusudan Ghee 1 L,1 L,1,15,8425,8425
2023-10-09,GA/2023-24/00385,FY2023-24,10,ACC-044,Mittal Marketing,Khatauli,SM02,Sunil Tyagi,MSG-500-30,Madhusudan Ghee 500 ml,500 ml,1,15,8580,8580
2023-10-09,GA/2023-24/00386,FY2023-24,10,ACC-045,Jai Yadav Sales Corporation,Miranpur,SM04,Pankaj Verma,MSG-1L-15,Madhusudan Ghee 1 L,1 L,2,30,8425,16850
2023-10-09,GA/2023-24/00387,FY2023-24,10,ACC-115,Sethi Super Market,Budhana,SM02,Sunil Tyagi,MSG-1L-15,Madhusudan Ghee 1 L,1 L,1,15,8425,8425
2023-10-10,GA/2023-24/00388,FY2023-24,10,ACC-040,New Mishra Trading Co.,Shamli,SM01,Rakesh Kumar,MSG-200-75,Madhusudan Ghee 200 ml,200 ml,1,15,8735,8735
2023-10-11,GA/2023-24/00389,FY2023-24,10,ACC-001,Om Dubey Super Market,Muzaffarnagar,SM01,Rakesh Kumar,MSG-1L-15,Madhusudan Ghee 1 L,1 L,3,45,8425,25275
2023-10-11,GA/2023-24/00390,FY2023-24,10,ACC-007,Om Pandey Distributors,Purqazi,SM04,Pankaj Verma,MSG-200-75,Madhusudan Ghee 200 ml,200 ml,3,45,8735,26205
2023-10-11,GA/2023-24/00391,FY2023-24,10,ACC-092,Bhardwaj Distributors,Purqazi,SM04,Pankaj Verma,MSG-500-30,Madhusudan Ghee 500 ml,500 ml,1,15,8580,8580
2023-10-12,GA/2023-24/00392,FY2023-24,10,ACC-030,Laxmi Sharma Stores,Jansath,SM03,Amit Saini,MSG-200-75,Madhusudan Ghee 200 ml,200 ml,1,15,8735,8735
2023-10-12,GA/2023-24/00393,FY2023-24,10,ACC-101,Shri Ahuja Enterprises,Miranpur,SM04,Pankaj Verma,MSG-200-75,Madhusudan Ghee 200 ml,200 ml,1,15,8735,8735
2023-10-13,GA/2023-24/00394,FY2023-24,10,ACC-003,Krishna Khurana Provisions,Budhana,SM02,Sunil Tyagi,MSG-500-30,Madhusudan Ghee 500 ml,500 ml,3,45,8580,25740
2023-10-13,GA/2023-24/00395,FY2023-24,10,ACC-037,Maa Yadav Stores,Charthawal,SM03,Amit Saini,MSG-200-75,Madhusudan Ghee 200 ml,200 ml,1,15,8735,8735
2023-10-13,GA/2023-24/00396,FY2023-24,10,ACC-083,Maa Goel & Sons,Miranpur,SM04,Pankaj Verma,MSG-200-75,Madhusudan Ghee 200 ml,200 ml,1,15,8735,8735
2023-10-14,GA/2023-24/00397,FY2023-24,10,ACC-006,Ganesh Jindal Dairy,Kairana,SM05,Deepak Rana,MSG-1L-15,Madhusudan Ghee 1 L,1 L,2,30,8425,16850
2023-10-14,GA/2023-24/00397,FY2023-24,10,ACC-006,Ganesh Jindal Dairy,Kairana,SM05,Deepak Rana,MSG-500-30,Madhusudan Ghee 500 ml,500 ml,2,30,8580,17160
2023-10-14,GA/2023-24/00398,FY2023-24,10,ACC-014,Maa Chopra Kirana Store,Khatauli,SM02,Sunil Tyagi,MSG-500-30,Madhusudan Ghee 500 ml,500 ml,1,15,8580,8580
2023-10-16,GA/2023-24/00399,FY2023-24,10,ACC-038,Krishna Saxena Provisions,Miranpur,SM04,Pankaj Verma,MSG-500-30,Madhusudan Ghee 500 ml,500 ml,1,15,8580,8580
2023-10-16,GA/2023-24/00400,FY2023-24,10,ACC-048,Maa Sharma Marketing,Budhana,SM02,Sunil Tyagi,MSG-200-75,Madhusudan Ghee 200 ml,200 ml,1,15,8735,8735
2023-10-16,GA/2023-24/00401,FY2023-24,10,ACC-053,Tandon Trading Co.,Charthawal,SM03,Amit Saini,MSG-1L-15,Madhusudan Ghee 1 L,1 L,1,15,8425,8425
2023-10-16,GA/2023-24/00402,FY2023-24,10,ACC-123,Ganesh Goel Distributors,Miranpur,SM04,Pankaj Verma,MSG-200-75,Madhusudan Ghee 200 ml,200 ml,1,15,8735,8735
2023-10-17,GA/2023-24/00403,FY2023-24,10,ACC-001,Om Dubey Super Market,Muzaffarnagar,SM01,Rakesh Kumar,MSG-200-75,Madhusudan Ghee 200 ml,200 ml,2,30,8735,17470
2023-10-18,GA/2023-24/00404,FY2023-24,10,ACC-041,Chopra Traders,Purqazi,SM04,Pankaj Verma,MSG-500-30,Madhusudan Ghee 500 ml,500 ml,1,15,8580,8580
2023-10-18,GA/2023-24/00405,FY2023-24,10,ACC-059,Balaji Garg Agencies,Purqazi,SM04,Pankaj Verma,MSG-200-75,Madhusudan Ghee 200 ml,200 ml,1,15,8735,8735
2023-10-18,GA/2023-24/00406,FY2023-24,10,ACC-102,Shree Solanki Distributors,Kairana,SM05,Deepak Rana,MSG-1L-15,Madhusudan Ghee 1 L,1 L,1,15,8425,8425
2023-10-18,GA/2023-24/00407,FY2023-24,10,ACC-109,Laxmi Goel Traders,Purqazi,SM04,Pankaj Verma,MSG-1L-15,Madhusudan Ghee 1 L,1 L,2,30,8425,16850
2023-10-19,GA/2023-24/00408,FY2023-24,10,ACC-017,Maa Malik Enterprises,Kairana,SM05,Deepak Rana,MSG-500-30,Madhusudan Ghee 500 ml,500 ml,1,15,8580,8580
2023-10-19,GA/2023-24/00409,FY2023-24,10,ACC-140,Laxmi Saxena Kirana Store,Kairana,SM05,Deepak Rana,MSG-1L-15,Madhusudan Ghee 1 L,1 L,1,15,8425,8425
2023-10-20,GA/2023-24/00410,FY2023-24,10,ACC-002,New Dubey Marketing,Kairana,SM05,Deepak Rana,MSG-1L-15,Madhusudan Ghee 1 L,1 L,3,45,8425,25275
2023-10-21,GA/2023-24/00411,FY2023-24,10,ACC-011,New Maheshwari Super Market,Kairana,SM05,Deepak Rana,MSG-500-30,Madhusudan Ghee 500 ml,500 ml,1,15,8580,8580
2023-10-21,GA/2023-24/00412,FY2023-24,10,ACC-069,Balaji Kapoor General Store,Budhana,SM02,Sunil Tyagi,MSG-500-30,Madhusudan Ghee 500 ml,500 ml,1,15,8580,8580
2023-10-21,GA/2023-24/00413,FY2023-24,10,ACC-081,Jai Kapoor Super Market,Charthawal,SM03,Amit Saini,MSG-1L-15,Madhusudan Ghee 1 L,1 L,2,30,8425,16850
2023-10-21,GA/2023-24/00413,FY2023-24,10,ACC-081,Jai Kapoor Super Market,Charthawal,SM03,Amit Saini,MSG-200-75,Madhusudan Ghee 200 ml,200 ml,1,15,8735,8735
2023-10-21,GA/2023-24/00414,FY2023-24,10,ACC-094,Singla Stores,Budhana,SM02,Sunil Tyagi,MSG-500-30,Madhusudan Ghee 500 ml,500 ml,1,15,8580,8580
2023-10-21,GA/2023-24/00415,FY2023-24,10,ACC-098,Balaji Rana Distributors,Shamli,SM01,Rakesh Kumar,MSG-200-75,Madhusudan Ghee 200 ml,200 ml,1,15,8735,8735
2023-10-23,GA/2023-24/00416,FY2023-24,10,ACC-008,Shree Maheshwari Enterprises,Shamli,SM01,Rakesh Kumar,MSG-200-75,Madhusudan Ghee 200 ml,200 ml,2,30,8735,17470
2023-10-23,GA/2023-24/00416,FY2023-24,10,ACC-008,Shree Maheshwari Enterprises,Shamli,SM01,Rakesh Kumar,MSG-500-30,Madhusudan Ghee 500 ml,500 ml,1,15,8580,8580
2023-10-23,GA/2023-24/00417,FY2023-24,10,ACC-061,Jai Srivastava General Store,Muzaffarnagar,SM01,Rakesh Kumar,MSG-1L-15,Madhusudan Ghee 1 L,1 L,2,30,8425,16850
2023-10-23,GA/2023-24/00418,FY2023-24,10,ACC-074,Jai Bajaj Stores,Khatauli,SM02,Sunil Tyagi,MSG-1L-15,Madhusudan Ghee 1 L,1 L,2,30,8425,16850
2023-10-24,GA/2023-24/00419,FY2023-24,10,ACC-020,Krishna Bhardwaj Trading Co.,Khatauli,SM02,Sunil Tyagi,MSG-500-30,Madhusudan Ghee 500 ml,500 ml,1,15,8580,8580
2023-10-25,GA/2023-24/00420,FY2023-24,10,ACC-003,Krishna Khurana Provisions,Budhana,SM02,Sunil Tyagi,MSG-200-75,Madhusudan Ghee 200 ml,200 ml,3,45,8735,26205
2023-10-25,GA/2023-24/00421,FY2023-24,10,ACC-004,Jai Solanki Traders,Deoband,SM05,Deepak Rana,MSG-1L-15,Madhusudan Ghee 1 L,1 L,2,30,8425,16850
2023-10-25,GA/2023-24/00421,FY2023-24,10,ACC-004,Jai Solanki Traders,Deoband,SM05,Deepak Rana,MSG-200-75,Madhusudan Ghee 200 ml,200 ml,1,15,8735,8735
2023-10-25,GA/2023-24/00422,FY2023-24,10,ACC-032,Goyal Super Market,Deoband,SM05,Deepak Rana,MSG-1L-15,Madhusudan Ghee 1 L,1 L,1,15,8425,8425
2023-10-25,GA/2023-24/00423,FY2023-24,10,ACC-066,Dhingra Marketing,Muzaffarnagar,SM01,Rakesh Kumar,MSG-1L-15,Madhusudan Ghee 1 L,1 L,1,15,8425,8425
2023-10-26,GA/2023-24/00424,FY2023-24,10,ACC-028,Srivastava Distributors,Jansath,SM03,Amit Saini,MSG-1L-15,Madhusudan Ghee 1 L,1 L,1,15,8425,8425
2023-10-26,GA/2023-24/00425,FY2023-24,10,ACC-054,Jai Goyal General Store,Miranpur,SM04,Pankaj Verma,MSG-1L-15,Madhusudan Ghee 1 L,1 L,2,30,8425,16850
2023-10-26,GA/2023-24/00426,FY2023-24,10,ACC-100,New Tandon Super Market,Khatauli,SM02,Sunil Tyagi,MSG-500-30,Madhusudan Ghee 500 ml,500 ml,1,15,8580,8580
2023-10-26,GA/2023-24/00427,FY2023-24,10,ACC-116,Shree Singla & Company,Miranpur,SM04,Pankaj Verma,MSG-1L-15,Madhusudan Ghee 1 L,1 L,1,15,8425,8425
2023-10-26,GA/2023-24/00428,FY2023-24,10,ACC-119,Solanki Dairy,Deoband,SM05,Deepak Rana,MSG-1L-15,Madhusudan Ghee 1 L,1 L,1,15,8425,8425
2023-10-27,GA/2023-24/00429,FY2023-24,10,ACC-010,Shree Mishra Provisions,Muzaffarnagar,SM01,Rakesh Kumar,MSG-200-75,Madhusudan Ghee 200 ml,200 ml,3,45,8735,26205
2023-10-27,GA/2023-24/00430,FY2023-24,10,ACC-046,New Kapoor Traders,Kairana,SM05,Deepak Rana,MSG-1L-15,Madhusudan Ghee 1 L,1 L,2,30,8425,16850
2023-10-27,GA/2023-24/00431,FY2023-24,10,ACC-084,Ganesh Saxena Distributors,Budhana,SM02,Sunil Tyagi,MSG-500-30,Madhusudan Ghee 500 ml,500 ml,1,15,8580,8580
2023-10-28,GA/2023-24/00432,FY2023-24,10,ACC-099,Balaji Garg Distributors,Khatauli,SM02,Sunil Tyagi,MSG-500-30,Madhusudan Ghee 500 ml,500 ml,1,15,8580,8580
2023-10-30,GA/2023-24/00433,FY2023-24,10,ACC-013,Krishna Sachdeva Enterprises,Khatauli,SM02,Sunil Tyagi,MSG-200-75,Madhusudan Ghee 200 ml,200 ml,1,15,8735,8735
2023-10-30,GA/2023-24/00434,FY2023-24,10,ACC-023,Agarwal Distributors,Jansath,SM03,Amit Saini,MSG-500-30,Madhusudan Ghee 500 ml,500 ml,1,15,8580,8580
2023-10-30,GA/2023-24/00435,FY2023-24,10,ACC-068,Ganesh Saxena General Store,Shamli,SM01,Rakesh Kumar,MSG-500-30,Madhusudan Ghee 500 ml,500 ml,2,30,8580,17160
2023-10-30,GA/2023-24/00436,FY2023-24,10,ACC-135,Agarwal Traders,Khatauli,SM02,Sunil Tyagi,MSG-1L-15,Madhusudan Ghee 1 L,1 L,1,15,8425,8425
2023-10-31,GA/2023-24/00437,FY2023-24,10,ACC-016,Ganesh Bhardwaj Trading Co.,Budhana,SM02,Sunil Tyagi,MSG-200-75,Madhusudan Ghee 200 ml,200 ml,1,15,8735,8735
2023-10-31,GA/2023-24/00438,FY2023-24,10,ACC-036,Shree Saini Enterprises,Budhana,SM02,Sunil Tyagi,MSG-1L-15,Madhusudan Ghee 1 L,1 L,3,45,8425,25275
2023-10-31,GA/2023-24/00439,FY2023-24,10,ACC-088,Krishna Khurana Sales Corporation,Charthawal,SM03,Amit Saini,MSG-500-30,Madhusudan Ghee 500 ml,500 ml,1,15,8580,8580
2023-11-01,GA/2023-24/00440,FY2023-24,11,ACC-002,New Dubey Marketing,Kairana,SM05,Deepak Rana,MSG-200-75,Madhusudan Ghee 200 ml,200 ml,3,45,8770,26310
2023-11-01,GA/2023-24/00441,FY2023-24,11,ACC-110,Laxmi Kansal & Sons,Kairana,SM05,Deepak Rana,MSG-500-30,Madhusudan Ghee 500 ml,500 ml,3,45,8610,25830
2023-11-02,GA/2023-24/00442,FY2023-24,11,ACC-009,Krishna Srivastava Agencies,Kairana,SM05,Deepak Rana,MSG-1L-15,Madhusudan Ghee 1 L,1 L,3,45,8455,25365
2023-11-02,GA/2023-24/00443,FY2023-24,11,ACC-026,Krishna Goel Marketing,Shamli,SM01,Rakesh Kumar,MSG-1L-15,Madhusudan Ghee 1 L,1 L,1,15,8455,8455
2023-11-02,GA/2023-24/00444,FY2023-24,11,ACC-049,Goyal General Store,Muzaffarnagar,SM01,Rakesh Kumar,MSG-1L-15,Madhusudan Ghee 1 L,1 L,2,30,8455,16910
2023-11-03,GA/2023-24/00445,FY2023-24,11,ACC-001,Om Dubey Super Market,Muzaffarnagar,SM01,Rakesh Kumar,MSG-1L-15,Madhusudan Ghee 1 L,1 L,2,30,8455,16910
2023-11-03,GA/2023-24/00446,FY2023-24,11,ACC-028,Srivastava Distributors,Jansath,SM03,Amit Saini,MSG-200-75,Madhusudan Ghee 200 ml,200 ml,2,30,8770,17540
2023-11-03,GA/2023-24/00447,FY2023-24,11,ACC-038,Krishna Saxena Provisions,Miranpur,SM04,Pankaj Verma,MSG-200-75,Madhusudan Ghee 200 ml,200 ml,1,15,8770,8770
2023-11-04,GA/2023-24/00448,FY2023-24,11,ACC-005,Malhotra Dairy,Kairana,SM05,Deepak Rana,MSG-500-30,Madhusudan Ghee 500 ml,500 ml,2,30,8610,17220
2023-11-04,GA/2023-24/00449,FY2023-24,11,ACC-016,Ganesh Bhardwaj Trading Co.,Budhana,SM02,Sunil Tyagi,MSG-500-30,Madhusudan Ghee 500 ml,500 ml,2,30,8610,17220
2023-11-04,GA/2023-24/00450,FY2023-24,11,ACC-107,Ganesh Sachdeva Provisions,Charthawal,SM03,Amit Saini,MSG-1L-15,Madhusudan Ghee 1 L,1 L,1,15,8455,8455
2023-11-06,GA/2023-24/00451,FY2023-24,11,ACC-006,Ganesh Jindal Dairy,Kairana,SM05,Deepak Rana,MSG-1L-15,Madhusudan Ghee 1 L,1 L,2,30,8455,16910
2023-11-06,GA/2023-24/00451,FY2023-24,11,ACC-006,Ganesh Jindal Dairy,Kairana,SM05,Deepak Rana,MSG-200-75,Madhusudan Ghee 200 ml,200 ml,1,15,8770,8770
2023-11-06,GA/2023-24/00452,FY2023-24,11,ACC-008,Shree Maheshwari Enterprises,Shamli,SM01,Rakesh Kumar,MSG-200-75,Madhusudan Ghee 200 ml,200 ml,4,60,8770,35080
2023-11-06,GA/2023-24/00453,FY2023-24,11,ACC-018,Krishna Sharma Enterprises,Kairana,SM05,Deepak Rana,MSG-1L-15,Madhusudan Ghee 1 L,1 L,1,15,8455,8455
2023-11-06,GA/2023-24/00454,FY2023-24,11,ACC-027,Shree Gupta & Sons,Miranpur,SM04,Pankaj Verma,MSG-500-30,Madhusudan Ghee 500 ml,500 ml,1,15,8610,8610
2023-11-06,GA/2023-24/00455,FY2023-24,11,ACC-030,Laxmi Sharma Stores,Jansath,SM03,Amit Saini,MSG-500-30,Madhusudan Ghee 500 ml,500 ml,2,30,8610,17220
2023-11-06,GA/2023-24/00456,FY2023-24,11,ACC-040,New Mishra Trading Co.,Shamli,SM01,Rakesh Kumar,MSG-200-75,Madhusudan Ghee 200 ml,200 ml,1,15,8770,8770
2023-11-06,GA/2023-24/00457,FY2023-24,11,ACC-047,Khurana Distributors,Jansath,SM03,Amit Saini,MSG-200-75,Madhusudan Ghee 200 ml,200 ml,1,15,8770,8770
2023-11-06,GA/2023-24/00458,FY2023-24,11,ACC-081,Jai Kapoor Super Market,Charthawal,SM03,Amit Saini,MSG-500-30,Madhusudan Ghee 500 ml,500 ml,1,15,8610,8610
2023-11-06,GA/2023-24/00459,FY2023-24,11,ACC-088,Krishna Khurana Sales Corporation,Charthawal,SM03,Amit Saini,MSG-1L-15,Madhusudan Ghee 1 L,1 L,2,30,8455,16910
2023-11-06,GA/2023-24/00460,FY2023-24,11,ACC-100,New Tandon Super Market,Khatauli,SM02,Sunil Tyagi,MSG-1L-15,Madhusudan Ghee 1 L,1 L,1,15,8455,8455
2023-11-06,GA/2023-24/00461,FY2023-24,11,ACC-101,Shri Ahuja Enterprises,Miranpur,SM04,Pankaj Verma,MSG-500-30,Madhusudan Ghee 500 ml,500 ml,1,15,8610,8610
2023-11-06,GA/2023-24/00462,FY2023-24,11,ACC-103,Wadhwa Enterprises,Budhana,SM02,Sunil Tyagi,MSG-1L-15,Madhusudan Ghee 1 L,1 L,1,15,8455,8455
2023-11-06,GA/2023-24/00463,FY2023-24,11,ACC-109,Laxmi Goel Traders,Purqazi,SM04,Pankaj Verma,MSG-200-75,Madhusudan Ghee 200 ml,200 ml,1,15,8770,8770
2023-11-06,GA/2023-24/00464,FY2023-24,11,ACC-135,Agarwal Traders,Khatauli,SM02,Sunil Tyagi,MSG-200-75,Madhusudan Ghee 200 ml,200 ml,1,15,8770,8770
2023-11-07,GA/2023-24/00465,FY2023-24,11,ACC-004,Jai Solanki Traders,Deoband,SM05,Deepak Rana,MSG-500-30,Madhusudan Ghee 500 ml,500 ml,3,45,8610,25830
2023-11-08,GA/2023-24/00466,FY2023-24,11,ACC-023,Agarwal Distributors,Jansath,SM03,Amit Saini,MSG-200-75,Madhusudan Ghee 200 ml,200 ml,1,15,8770,8770
2023-11-08,GA/2023-24/00467,FY2023-24,11,ACC-055,Shree Pandey Stores,Charthawal,SM03,Amit Saini,MSG-1L-15,Madhusudan Ghee 1 L,1 L,1,15,8455,8455
2023-11-08,GA/2023-24/00468,FY2023-24,11,ACC-144,Shree Ahuja Provisions,Shamli,SM01,Rakesh Kumar,MSG-200-75,Madhusudan Ghee 200 ml,200 ml,1,15,8770,8770
2023-11-09,GA/2023-24/00469,FY2023-24,11,ACC-003,Krishna Khurana Provisions,Budhana,SM02,Sunil Tyagi,MSG-200-75,Madhusudan Ghee 200 ml,200 ml,3,45,8770,26310
2023-11-09,GA/2023-24/00470,FY2023-24,11,ACC-054,Jai Goyal General Store,Miranpur,SM04,Pankaj Verma,MSG-1L-15,Madhusudan Ghee 1 L,1 L,2,30,8455,16910
2023-11-09,GA/2023-24/00471,FY2023-24,11,ACC-083,Maa Goel & Sons,Miranpur,SM04,Pankaj Verma,MSG-200-75,Madhusudan Ghee 200 ml,200 ml,1,15,8770,8770
2023-11-10,GA/2023-24/00472,FY2023-24,11,ACC-019,Mishra Agencies,Muzaffarnagar,SM01,Rakesh Kumar,MSG-500-30,Madhusudan Ghee 500 ml,500 ml,2,30,8610,17220
2023-11-10,GA/2023-24/00473,FY2023-24,11,ACC-138,Ganesh Gupta Trading Co.,Muzaffarnagar,SM01,Rakesh Kumar,MSG-200-75,Madhusudan Ghee 200 ml,200 ml,2,30,8770,17540
2023-11-10,GA/2023-24/00474,FY2023-24,11,ACC-139,Goel Trading Co.,Muzaffarnagar,SM01,Rakesh Kumar,MSG-1L-15,Madhusudan Ghee 1 L,1 L,1,15,8455,8455
2023-11-11,GA/2023-24/00475,FY2023-24,11,ACC-035,Ganesh Baliyan Traders,Deoband,SM05,Deepak Rana,MSG-500-30,Madhusudan Ghee 500 ml,500 ml,1,15,8610,8610
2023-11-13,GA/2023-24/00476,FY2023-24,11,ACC-011,New Maheshwari Super Market,Kairana,SM05,Deepak Rana,MSG-1L-15,Madhusudan Ghee 1 L,1 L,2,30,8455,16910
2023-11-13,GA/2023-24/00477,FY2023-24,11,ACC-017,Maa Malik Enterprises,Kairana,SM05,Deepak Rana,MSG-200-75,Madhusudan Ghee 200 ml,200 ml,1,15,8770,8770
2023-11-13,GA/2023-24/00477,FY2023-24,11,ACC-017,Maa Malik Enterprises,Kairana,SM05,Deepak Rana,MSG-500-30,Madhusudan Ghee 500 ml,500 ml,2,30,8610,17220
2023-11-13,GA/2023-24/00478,FY2023-24,11,ACC-046,New Kapoor Traders,Kairana,SM05,Deepak Rana,MSG-500-30,Madhusudan Ghee 500 ml,500 ml,1,15,8610,8610
2023-11-13,GA/2023-24/00479,FY2023-24,11,ACC-052,Krishna Srivastava & Company,Shamli,SM01,Rakesh Kumar,MSG-1L-15,Madhusudan Ghee 1 L,1 L,1,15,8455,8455
2023-11-13,GA/2023-24/00480,FY2023-24,11,ACC-070,Shree Agarwal Agencies,Miranpur,SM04,Pankaj Verma,MSG-200-75,Madhusudan Ghee 200 ml,200 ml,1,15,8770,8770
2023-11-13,GA/2023-24/00481,FY2023-24,11,ACC-105,Maa Singhal Enterprises,Miranpur,SM04,Pankaj Verma,MSG-500-30,Madhusudan Ghee 500 ml,500 ml,1,15,8610,8610
2023-11-14,GA/2023-24/00482,FY2023-24,11,ACC-134,Jai Wadhwa Sales Corporation,Kairana,SM05,Deepak Rana,MSG-200-75,Madhusudan Ghee 200 ml,200 ml,3,45,8770,26310
2023-11-15,GA/2023-24/00483,FY2023-24,11,ACC-133,New Singla Stores,Shamli,SM01,Rakesh Kumar,MSG-200-75,Madhusudan Ghee 200 ml,200 ml,1,15,8770,8770
2023-11-16,GA/2023-24/00484,FY2023-24,11,ACC-041,Chopra Traders,Purqazi,SM04,Pankaj Verma,MSG-1L-15,Madhusudan Ghee 1 L,1 L,1,15,8455,8455
2023-11-17,GA/2023-24/00485,FY2023-24,11,ACC-020,Krishna Bhardwaj Trading Co.,Khatauli,SM02,Sunil Tyagi,MSG-200-75,Madhusudan Ghee 200 ml,200 ml,1,15,8770,8770
2023-11-17,GA/2023-24/00486,FY2023-24,11,ACC-039,New Chopra Dairy,Deoband,SM05,Deepak Rana,MSG-1L-15,Madhusudan Ghee 1 L,1 L,2,30,8455,16910
2023-11-17,GA/2023-24/00487,FY2023-24,11,ACC-056,Bajaj Provisions,Deoband,SM05,Deepak Rana,MSG-200-75,Madhusudan Ghee 200 ml,200 ml,1,15,8770,8770
2023-11-17,GA/2023-24/00488,FY2023-24,11,ACC-126,Bhatia General Store,Miranpur,SM04,Pankaj Verma,MSG-1L-15,Madhusudan Ghee 1 L,1 L,2,30,8455,16910
2023-11-18,GA/2023-24/00489,FY2023-24,11,ACC-001,Om Dubey Super Market,Muzaffarnagar,SM01,Rakesh Kumar,MSG-1L-15,Madhusudan Ghee 1 L,1 L,2,30,8455,16910
2023-11-18,GA/2023-24/00490,FY2023-24,11,ACC-002,New Dubey Marketing,Kairana,SM05,Deepak Rana,MSG-1L-15,Madhusudan Ghee 1 L,1 L,1,15,8455,8455
2023-11-18,GA/2023-24/00490,FY2023-24,11,ACC-002,New Dubey Marketing,Kairana,SM05,Deepak Rana,MSG-500-30,Madhusudan Ghee 500 ml,500 ml,1,15,8610,8610
2023-11-18,GA/2023-24/00491,FY2023-24,11,ACC-036,Shree Saini Enterprises,Budhana,SM02,Sunil Tyagi,MSG-200-75,Madhusudan Ghee 200 ml,200 ml,2,30,8770,17540
2023-11-18,GA/2023-24/00492,FY2023-24,11,ACC-129,Maheshwari & Sons,Miranpur,SM04,Pankaj Verma,MSG-200-75,Madhusudan Ghee 200 ml,200 ml,1,15,8770,8770
2023-11-20,GA/2023-24/00493,FY2023-24,11,ACC-013,Krishna Sachdeva Enterprises,Khatauli,SM02,Sunil Tyagi,MSG-1L-15,Madhusudan Ghee 1 L,1 L,2,30,8455,16910
2023-11-20,GA/2023-24/00493,FY2023-24,11,ACC-013,Krishna Sachdeva Enterprises,Khatauli,SM02,Sunil Tyagi,MSG-200-75,Madhusudan Ghee 200 ml,200 ml,1,15,8770,8770
2023-11-20,GA/2023-24/00494,FY2023-24,11,ACC-032,Goyal Super Market,Deoband,SM05,Deepak Rana,MSG-200-75,Madhusudan Ghee 200 ml,200 ml,2,30,8770,17540
2023-11-20,GA/2023-24/00495,FY2023-24,11,ACC-050,Jai Sachdeva & Company,Budhana,SM02,Sunil Tyagi,MSG-1L-15,Madhusudan Ghee 1 L,1 L,1,15,8455,8455
2023-11-20,GA/2023-24/00496,FY2023-24,11,ACC-053,Tandon Trading Co.,Charthawal,SM03,Amit Saini,MSG-1L-15,Madhusudan Ghee 1 L,1 L,1,15,8455,8455
2023-11-20,GA/2023-24/00497,FY2023-24,11,ACC-062,Dubey General Store,Khatauli,SM02,Sunil Tyagi,MSG-500-30,Madhusudan Ghee 500 ml,500 ml,1,15,8610,8610
2023-11-20,GA/2023-24/00498,FY2023-24,11,ACC-068,Ganesh Saxena General Store,Shamli,SM01,Rakesh Kumar,MSG-1L-15,Madhusudan Ghee 1 L,1 L,1,15,8455,8455
2023-11-20,GA/2023-24/00499,FY2023-24,11,ACC-119,Solanki Dairy,Deoband,SM05,Deepak Rana,MSG-500-30,Madhusudan Ghee 500 ml,500 ml,1,15,8610,8610
2023-11-20,GA/2023-24/00500,FY2023-24,11,ACC-120,Ganesh Kansal Provisions,Muzaffarnagar,SM01,Rakesh Kumar,MSG-200-75,Madhusudan Ghee 200 ml,200 ml,1,15,8770,8770
2023-11-21,GA/2023-24/00501,FY2023-24,11,ACC-001,Om Dubey Super Market,Muzaffarnagar,SM01,Rakesh Kumar,MSG-200-75,Madhusudan Ghee 200 ml,200 ml,1,15,8770,8770
2023-11-21,GA/2023-24/00501,FY2023-24,11,ACC-001,Om Dubey Super Market,Muzaffarnagar,SM01,Rakesh Kumar,MSG-500-30,Madhusudan Ghee 500 ml,500 ml,2,30,8610,17220
2023-11-21,GA/2023-24/00502,FY2023-24,11,ACC-015,Wadhwa Super Market,Muzaffarnagar,SM01,Rakesh Kumar,MSG-200-75,Madhusudan Ghee 200 ml,200 ml,2,30,8770,17540
2023-11-21,GA/2023-24/00503,FY2023-24,11,ACC-025,Om Chaudhary Agencies,Budhana,SM02,Sunil Tyagi,MSG-1L-15,Madhusudan Ghee 1 L,1 L,1,15,8455,8455
2023-11-21,GA/2023-24/00504,FY2023-24,11,ACC-106,Shree Ahuja & Company,Khatauli,SM02,Sunil Tyagi,MSG-200-75,Madhusudan Ghee 200 ml,200 ml,1,15,8770,8770
2023-11-21,GA/2023-24/00505,FY2023-24,11,ACC-143,Garg Marketing,Muzaffarnagar,SM01,Rakesh Kumar,MSG-500-30,Madhusudan Ghee 500 ml,500 ml,2,30,8610,17220
2023-11-22,GA/2023-24/00506,FY2023-24,11,ACC-048,Maa Sharma Marketing,Budhana,SM02,Sunil Tyagi,MSG-1L-15,Madhusudan Ghee 1 L,1 L,1,15,8455,8455
2023-11-22,GA/2023-24/00507,FY2023-24,11,ACC-066,Dhingra Marketing,Muzaffarnagar,SM01,Rakesh Kumar,MSG-500-30,Madhusudan Ghee 500 ml,500 ml,2,30,8610,17220
2023-11-23,GA/2023-24/00508,FY2023-24,11,ACC-003,Krishna Khurana Provisions,Budhana,SM02,Sunil Tyagi,MSG-200-75,Madhusudan Ghee 200 ml,200 ml,4,60,8770,35080
2023-11-23,GA/2023-24/00509,FY2023-24,11,ACC-045,Jai Yadav Sales Corporation,Miranpur,SM04,Pankaj Verma,MSG-1L-15,Madhusudan Ghee 1 L,1 L,2,30,8455,16910
2023-11-23,GA/2023-24/00510,FY2023-24,11,ACC-121,New Yadav Trading Co.,Miranpur,SM04,Pankaj Verma,MSG-500-30,Madhusudan Ghee 500 ml,500 ml,2,30,8610,17220
2023-11-23,GA/2023-24/00511,FY2023-24,11,ACC-131,Jai Yadav Traders,Shamli,SM01,Rakesh Kumar,MSG-1L-15,Madhusudan Ghee 1 L,1 L,1,15,8455,8455
2023-11-24,GA/2023-24/00512,FY2023-24,11,ACC-002,New Dubey Marketing,Kairana,SM05,Deepak Rana,MSG-500-30,Madhusudan Ghee 500 ml,500 ml,3,45,8610,25830
2023-11-24,GA/2023-24/00513,FY2023-24,11,ACC-031,Laxmi Sirohi Super Market,Charthawal,SM03,Amit Saini,MSG-200-75,Madhusudan Ghee 200 ml,200 ml,1,15,8770,8770
2023-11-25,GA/2023-24/00514,FY2023-24,11,ACC-004,Jai Solanki Traders,Deoband,SM05,Deepak Rana,MSG-1L-15,Madhusudan Ghee 1 L,1 L,1,15,8455,8455
2023-11-25,GA/2023-24/00515,FY2023-24,11,ACC-010,Shree Mishra Provisions,Muzaffarnagar,SM01,Rakesh Kumar,MSG-1L-15,Madhusudan Ghee 1 L,1 L,3,45,8455,25365
2023-11-25,GA/2023-24/00516,FY2023-24,11,ACC-033,Balaji Singhal Stores,Deoband,SM05,Deepak Rana,MSG-500-30,Madhusudan Ghee 500 ml,500 ml,2,30,8610,17220
2023-11-25,GA/2023-24/00517,FY2023-24,11,ACC-112,Om Goyal Kirana Store,Muzaffarnagar,SM01,Rakesh Kumar,MSG-1L-15,Madhusudan Ghee 1 L,1 L,1,15,8455,8455
2023-11-25,GA/2023-24/00518,FY2023-24,11,ACC-115,Sethi Super Market,Budhana,SM02,Sunil Tyagi,MSG-1L-15,Madhusudan Ghee 1 L,1 L,1,15,8455,8455
2023-11-27,GA/2023-24/00519,FY2023-24,11,ACC-004,Jai Solanki Traders,Deoband,SM05,Deepak Rana,MSG-500-30,Madhusudan Ghee 500 ml,500 ml,2,30,8610,17220
2023-11-27,GA/2023-24/00520,FY2023-24,11,ACC-007,Om Pandey Distributors,Purqazi,SM04,Pankaj Verma,MSG-200-75,Madhusudan Ghee 200 ml,200 ml,2,30,8770,17540
2023-11-27,GA/2023-24/00520,FY2023-24,11,ACC-007,Om Pandey Distributors,Purqazi,SM04,Pankaj Verma,MSG-500-30,Madhusudan Ghee 500 ml,500 ml,1,15,8610,8610
2023-11-27,GA/2023-24/00521,FY2023-24,11,ACC-080,Malhotra Enterprises,Kairana,SM05,Deepak Rana,MSG-200-75,Madhusudan Ghee 200 ml,200 ml,1,15,8770,8770
2023-11-28,GA/2023-24/00522,FY2023-24,11,ACC-067,Gupta Trading Co.,Khatauli,SM02,Sunil Tyagi,MSG-500-30,Madhusudan Ghee 500 ml,500 ml,1,15,8610,8610
2023-11-29,GA/2023-24/00523,FY2023-24,11,ACC-005,Malhotra Dairy,Kairana,SM05,Deepak Rana,MSG-500-30,Madhusudan Ghee 500 ml,500 ml,1,15,8610,8610
2023-11-29,GA/2023-24/00524,FY2023-24,11,ACC-012,Bhardwaj Dairy,Charthawal,SM03,Amit Saini,MSG-1L-15,Madhusudan Ghee 1 L,1 L,2,30,8455,16910
2023-11-29,GA/2023-24/00525,FY2023-24,11,ACC-014,Maa Chopra Kirana Store,Khatauli,SM02,Sunil Tyagi,MSG-200-75,Madhusudan Ghee 200 ml,200 ml,1,15,8770,8770
2023-11-29,GA/2023-24/00526,FY2023-24,11,ACC-021,Shri Tandon Stores,Muzaffarnagar,SM01,Rakesh Kumar,MSG-500-30,Madhusudan Ghee 500 ml,500 ml,1,15,8610,8610
2023-11-29,GA/2023-24/00527,FY2023-24,11,ACC-037,Maa Yadav Stores,Charthawal,SM03,Amit Saini,MSG-1L-15,Madhusudan Ghee 1 L,1 L,1,15,8455,8455
2023-11-29,GA/2023-24/00528,FY2023-24,11,ACC-132,Shri Bhardwaj Sales Corporation,Miranpur,SM04,Pankaj Verma,MSG-200-75,Madhusudan Ghee 200 ml,200 ml,1,15,8770,8770
2023-11-30,GA/2023-24/00529,FY2023-24,11,ACC-029,Balaji Rana Agencies,Khatauli,SM02,Sunil Tyagi,MSG-1L-15,Madhusudan Ghee 1 L,1 L,1,15,8455,8455
2023-11-30,GA/2023-24/00530,FY2023-24,11,ACC-042,Maa Sachdeva Agencies,Charthawal,SM03,Amit Saini,MSG-1L-15,Madhusudan Ghee 1 L,1 L,1,15,8455,8455
2023-11-30,GA/2023-24/00531,FY2023-24,11,ACC-051,Laxmi Sachdeva Traders,Jansath,SM03,Amit Saini,MSG-1L-15,Madhusudan Ghee 1 L,1 L,1,15,8455,8455
2023-11-30,GA/2023-24/00532,FY2023-24,11,ACC-059,Balaji Garg Agencies,Purqazi,SM04,Pankaj Verma,MSG-1L-15,Madhusudan Ghee 1 L,1 L,2,30,8455,16910
2023-11-30,GA/2023-24/00533,FY2023-24,11,ACC-061,Jai Srivastava General Store,Muzaffarnagar,SM01,Rakesh Kumar,MSG-1L-15,Madhusudan Ghee 1 L,1 L,1,15,8455,8455
2023-11-30,GA/2023-24/00534,FY2023-24,11,ACC-145,Nagpal Kirana Store,Budhana,SM02,Sunil Tyagi,MSG-200-75,Madhusudan Ghee 200 ml,200 ml,1,15,8770,8770
2023-12-01,GA/2023-24/00535,FY2023-24,12,ACC-024,Maa Baliyan Super Market,Muzaffarnagar,SM01,Rakesh Kumar,MSG-1L-15,Madhusudan Ghee 1 L,1 L,1,15,8455,8455
2023-12-01,GA/2023-24/00536,FY2023-24,12,ACC-145,Nagpal Kirana Store,Budhana,SM02,Sunil Tyagi,MSG-500-30,Madhusudan Ghee 500 ml,500 ml,1,15,8610,8610
2023-12-02,GA/2023-24/00537,FY2023-24,12,ACC-018,Krishna Sharma Enterprises,Kairana,SM05,Deepak Rana,MSG-1L-15,Madhusudan Ghee 1 L,1 L,1,15,8455,8455
2023-12-02,GA/2023-24/00538,FY2023-24,12,ACC-019,Mishra Agencies,Muzaffarnagar,SM01,Rakesh Kumar,MSG-500-30,Madhusudan Ghee 500 ml,500 ml,1,15,8610,8610
2023-12-02,GA/2023-24/00539,FY2023-24,12,ACC-023,Agarwal Distributors,Jansath,SM03,Amit Saini,MSG-1L-15,Madhusudan Ghee 1 L,1 L,2,30,8455,16910
2023-12-02,GA/2023-24/00540,FY2023-24,12,ACC-030,Laxmi Sharma Stores,Jansath,SM03,Amit Saini,MSG-500-30,Madhusudan Ghee 500 ml,500 ml,1,15,8610,8610
2023-12-02,GA/2023-24/00541,FY2023-24,12,ACC-130,Maa Nagpal & Company,Deoband,SM05,Deepak Rana,MSG-1L-15,Madhusudan Ghee 1 L,1 L,1,15,8455,8455
2023-12-04,GA/2023-24/00542,FY2023-24,12,ACC-036,Shree Saini Enterprises,Budhana,SM02,Sunil Tyagi,MSG-1L-15,Madhusudan Ghee 1 L,1 L,1,15,8455,8455
2023-12-04,GA/2023-24/00543,FY2023-24,12,ACC-066,Dhingra Marketing,Muzaffarnagar,SM01,Rakesh Kumar,MSG-1L-15,Madhusudan Ghee 1 L,1 L,1,15,8455,8455
2023-12-04,GA/2023-24/00544,FY2023-24,12,ACC-126,Bhatia General Store,Miranpur,SM04,Pankaj Verma,MSG-1L-15,Madhusudan Ghee 1 L,1 L,2,30,8455,16910
2023-12-05,GA/2023-24/00545,FY2023-24,12,ACC-003,Krishna Khurana Provisions,Budhana,SM02,Sunil Tyagi,MSG-1L-15,Madhusudan Ghee 1 L,1 L,3,45,8455,25365
2023-12-05,GA/2023-24/00546,FY2023-24,12,ACC-084,Ganesh Saxena Distributors,Budhana,SM02,Sunil Tyagi,MSG-500-30,Madhusudan Ghee 500 ml,500 ml,1,15,8610,8610
2023-12-05,GA/2023-24/00547,FY2023-24,12,ACC-096,Maheshwari Stores,Deoband,SM05,Deepak Rana,MSG-1L-15,Madhusudan Ghee 1 L,1 L,2,30,8455,16910
2023-12-06,GA/2023-24/00548,FY2023-24,12,ACC-053,Tandon Trading Co.,Charthawal,SM03,Amit Saini,MSG-200-75,Madhusudan Ghee 200 ml,200 ml,1,15,8770,8770
2023-12-06,GA/2023-24/00549,FY2023-24,12,ACC-094,Singla Stores,Budhana,SM02,Sunil Tyagi,MSG-1L-15,Madhusudan Ghee 1 L,1 L,1,15,8455,8455
2023-12-07,GA/2023-24/00550,FY2023-24,12,ACC-004,Jai Solanki Traders,Deoband,SM05,Deepak Rana,MSG-200-75,Madhusudan Ghee 200 ml,200 ml,3,45,8770,26310
2023-12-07,GA/2023-24/00551,FY2023-24,12,ACC-009,Krishna Srivastava Agencies,Kairana,SM05,Deepak Rana,MSG-1L-15,Madhusudan Ghee 1 L,1 L,1,15,8455,8455
2023-12-07,GA/2023-24/00551,FY2023-24,12,ACC-009,Krishna Srivastava Agencies,Kairana,SM05,Deepak Rana,MSG-500-30,Madhusudan Ghee 500 ml,500 ml,2,30,8610,17220
2023-12-07,GA/2023-24/00552,FY2023-24,12,ACC-026,Krishna Goel Marketing,Shamli,SM01,Rakesh Kumar,MSG-1L-15,Madhusudan Ghee 1 L,1 L,1,15,8455,8455
2023-12-08,GA/2023-24/00553,FY2023-24,12,ACC-001,Om Dubey Super Market,Muzaffarnagar,SM01,Rakesh Kumar,MSG-1L-15,Madhusudan Ghee 1 L,1 L,2,30,8455,16910
2023-12-08,GA/2023-24/00554,FY2023-24,12,ACC-002,New Dubey Marketing,Kairana,SM05,Deepak Rana,MSG-500-30,Madhusudan Ghee 500 ml,500 ml,4,60,8610,34440
2023-12-08,GA/2023-24/00555,FY2023-24,12,ACC-010,Shree Mishra Provisions,Muzaffarnagar,SM01,Rakesh Kumar,MSG-1L-15,Madhusudan Ghee 1 L,1 L,1,15,8455,8455
2023-12-08,GA/2023-24/00556,FY2023-24,12,ACC-028,Srivastava Distributors,Jansath,SM03,Amit Saini,MSG-200-75,Madhusudan Ghee 200 ml,200 ml,1,15,8770,8770
2023-12-09,GA/2023-24/00557,FY2023-24,12,ACC-016,Ganesh Bhardwaj Trading Co.,Budhana,SM02,Sunil Tyagi,MSG-1L-15,Madhusudan Ghee 1 L,1 L,2,30,8455,16910
2023-12-09,GA/2023-24/00558,FY2023-24,12,ACC-061,Jai Srivastava General Store,Muzaffarnagar,SM01,Rakesh Kumar,MSG-200-75,Madhusudan Ghee 200 ml,200 ml,1,15,8770,8770
2023-12-11,GA/2023-24/00559,FY2023-24,12,ACC-029,Balaji Rana Agencies,Khatauli,SM02,Sunil Tyagi,MSG-200-75,Madhusudan Ghee 200 ml,200 ml,1,15,8770,8770
2023-12-11,GA/2023-24/00560,FY2023-24,12,ACC-095,Maa Gupta Provisions,Charthawal,SM03,Amit Saini,MSG-1L-15,Madhusudan Ghee 1 L,1 L,1,15,8455,8455
2023-12-12,GA/2023-24/00561,FY2023-24,12,ACC-008,Shree Maheshwari Enterprises,Shamli,SM01,Rakesh Kumar,MSG-500-30,Madhusudan Ghee 500 ml,500 ml,2,30,8610,17220
2023-12-12,GA/2023-24/00562,FY2023-24,12,ACC-025,Om Chaudhary Agencies,Budhana,SM02,Sunil Tyagi,MSG-1L-15,Madhusudan Ghee 1 L,1 L,2,30,8455,16910
2023-12-12,GA/2023-24/00563,FY2023-24,12,ACC-103,Wadhwa Enterprises,Budhana,SM02,Sunil Tyagi,MSG-1L-15,Madhusudan Ghee 1 L,1 L,1,15,8455,8455
2023-12-13,GA/2023-24/00564,FY2023-24,12,ACC-056,Bajaj Provisions,Deoband,SM05,Deepak Rana,MSG-200-75,Madhusudan Ghee 200 ml,200 ml,1,15,8770,8770
2023-12-13,GA/2023-24/00565,FY2023-24,12,ACC-088,Krishna Khurana Sales Corporation,Charthawal,SM03,Amit Saini,MSG-1L-15,Madhusudan Ghee 1 L,1 L,1,15,8455,8455
2023-12-13,GA/2023-24/00566,FY2023-24,12,ACC-136,Shree Khandelwal Distributors,Jansath,SM03,Amit Saini,MSG-1L-15,Madhusudan Ghee 1 L,1 L,1,15,8455,8455
2023-12-15,GA/2023-24/00567,FY2023-24,12,ACC-072,Verma Agencies,Khatauli,SM02,Sunil Tyagi,MSG-500-30,Madhusudan Ghee 500 ml,500 ml,1,15,8610,8610
2023-12-15,GA/2023-24/00568,FY2023-24,12,ACC-089,Jai Sharma Provisions,Purqazi,SM04,Pankaj Verma,MSG-1L-15,Madhusudan Ghee 1 L,1 L,1,15,8455,8455
2023-12-16,GA/2023-24/00569,FY2023-24,12,ACC-006,Ganesh Jindal Dairy,Kairana,SM05,Deepak Rana,MSG-1L-15,Madhusudan Ghee 1 L,1 L,1,15,8455,8455
2023-12-16,GA/2023-24/00569,FY2023-24,12,ACC-006,Ganesh Jindal Dairy,Kairana,SM05,Deepak Rana,MSG-500-30,Madhusudan Ghee 500 ml,500 ml,1,15,8610,8610
2023-12-16,GA/2023-24/00570,FY2023-24,12,ACC-119,Solanki Dairy,Deoband,SM05,Deepak Rana,MSG-1L-15,Madhusudan Ghee 1 L,1 L,1,15,8455,8455
2023-12-16,GA/2023-24/00571,FY2023-24,12,ACC-140,Laxmi Saxena Kirana Store,Kairana,SM05,Deepak Rana,MSG-1L-15,Madhusudan Ghee 1 L,1 L,1,15,8455,8455
2023-12-18,GA/2023-24/00572,FY2023-24,12,ACC-011,New Maheshwari Super Market,Kairana,SM05,Deepak Rana,MSG-200-75,Madhusudan Ghee 200 ml,200 ml,1,15,8770,8770
2023-12-18,GA/2023-24/00573,FY2023-24,12,ACC-014,Maa Chopra Kirana Store,Khatauli,SM02,Sunil Tyagi,MSG-500-30,Madhusudan Ghee 500 ml,500 ml,2,30,8610,17220
2023-12-18,GA/2023-24/00574,FY2023-24,12,ACC-033,Balaji Singhal Stores,Deoband,SM05,Deepak Rana,MSG-1L-15,Madhusudan Ghee 1 L,1 L,1,15,8455,8455
2023-12-18,GA/2023-24/00575,FY2023-24,12,ACC-048,Maa Sharma Marketing,Budhana,SM02,Sunil Tyagi,MSG-200-75,Madhusudan Ghee 200 ml,200 ml,1,15,8770,8770
2023-12-18,GA/2023-24/00576,FY2023-24,12,ACC-117,Shri Khandelwal Sales Corporation,Deoband,SM05,Deepak Rana,MSG-1L-15,Madhusudan Ghee 1 L,1 L,2,30,8455,16910
2023-12-19,GA/2023-24/00577,FY2023-24,12,ACC-002,New Dubey Marketing,Kairana,SM05,Deepak Rana,MSG-1L-15,Madhusudan Ghee 1 L,1 L,4,60,8455,33820
2023-12-19,GA/2023-24/00578,FY2023-24,12,ACC-017,Maa Malik Enterprises,Kairana,SM05,Deepak Rana,MSG-1L-15,Madhusudan Ghee 1 L,1 L,1,15,8455,8455
2023-12-20,GA/2023-24/00579,FY2023-24,12,ACC-045,Jai Yadav Sales Corporation,Miranpur,SM04,Pankaj Verma,MSG-1L-15,Madhusudan Ghee 1 L,1 L,1,15,8455,8455
2023-12-20,GA/2023-24/00580,FY2023-24,12,ACC-099,Balaji Garg Distributors,Khatauli,SM02,Sunil Tyagi,MSG-1L-15,Madhusudan Ghee 1 L,1 L,1,15,8455,8455
2023-12-20,GA/2023-24/00580,FY2023-24,12,ACC-099,Balaji Garg Distributors,Khatauli,SM02,Sunil Tyagi,MSG-500-30,Madhusudan Ghee 500 ml,500 ml,1,15,8610,8610
2023-12-20,GA/2023-24/00581,FY2023-24,12,ACC-102,Shree Solanki Distributors,Kairana,SM05,Deepak Rana,MSG-1L-15,Madhusudan Ghee 1 L,1 L,1,15,8455,8455
2023-12-20,GA/2023-24/00582,FY2023-24,12,ACC-121,New Yadav Trading Co.,Miranpur,SM04,Pankaj Verma,MSG-1L-15,Madhusudan Ghee 1 L,1 L,1,15,8455,8455
2023-12-21,GA/2023-24/00583,FY2023-24,12,ACC-020,Krishna Bhardwaj Trading Co.,Khatauli,SM02,Sunil Tyagi,MSG-500-30,Madhusudan Ghee 500 ml,500 ml,1,15,8610,8610
2023-12-22,GA/2023-24/00584,FY2023-24,12,ACC-035,Ganesh Baliyan Traders,Deoband,SM05,Deepak Rana,MSG-1L-15,Madhusudan Ghee 1 L,1 L,1,15,8455,8455
2023-12-22,GA/2023-24/00585,FY2023-24,12,ACC-037,Maa Yadav Stores,Charthawal,SM03,Amit Saini,MSG-1L-15,Madhusudan Ghee 1 L,1 L,1,15,8455,8455
2023-12-22,GA/2023-24/00586,FY2023-24,12,ACC-109,Laxmi Goel Traders,Purqazi,SM04,Pankaj Verma,MSG-1L-15,Madhusudan Ghee 1 L,1 L,1,15,8455,8455
2023-12-23,GA/2023-24/00587,FY2023-24,12,ACC-013,Krishna Sachdeva Enterprises,Khatauli,SM02,Sunil Tyagi,MSG-1L-15,Madhusudan Ghee 1 L,1 L,1,15,8455,8455
2023-12-23,GA/2023-24/00588,FY2023-24,12,ACC-032,Goyal Super Market,Deoband,SM05,Deepak Rana,MSG-1L-15,Madhusudan Ghee 1 L,1 L,1,15,8455,8455
2023-12-25,GA/2023-24/00589,FY2023-24,12,ACC-005,Malhotra Dairy,Kairana,SM05,Deepak Rana,MSG-200-75,Madhusudan Ghee 200 ml,200 ml,1,15,8770,8770
2023-12-25,GA/2023-24/00589,FY2023-24,12,ACC-005,Malhotra Dairy,Kairana,SM05,Deepak Rana,MSG-500-30,Madhusudan Ghee 500 ml,500 ml,2,30,8610,17220
2023-12-25,GA/2023-24/00590,FY2023-24,12,ACC-046,New Kapoor Traders,Kairana,SM05,Deepak Rana,MSG-500-30,Madhusudan Ghee 500 ml,500 ml,1,15,8610,8610
2023-12-25,GA/2023-24/00591,FY2023-24,12,ACC-068,Ganesh Saxena General Store,Shamli,SM01,Rakesh Kumar,MSG-1L-15,Madhusudan Ghee 1 L,1 L,1,15,8455,8455
2023-12-25,GA/2023-24/00592,FY2023-24,12,ACC-105,Maa Singhal Enterprises,Miranpur,SM04,Pankaj Verma,MSG-1L-15,Madhusudan Ghee 1 L,1 L,1,15,8455,8455
2023-12-27,GA/2023-24/00593,FY2023-24,12,ACC-001,Om Dubey Super Market,Muzaffarnagar,SM01,Rakesh Kumar,MSG-200-75,Madhusudan Ghee 200 ml,200 ml,2,30,8770,17540
2023-12-27,GA/2023-24/00594,FY2023-24,12,ACC-031,Laxmi Sirohi Super Market,Charthawal,SM03,Amit Saini,MSG-1L-15,Madhusudan Ghee 1 L,1 L,1,15,8455,8455
2023-12-27,GA/2023-24/00594,FY2023-24,12,ACC-031,Laxmi Sirohi Super Market,Charthawal,SM03,Amit Saini,MSG-500-30,Madhusudan Ghee 500 ml,500 ml,1,15,8610,8610
2023-12-27,GA/2023-24/00595,FY2023-24,12,ACC-038,Krishna Saxena Provisions,Miranpur,SM04,Pankaj Verma,MSG-1L-15,Madhusudan Ghee 1 L,1 L,1,15,8455,8455
2023-12-27,GA/2023-24/00596,FY2023-24,12,ACC-042,Maa Sachdeva Agencies,Charthawal,SM03,Amit Saini,MSG-200-75,Madhusudan Ghee 200 ml,200 ml,1,15,8770,8770
2023-12-27,GA/2023-24/00597,FY2023-24,12,ACC-098,Balaji Rana Distributors,Shamli,SM01,Rakesh Kumar,MSG-1L-15,Madhusudan Ghee 1 L,1 L,1,15,8455,8455
2023-12-28,GA/2023-24/00598,FY2023-24,12,ACC-050,Jai Sachdeva & Company,Budhana,SM02,Sunil Tyagi,MSG-500-30,Madhusudan Ghee 500 ml,500 ml,1,15,8610,8610
2023-12-28,GA/2023-24/00599,FY2023-24,12,ACC-055,Shree Pandey Stores,Charthawal,SM03,Amit Saini,MSG-1L-15,Madhusudan Ghee 1 L,1 L,1,15,8455,8455
2023-12-28,GA/2023-24/00600,FY2023-24,12,ACC-110,Laxmi Kansal & Sons,Kairana,SM05,Deepak Rana,MSG-500-30,Madhusudan Ghee 500 ml,500 ml,1,15,8610,8610
2023-12-29,GA/2023-24/00601,FY2023-24,12,ACC-012,Bhardwaj Dairy,Charthawal,SM03,Amit Saini,MSG-500-30,Madhusudan Ghee 500 ml,500 ml,1,15,8610,8610
2023-12-29,GA/2023-24/00602,FY2023-24,12,ACC-022,Tandon & Company,Kairana,SM05,Deepak Rana,MSG-1L-15,Madhusudan Ghee 1 L,1 L,2,30,8455,16910
2023-12-29,GA/2023-24/00603,FY2023-24,12,ACC-059,Balaji Garg Agencies,Purqazi,SM04,Pankaj Verma,MSG-1L-15,Madhusudan Ghee 1 L,1 L,1,15,8455,8455
2023-12-30,GA/2023-24/00604,FY2023-24,12,ACC-021,Shri Tandon Stores,Muzaffarnagar,SM01,Rakesh Kumar,MSG-200-75,Madhusudan Ghee 200 ml,200 ml,1,15,8770,8770
2023-12-30,GA/2023-24/00605,FY2023-24,12,ACC-039,New Chopra Dairy,Deoband,SM05,Deepak Rana,MSG-500-30,Madhusudan Ghee 500 ml,500 ml,2,30,8610,17220
2023-12-30,GA/2023-24/00606,FY2023-24,12,ACC-057,Balaji Bhatia Enterprises,Deoband,SM05,Deepak Rana,MSG-1L-15,Madhusudan Ghee 1 L,1 L,1,15,8455,8455
2023-12-30,GA/2023-24/00607,FY2023-24,12,ACC-063,Ganesh Kapoor Trading Co.,Charthawal,SM03,Amit Saini,MSG-1L-15,Madhusudan Ghee 1 L,1 L,1,15,8455,8455
2023-12-30,GA/2023-24/00608,FY2023-24,12,ACC-069,Balaji Kapoor General Store,Budhana,SM02,Sunil Tyagi,MSG-200-75,Madhusudan Ghee 200 ml,200 ml,1,15,8770,8770
2023-12-30,GA/2023-24/00609,FY2023-24,12,ACC-080,Malhotra Enterprises,Kairana,SM05,Deepak Rana,MSG-200-75,Madhusudan Ghee 200 ml,200 ml,1,15,8770,8770
2023-12-30,GA/2023-24/00610,FY2023-24,12,ACC-082,Shree Kaushik Enterprises,Charthawal,SM03,Amit Saini,MSG-1L-15,Madhusudan Ghee 1 L,1 L,1,15,8455,8455
2023-12-30,GA/2023-24/00611,FY2023-24,12,ACC-131,Jai Yadav Traders,Shamli,SM01,Rakesh Kumar,MSG-500-30,Madhusudan Ghee 500 ml,500 ml,1,15,8610,8610
2024-01-01,GA/2023-24/00612,FY2023-24,1,ACC-054,Jai Goyal General Store,Miranpur,SM04,Pankaj Verma,MSG-1L-15,Madhusudan Ghee 1 L,1 L,1,15,8455,8455
2024-01-01,GA/2023-24/00613,FY2023-24,1,ACC-099,Balaji Garg Distributors,Khatauli,SM02,Sunil Tyagi,MSG-1L-15,Madhusudan Ghee 1 L,1 L,1,15,8455,8455
2024-01-01,GA/2023-24/00614,FY2023-24,1,ACC-126,Bhatia General Store,Miranpur,SM04,Pankaj Verma,MSG-500-30,Madhusudan Ghee 500 ml,500 ml,1,15,8610,8610
2024-01-02,GA/2023-24/00615,FY2023-24,1,ACC-002,New Dubey Marketing,Kairana,SM05,Deepak Rana,MSG-200-75,Madhusudan Ghee 200 ml,200 ml,3,45,8770,26310
2024-01-02,GA/2023-24/00616,FY2023-24,1,ACC-038,Krishna Saxena Provisions,Miranpur,SM04,Pankaj Verma,MSG-200-75,Madhusudan Ghee 200 ml,200 ml,1,15,8770,8770
2024-01-02,GA/2023-24/00617,FY2023-24,1,ACC-093,Maa Malik & Company,Charthawal,SM03,Amit Saini,MSG-1L-15,Madhusudan Ghee 1 L,1 L,2,30,8455,16910
2024-01-03,GA/2023-24/00618,FY2023-24,1,ACC-014,Maa Chopra Kirana Store,Khatauli,SM02,Sunil Tyagi,MSG-1L-15,Madhusudan Ghee 1 L,1 L,2,30,8455,16910
2024-01-03,GA/2023-24/00619,FY2023-24,1,ACC-025,Om Chaudhary Agencies,Budhana,SM02,Sunil Tyagi,MSG-1L-15,Madhusudan Ghee 1 L,1 L,1,15,8455,8455
2024-01-03,GA/2023-24/00620,FY2023-24,1,ACC-031,Laxmi Sirohi Super Market,Charthawal,SM03,Amit Saini,MSG-1L-15,Madhusudan Ghee 1 L,1 L,1,15,8455,8455
2024-01-04,GA/2023-24/00621,FY2023-24,1,ACC-053,Tandon Trading Co.,Charthawal,SM03,Amit Saini,MSG-500-30,Madhusudan Ghee 500 ml,500 ml,1,15,8610,8610
2024-01-04,GA/2023-24/00622,FY2023-24,1,ACC-067,Gupta Trading Co.,Khatauli,SM02,Sunil Tyagi,MSG-500-30,Madhusudan Ghee 500 ml,500 ml,1,15,8610,8610
2024-01-04,GA/2023-24/00623,FY2023-24,1,ACC-103,Wadhwa Enterprises,Budhana,SM02,Sunil Tyagi,MSG-1L-15,Madhusudan Ghee 1 L,1 L,1,15,8455,8455
2024-01-05,GA/2023-24/00624,FY2023-24,1,ACC-041,Chopra Traders,Purqazi,SM04,Pankaj Verma,MSG-1L-15,Madhusudan Ghee 1 L,1 L,1,15,8455,8455
2024-01-05,GA/2023-24/00625,FY2023-24,1,ACC-072,Verma Agencies,Khatauli,SM02,Sunil Tyagi,MSG-1L-15,Madhusudan Ghee 1 L,1 L,1,15,8455,8455
2024-01-06,GA/2023-24/00626,FY2023-24,1,ACC-032,Goyal Super Market,Deoband,SM05,Deepak Rana,MSG-1L-15,Madhusudan Ghee 1 L,1 L,3,45,8455,25365
2024-01-08,GA/2023-24/00627,FY2023-24,1,ACC-030,Laxmi Sharma Stores,Jansath,SM03,Amit Saini,MSG-200-75,Madhusudan Ghee 200 ml,200 ml,1,15,8770,8770
2024-01-08,GA/2023-24/00628,FY2023-24,1,ACC-056,Bajaj Provisions,Deoband,SM05,Deepak Rana,MSG-1L-15,Madhusudan Ghee 1 L,1 L,1,15,8455,8455
2024-01-08,GA/2023-24/00629,FY2023-24,1,ACC-131,Jai Yadav Traders,Shamli,SM01,Rakesh Kumar,MSG-200-75,Madhusudan Ghee 200 ml,200 ml,1,15,8770,8770
2024-01-09,GA/2023-24/00630,FY2023-24,1,ACC-097,New Mishra Distributors,Deoband,SM05,Deepak Rana,MSG-500-30,Madhusudan Ghee 500 ml,500 ml,1,15,8610,8610
2024-01-09,GA/2023-24/00631,FY2023-24,1,ACC-108,New Ahuja Distributors,Deoband,SM05,Deepak Rana,MSG-500-30,Madhusudan Ghee 500 ml,500 ml,1,15,8610,8610
2024-01-09,GA/2023-24/00632,FY2023-24,1,ACC-109,Laxmi Goel Traders,Purqazi,SM04,Pankaj Verma,MSG-1L-15,Madhusudan Ghee 1 L,1 L,1,15,8455,8455
2024-01-09,GA/2023-24/00633,FY2023-24,1,ACC-128,Shree Saxena General Store,Deoband,SM05,Deepak Rana,MSG-1L-15,Madhusudan Ghee 1 L,1 L,1,15,8455,8455
2024-01-10,GA/2023-24/00634,FY2023-24,1,ACC-008,Shree Maheshwari Enterprises,Shamli,SM01,Rakesh Kumar,MSG-1L-15,Madhusudan Ghee 1 L,1 L,2,30,8455,16910
2024-01-10,GA/2023-24/00634,FY2023-24,1,ACC-008,Shree Maheshwari Enterprises,Shamli,SM01,Rakesh Kumar,MSG-500-30,Madhusudan Ghee 500 ml,500 ml,2,30,8610,17220
2024-01-10,GA/2023-24/00635,FY2023-24,1,ACC-051,Laxmi Sachdeva Traders,Jansath,SM03,Amit Saini,MSG-1L-15,Madhusudan Ghee 1 L,1 L,1,15,8455,8455
2024-01-10,GA/2023-24/00636,FY2023-24,1,ACC-132,Shri Bhardwaj Sales Corporation,Miranpur,SM04,Pankaj Verma,MSG-1L-15,Madhusudan Ghee 1 L,1 L,1,15,8455,8455
2024-01-11,GA/2023-24/00637,FY2023-24,1,ACC-006,Ganesh Jindal Dairy,Kairana,SM05,Deepak Rana,MSG-1L-15,Madhusudan Ghee 1 L,1 L,2,30,8455,16910
2024-01-12,GA/2023-24/00638,FY2023-24,1,ACC-016,Ganesh Bhardwaj Trading Co.,Budhana,SM02,Sunil Tyagi,MSG-1L-15,Madhusudan Ghee 1 L,1 L,2,30,8455,16910
2024-01-12,GA/2023-24/00639,FY2023-24,1,ACC-040,New Mishra Trading Co.,Shamli,SM01,Rakesh Kumar,MSG-1L-15,Madhusudan Ghee 1 L,1 L,1,15,8455,8455
2024-01-12,GA/2023-24/00640,FY2023-24,1,ACC-059,Balaji Garg Agencies,Purqazi,SM04,Pankaj Verma,MSG-1L-15,Madhusudan Ghee 1 L,1 L,1,15,8455,8455
2024-01-12,GA/2023-24/00641,FY2023-24,1,ACC-066,Dhingra Marketing,Muzaffarnagar,SM01,Rakesh Kumar,MSG-1L-15,Madhusudan Ghee 1 L,1 L,1,15,8455,8455
2024-01-15,GA/2023-24/00642,FY2023-24,1,ACC-009,Krishna Srivastava Agencies,Kairana,SM05,Deepak Rana,MSG-1L-15,Madhusudan Ghee 1 L,1 L,2,30,8455,16910
2024-01-15,GA/2023-24/00643,FY2023-24,1,ACC-010,Shree Mishra Provisions,Muzaffarnagar,SM01,Rakesh Kumar,MSG-500-30,Madhusudan Ghee 500 ml,500 ml,1,15,8610,8610
2024-01-15,GA/2023-24/00644,FY2023-24,1,ACC-013,Krishna Sachdeva Enterprises,Khatauli,SM02,Sunil Tyagi,MSG-500-30,Madhusudan Ghee 500 ml,500 ml,2,30,8610,17220
2024-01-15,GA/2023-24/00645,FY2023-24,1,ACC-106,Shree Ahuja & Company,Khatauli,SM02,Sunil Tyagi,MSG-500-30,Madhusudan Ghee 500 ml,500 ml,1,15,8610,8610
2024-01-15,GA/2023-24/00646,FY2023-24,1,ACC-139,Goel Trading Co.,Muzaffarnagar,SM01,Rakesh Kumar,MSG-200-75,Madhusudan Ghee 200 ml,200 ml,1,15,8770,8770
2024-01-16,GA/2023-24/00647,FY2023-24,1,ACC-017,Maa Malik Enterprises,Kairana,SM05,Deepak Rana,MSG-1L-15,Madhusudan Ghee 1 L,1 L,1,15,8455,8455
2024-01-16,GA/2023-24/00648,FY2023-24,1,ACC-089,Jai Sharma Provisions,Purqazi,SM04,Pankaj Verma,MSG-200-75,Madhusudan Ghee 200 ml,200 ml,1,15,8770,8770
2024-01-17,GA/2023-24/00649,FY2023-24,1,ACC-061,Jai Srivastava General Store,Muzaffarnagar,SM01,Rakesh Kumar,MSG-1L-15,Madhusudan Ghee 1 L,1 L,1,15,8455,8455
2024-01-17,GA/2023-24/00650,FY2023-24,1,ACC-074,Jai Bajaj Stores,Khatauli,SM02,Sunil Tyagi,MSG-1L-15,Madhusudan Ghee 1 L,1 L,1,15,8455,8455
2024-01-17,GA/2023-24/00651,FY2023-24,1,ACC-110,Laxmi Kansal & Sons,Kairana,SM05,Deepak Rana,MSG-1L-15,Madhusudan Ghee 1 L,1 L,1,15,8455,8455
2024-01-18,GA/2023-24/00652,FY2023-24,1,ACC-021,Shri Tandon Stores,Muzaffarnagar,SM01,Rakesh Kumar,MSG-1L-15,Madhusudan Ghee 1 L,1 L,1,15,8455,8455
2024-01-18,GA/2023-24/00653,FY2023-24,1,ACC-090,Malik Stores,Miranpur,SM04,Pankaj Verma,MSG-200-75,Madhusudan Ghee 200 ml,200 ml,2,30,8770,17540
2024-01-19,GA/2023-24/00654,FY2023-24,1,ACC-003,Krishna Khurana Provisions,Budhana,SM02,Sunil Tyagi,MSG-1L-15,Madhusudan Ghee 1 L,1 L,2,30,8455,16910
2024-01-19,GA/2023-24/00654,FY2023-24,1,ACC-003,Krishna Khurana Provisions,Budhana,SM02,Sunil Tyagi,MSG-200-75,Madhusudan Ghee 200 ml,200 ml,2,30,8770,17540
2024-01-19,GA/2023-24/00655,FY2023-24,1,ACC-062,Dubey General Store,Khatauli,SM02,Sunil Tyagi,MSG-1L-15,Madhusudan Ghee 1 L,1 L,1,15,8455,8455
2024-01-20,GA/2023-24/00656,FY2023-24,1,ACC-015,Wadhwa Super Market,Muzaffarnagar,SM01,Rakesh Kumar,MSG-500-30,Madhusudan Ghee 500 ml,500 ml,1,15,8610,8610
2024-01-20,GA/2023-24/00657,FY2023-24,1,ACC-019,Mishra Agencies,Muzaffarnagar,SM01,Rakesh Kumar,MSG-1L-15,Madhusudan Ghee 1 L,1 L,2,30,8455,16910
2024-01-22,GA/2023-24/00658,FY2023-24,1,ACC-044,Mittal Marketing,Khatauli,SM02,Sunil Tyagi,MSG-500-30,Madhusudan Ghee 500 ml,500 ml,1,15,8610,8610
2024-01-22,GA/2023-24/00659,FY2023-24,1,ACC-046,New Kapoor Traders,Kairana,SM05,Deepak Rana,MSG-500-30,Madhusudan Ghee 500 ml,500 ml,2,30,8610,17220
2024-01-23,GA/2023-24/00660,FY2023-24,1,ACC-027,Shree Gupta & Sons,Miranpur,SM04,Pankaj Verma,MSG-1L-15,Madhusudan Ghee 1 L,1 L,1,15,8455,8455
2024-01-23,GA/2023-24/00661,FY2023-24,1,ACC-035,Ganesh Baliyan Traders,Deoband,SM05,Deepak Rana,MSG-1L-15,Madhusudan Ghee 1 L,1 L,1,15,8455,8455
2024-01-23,GA/2023-24/00662,FY2023-24,1,ACC-081,Jai Kapoor Super Market,Charthawal,SM03,Amit Saini,MSG-500-30,Madhusudan Ghee 500 ml,500 ml,1,15,8610,8610
2024-01-23,GA/2023-24/00663,FY2023-24,1,ACC-121,New Yadav Trading Co.,Miranpur,SM04,Pankaj Verma,MSG-1L-15,Madhusudan Ghee 1 L,1 L,1,15,8455,8455
2024-01-24,GA/2023-24/00664,FY2023-24,1,ACC-001,Om Dubey Super Market,Muzaffarnagar,SM01,Rakesh Kumar,MSG-1L-15,Madhusudan Ghee 1 L,1 L,1,15,8455,8455
2024-01-24,GA/2023-24/00664,FY2023-24,1,ACC-001,Om Dubey Super Market,Muzaffarnagar,SM01,Rakesh Kumar,MSG-500-30,Madhusudan Ghee 500 ml,500 ml,1,15,8610,8610
2024-01-24,GA/2023-24/00665,FY2023-24,1,ACC-005,Malhotra Dairy,Kairana,SM05,Deepak Rana,MSG-1L-15,Madhusudan Ghee 1 L,1 L,3,45,8455,25365
2024-01-24,GA/2023-24/00666,FY2023-24,1,ACC-037,Maa Yadav Stores,Charthawal,SM03,Amit Saini,MSG-1L-15,Madhusudan Ghee 1 L,1 L,1,15,8455,8455
2024-01-24,GA/2023-24/00667,FY2023-24,1,ACC-117,Shri Khandelwal Sales Corporation,Deoband,SM05,Deepak Rana,MSG-200-75,Madhusudan Ghee 200 ml,200 ml,2,30,8770,17540
2024-01-25,GA/2023-24/00668,FY2023-24,1,ACC-001,Om Dubey Super Market,Muzaffarnagar,SM01,Rakesh Kumar,MSG-500-30,Madhusudan Ghee 500 ml,500 ml,2,30,8610,17220
2024-01-25,GA/2023-24/00669,FY2023-24,1,ACC-007,Om Pandey Distributors,Purqazi,SM04,Pankaj Verma,MSG-1L-15,Madhusudan Ghee 1 L,1 L,1,15,8455,8455
2024-01-25,GA/2023-24/00669,FY2023-24,1,ACC-007,Om Pandey Distributors,Purqazi,SM04,Pankaj Verma,MSG-500-30,Madhusudan Ghee 500 ml,500 ml,2,30,8610,17220
2024-01-25,GA/2023-24/00670,FY2023-24,1,ACC-020,Krishna Bhardwaj Trading Co.,Khatauli,SM02,Sunil Tyagi,MSG-1L-15,Madhusudan Ghee 1 L,1 L,1,15,8455,8455
2024-01-25,GA/2023-24/00671,FY2023-24,1,ACC-136,Shree Khandelwal Distributors,Jansath,SM03,Amit Saini,MSG-1L-15,Madhusudan Ghee 1 L,1 L,1,15,8455,8455
2024-01-26,GA/2023-24/00672,FY2023-24,1,ACC-047,Khurana Distributors,Jansath,SM03,Amit Saini,MSG-1L-15,Madhusudan Ghee 1 L,1 L,1,15,8455,8455
2024-01-26,GA/2023-24/00673,FY2023-24,1,ACC-112,Om Goyal Kirana Store,Muzaffarnagar,SM01,Rakesh Kumar,MSG-1L-15,Madhusudan Ghee 1 L,1 L,1,15,8455,8455
2024-01-29,GA/2023-24/00674,FY2023-24,1,ACC-004,Jai Solanki Traders,Deoband,SM05,Deepak Rana,MSG-1L-15,Madhusudan Ghee 1 L,1 L,2,30,8455,16910
2024-01-29,GA/2023-24/00674,FY2023-24,1,ACC-004,Jai Solanki Traders,Deoband,SM05,Deepak Rana,MSG-500-30,Madhusudan Ghee 500 ml,500 ml,2,30,8610,17220
2024-01-29,GA/2023-24/00675,FY2023-24,1,ACC-011,New Maheshwari Super Market,Kairana,SM05,Deepak Rana,MSG-500-30,Madhusudan Ghee 500 ml,500 ml,1,15,8610,8610
2024-01-29,GA/2023-24/00676,FY2023-24,1,ACC-012,Bhardwaj Dairy,Charthawal,SM03,Amit Saini,MSG-200-75,Madhusudan Ghee 200 ml,200 ml,1,15,8770,8770
2024-01-29,GA/2023-24/00677,FY2023-24,1,ACC-049,Goyal General Store,Muzaffarnagar,SM01,Rakesh Kumar,MSG-500-30,Madhusudan Ghee 500 ml,500 ml,1,15,8610,8610
2024-01-30,GA/2023-24/00678,FY2023-24,1,ACC-022,Tandon & Company,Kairana,SM05,Deepak Rana,MSG-1L-15,Madhusudan Ghee 1 L,1 L,1,15,8455,8455
2024-01-30,GA/2023-24/00679,FY2023-24,1,ACC-023,Agarwal Distributors,Jansath,SM03,Amit Saini,MSG-1L-15,Madhusudan Ghee 1 L,1 L,1,15,8455,8455
2024-01-30,GA/2023-24/00680,FY2023-24,1,ACC-144,Shree Ahuja Provisions,Shamli,SM01,Rakesh Kumar,MSG-1L-15,Madhusudan Ghee 1 L,1 L,1,15,8455,8455
2024-01-31,GA/2023-24/00681,FY2023-24,1,ACC-033,Balaji Singhal Stores,Deoband,SM05,Deepak Rana,MSG-1L-15,Madhusudan Ghee 1 L,1 L,2,30,8455,16910
2024-01-31,GA/2023-24/00682,FY2023-24,1,ACC-045,Jai Yadav Sales Corporation,Miranpur,SM04,Pankaj Verma,MSG-500-30,Madhusudan Ghee 500 ml,500 ml,2,30,8610,17220
2024-01-31,GA/2023-24/00683,FY2023-24,1,ACC-127,Ganesh Mishra Marketing,Charthawal,SM03,Amit Saini,MSG-200-75,Madhusudan Ghee 200 ml,200 ml,1,15,8770,8770
2024-02-01,GA/2023-24/00684,FY2023-24,2,ACC-003,Krishna Khurana Provisions,Budhana,SM02,Sunil Tyagi,MSG-1L-15,Madhusudan Ghee 1 L,1 L,2,30,8455,16910
2024-02-01,GA/2023-24/00685,FY2023-24,2,ACC-018,Krishna Sharma Enterprises,Kairana,SM05,Deepak Rana,MSG-500-30,Madhusudan Ghee 500 ml,500 ml,1,15,8610,8610
2024-02-01,GA/2023-24/00686,FY2023-24,2,ACC-066,Dhingra Marketing,Muzaffarnagar,SM01,Rakesh Kumar,MSG-500-30,Madhusudan Ghee 500 ml,500 ml,1,15,8610,8610
2024-02-01,GA/2023-24/00687,FY2023-24,2,ACC-067,Gupta Trading Co.,Khatauli,SM02,Sunil Tyagi,MSG-1L-15,Madhusudan Ghee 1 L,1 L,1,15,8455,8455
2024-02-01,GA/2023-24/00688,FY2023-24,2,ACC-121,New Yadav Trading Co.,Miranpur,SM04,Pankaj Verma,MSG-500-30,Madhusudan Ghee 500 ml,500 ml,1,15,8610,8610
2024-02-02,GA/2023-24/00689,FY2023-24,2,ACC-031,Laxmi Sirohi Super Market,Charthawal,SM03,Amit Saini,MSG-1L-15,Madhusudan Ghee 1 L,1 L,1,15,8455,8455
2024-02-02,GA/2023-24/00690,FY2023-24,2,ACC-053,Tandon Trading Co.,Charthawal,SM03,Amit Saini,MSG-1L-15,Madhusudan Ghee 1 L,1 L,1,15,8455,8455
2024-02-03,GA/2023-24/00691,FY2023-24,2,ACC-001,Om Dubey Super Market,Muzaffarnagar,SM01,Rakesh Kumar,MSG-500-30,Madhusudan Ghee 500 ml,500 ml,2,30,8610,17220
2024-02-03,GA/2023-24/00692,FY2023-24,2,ACC-037,Maa Yadav Stores,Charthawal,SM03,Amit Saini,MSG-1L-15,Madhusudan Ghee 1 L,1 L,1,15,8455,8455
2024-02-03,GA/2023-24/00693,FY2023-24,2,ACC-069,Balaji Kapoor General Store,Budhana,SM02,Sunil Tyagi,MSG-1L-15,Madhusudan Ghee 1 L,1 L,1,15,8455,8455
2024-02-05,GA/2023-24/00694,FY2023-24,2,ACC-016,Ganesh Bhardwaj Trading Co.,Budhana,SM02,Sunil Tyagi,MSG-500-30,Madhusudan Ghee 500 ml,500 ml,1,15,8610,8610
2024-02-05,GA/2023-24/00695,FY2023-24,2,ACC-062,Dubey General Store,Khatauli,SM02,Sunil Tyagi,MSG-1L-15,Madhusudan Ghee 1 L,1 L,1,15,8455,8455
2024-02-05,GA/2023-24/00696,FY2023-24,2,ACC-081,Jai Kapoor Super Market,Charthawal,SM03,Amit Saini,MSG-500-30,Madhusudan Ghee 500 ml,500 ml,1,15,8610,8610
2024-02-05,GA/2023-24/00697,FY2023-24,2,ACC-083,Maa Goel & Sons,Miranpur,SM04,Pankaj Verma,MSG-500-30,Madhusudan Ghee 500 ml,500 ml,1,15,8610,8610
2024-02-07,GA/2023-24/00698,FY2023-24,2,ACC-011,New Maheshwari Super Market,Kairana,SM05,Deepak Rana,MSG-1L-15,Madhusudan Ghee 1 L,1 L,1,15,8455,8455
2024-02-07,GA/2023-24/00699,FY2023-24,2,ACC-068,Ganesh Saxena General Store,Shamli,SM01,Rakesh Kumar,MSG-200-75,Madhusudan Ghee 200 ml,200 ml,1,15,8770,8770
2024-02-07,GA/2023-24/00700,FY2023-24,2,ACC-103,Wadhwa Enterprises,Budhana,SM02,Sunil Tyagi,MSG-500-30,Madhusudan Ghee 500 ml,500 ml,1,15,8610,8610
2024-02-07,GA/2023-24/00701,FY2023-24,2,ACC-107,Ganesh Sachdeva Provisions,Charthawal,SM03,Amit Saini,MSG-200-75,Madhusudan Ghee 200 ml,200 ml,2,30,8770,17540
2024-02-07,GA/2023-24/00702,FY2023-24,2,ACC-136,Shree Khandelwal Distributors,Jansath,SM03,Amit Saini,MSG-1L-15,Madhusudan Ghee 1 L,1 L,1,15,8455,8455
2024-02-08,GA/2023-24/00703,FY2023-24,2,ACC-013,Krishna Sachdeva Enterprises,Khatauli,SM02,Sunil Tyagi,MSG-1L-15,Madhusudan Ghee 1 L,1 L,4,60,8455,33820
2024-02-08,GA/2023-24/00704,FY2023-24,2,ACC-014,Maa Chopra Kirana Store,Khatauli,SM02,Sunil Tyagi,MSG-1L-15,Madhusudan Ghee 1 L,1 L,1,15,8455,8455
2024-02-08,GA/2023-24/00705,FY2023-24,2,ACC-042,Maa Sachdeva Agencies,Charthawal,SM03,Amit Saini,MSG-1L-15,Madhusudan Ghee 1 L,1 L,1,15,8455,8455
2024-02-09,GA/2023-24/00706,FY2023-24,2,ACC-006,Ganesh Jindal Dairy,Kairana,SM05,Deepak Rana,MSG-500-30,Madhusudan Ghee 500 ml,500 ml,2,30,8610,17220
2024-02-09,GA/2023-24/00707,FY2023-24,2,ACC-007,Om Pandey Distributors,Purqazi,SM04,Pankaj Verma,MSG-500-30,Madhusudan Ghee 500 ml,500 ml,2,30,8610,17220
2024-02-09,GA/2023-24/00708,FY2023-24,2,ACC-022,Tandon & Company,Kairana,SM05,Deepak Rana,MSG-500-30,Madhusudan Ghee 500 ml,500 ml,1,15,8610,8610
2024-02-09,GA/2023-24/00709,FY2023-24,2,ACC-039,New Chopra Dairy,Deoband,SM05,Deepak Rana,MSG-200-75,Madhusudan Ghee 200 ml,200 ml,1,15,8770,8770
2024-02-09,GA/2023-24/00710,FY2023-24,2,ACC-105,Maa Singhal Enterprises,Miranpur,SM04,Pankaj Verma,MSG-500-30,Madhusudan Ghee 500 ml,500 ml,1,15,8610,8610
2024-02-10,GA/2023-24/00711,FY2023-24,2,ACC-009,Krishna Srivastava Agencies,Kairana,SM05,Deepak Rana,MSG-500-30,Madhusudan Ghee 500 ml,500 ml,3,45,8610,25830
2024-02-12,GA/2023-24/00712,FY2023-24,2,ACC-003,Krishna Khurana Provisions,Budhana,SM02,Sunil Tyagi,MSG-1L-15,Madhusudan Ghee 1 L,1 L,3,45,8455,25365
2024-02-12,GA/2023-24/00713,FY2023-24,2,ACC-010,Shree Mishra Provisions,Muzaffarnagar,SM01,Rakesh Kumar,MSG-500-30,Madhusudan Ghee 500 ml,500 ml,1,15,8610,8610
2024-02-12,GA/2023-24/00714,FY2023-24,2,ACC-063,Ganesh Kapoor Trading Co.,Charthawal,SM03,Amit Saini,MSG-500-30,Madhusudan Ghee 500 ml,500 ml,1,15,8610,8610
2024-02-12,GA/2023-24/00715,FY2023-24,2,ACC-073,Maa Gupta Dairy,Jansath,SM03,Amit Saini,MSG-500-30,Madhusudan Ghee 500 ml,500 ml,1,15,8610,8610
2024-02-12,GA/2023-24/00716,FY2023-24,2,ACC-079,Maa Khurana Agencies,Muzaffarnagar,SM01,Rakesh Kumar,MSG-1L-15,Madhusudan Ghee 1 L,1 L,1,15,8455,8455
2024-02-12,GA/2023-24/00717,FY2023-24,2,ACC-090,Malik Stores,Miranpur,SM04,Pankaj Verma,MSG-1L-15,Madhusudan Ghee 1 L,1 L,2,30,8455,16910
2024-02-13,GA/2023-24/00718,FY2023-24,2,ACC-035,Ganesh Baliyan Traders,Deoband,SM05,Deepak Rana,MSG-1L-15,Madhusudan Ghee 1 L,1 L,1,15,8455,8455
2024-02-14,GA/2023-24/00719,FY2023-24,2,ACC-012,Bhardwaj Dairy,Charthawal,SM03,Amit Saini,MSG-1L-15,Madhusudan Ghee 1 L,1 L,1,15,8455,8455
2024-02-14,GA/2023-24/00720,FY2023-24,2,ACC-036,Shree Saini Enterprises,Budhana,SM02,Sunil Tyagi,MSG-1L-15,Madhusudan Ghee 1 L,1 L,1,15,8455,8455
2024-02-14,GA/2023-24/00721,FY2023-24,2,ACC-145,Nagpal Kirana Store,Budhana,SM02,Sunil Tyagi,MSG-1L-15,Madhusudan Ghee 1 L,1 L,2,30,8455,16910
2024-02-15,GA/2023-24/00722,FY2023-24,2,ACC-005,Malhotra Dairy,Kairana,SM05,Deepak Rana,MSG-500-30,Madhusudan Ghee 500 ml,500 ml,4,60,8610,34440
2024-02-15,GA/2023-24/00723,FY2023-24,2,ACC-019,Mishra Agencies,Muzaffarnagar,SM01,Rakesh Kumar,MSG-1L-15,Madhusudan Ghee 1 L,1 L,2,30,8455,16910
2024-02-15,GA/2023-24/00724,FY2023-24,2,ACC-038,Krishna Saxena Provisions,Miranpur,SM04,Pankaj Verma,MSG-1L-15,Madhusudan Ghee 1 L,1 L,1,15,8455,8455
2024-02-15,GA/2023-24/00725,FY2023-24,2,ACC-094,Singla Stores,Budhana,SM02,Sunil Tyagi,MSG-1L-15,Madhusudan Ghee 1 L,1 L,1,15,8455,8455
2024-02-15,GA/2023-24/00726,FY2023-24,2,ACC-131,Jai Yadav Traders,Shamli,SM01,Rakesh Kumar,MSG-1L-15,Madhusudan Ghee 1 L,1 L,1,15,8455,8455
2024-02-16,GA/2023-24/00727,FY2023-24,2,ACC-024,Maa Baliyan Super Market,Muzaffarnagar,SM01,Rakesh Kumar,MSG-1L-15,Madhusudan Ghee 1 L,1 L,1,15,8455,8455
2024-02-16,GA/2023-24/00728,FY2023-24,2,ACC-088,Krishna Khurana Sales Corporation,Charthawal,SM03,Amit Saini,MSG-500-30,Madhusudan Ghee 500 ml,500 ml,1,15,8610,8610
2024-02-17,GA/2023-24/00729,FY2023-24,2,ACC-030,Laxmi Sharma Stores,Jansath,SM03,Amit Saini,MSG-500-30,Madhusudan Ghee 500 ml,500 ml,1,15,8610,8610
2024-02-17,GA/2023-24/00730,FY2023-24,2,ACC-059,Balaji Garg Agencies,Purqazi,SM04,Pankaj Verma,MSG-1L-15,Madhusudan Ghee 1 L,1 L,1,15,8455,8455
2024-02-17,GA/2023-24/00731,FY2023-24,2,ACC-119,Solanki Dairy,Deoband,SM05,Deepak Rana,MSG-1L-15,Madhusudan Ghee 1 L,1 L,1,15,8455,8455
2024-02-19,GA/2023-24/00732,FY2023-24,2,ACC-004,Jai Solanki Traders,Deoband,SM05,Deepak Rana,MSG-1L-15,Madhusudan Ghee 1 L,1 L,2,30,8455,16910
2024-02-19,GA/2023-24/00733,FY2023-24,2,ACC-051,Laxmi Sachdeva Traders,Jansath,SM03,Amit Saini,MSG-1L-15,Madhusudan Ghee 1 L,1 L,1,15,8455,8455
2024-02-19,GA/2023-24/00734,FY2023-24,2,ACC-072,Verma Agencies,Khatauli,SM02,Sunil Tyagi,MSG-500-30,Madhusudan Ghee 500 ml,500 ml,1,15,8610,8610
2024-02-19,GA/2023-24/00735,FY2023-24,2,ACC-102,Shree Solanki Distributors,Kairana,SM05,Deepak Rana,MSG-500-30,Madhusudan Ghee 500 ml,500 ml,1,15,8610,8610
2024-02-19,GA/2023-24/00736,FY2023-24,2,ACC-115,Sethi Super Market,Budhana,SM02,Sunil Tyagi,MSG-1L-15,Madhusudan Ghee 1 L,1 L,1,15,8455,8455
2024-02-19,GA/2023-24/00737,FY2023-24,2,ACC-117,Shri Khandelwal Sales Corporation,Deoband,SM05,Deepak Rana,MSG-1L-15,Madhusudan Ghee 1 L,1 L,1,15,8455,8455
2024-02-20,GA/2023-24/00738,FY2023-24,2,ACC-002,New Dubey Marketing,Kairana,SM05,Deepak Rana,MSG-1L-15,Madhusudan Ghee 1 L,1 L,3,45,8455,25365
2024-02-20,GA/2023-24/00738,FY2023-24,2,ACC-002,New Dubey Marketing,Kairana,SM05,Deepak Rana,MSG-500-30,Madhusudan Ghee 500 ml,500 ml,1,15,8610,8610
2024-02-20,GA/2023-24/00739,FY2023-24,2,ACC-021,Shri Tandon Stores,Muzaffarnagar,SM01,Rakesh Kumar,MSG-1L-15,Madhusudan Ghee 1 L,1 L,2,30,8455,16910
2024-02-20,GA/2023-24/00740,FY2023-24,2,ACC-023,Agarwal Distributors,Jansath,SM03,Amit Saini,MSG-200-75,Madhusudan Ghee 200 ml,200 ml,2,30,8770,17540
2024-02-20,GA/2023-24/00741,FY2023-24,2,ACC-080,Malhotra Enterprises,Kairana,SM05,Deepak Rana,MSG-1L-15,Madhusudan Ghee 1 L,1 L,1,15,8455,8455
2024-02-20,GA/2023-24/00742,FY2023-24,2,ACC-118,Laxmi Rana & Sons,Budhana,SM02,Sunil Tyagi,MSG-1L-15,Madhusudan Ghee 1 L,1 L,1,15,8455,8455
2024-02-22,GA/2023-24/00743,FY2023-24,2,ACC-020,Krishna Bhardwaj Trading Co.,Khatauli,SM02,Sunil Tyagi,MSG-1L-15,Madhusudan Ghee 1 L,1 L,3,45,8455,25365
2024-02-22,GA/2023-24/00744,FY2023-24,2,ACC-096,Maheshwari Stores,Deoband,SM05,Deepak Rana,MSG-1L-15,Madhusudan Ghee 1 L,1 L,1,15,8455,8455
2024-02-23,GA/2023-24/00745,FY2023-24,2,ACC-045,Jai Yadav Sales Corporation,Miranpur,SM04,Pankaj Verma,MSG-1L-15,Madhusudan Ghee 1 L,1 L,1,15,8455,8455
2024-02-23,GA/2023-24/00746,FY2023-24,2,ACC-056,Bajaj Provisions,Deoband,SM05,Deepak Rana,MSG-1L-15,Madhusudan Ghee 1 L,1 L,1,15,8455,8455
2024-02-23,GA/2023-24/00747,FY2023-24,2,ACC-060,New Ahuja Trading Co.,Jansath,SM03,Amit Saini,MSG-500-30,Madhusudan Ghee 500 ml,500 ml,1,15,8610,8610
2024-02-23,GA/2023-24/00748,FY2023-24,2,ACC-092,Bhardwaj Distributors,Purqazi,SM04,Pankaj Verma,MSG-1L-15,Madhusudan Ghee 1 L,1 L,1,15,8455,8455
2024-02-23,GA/2023-24/00749,FY2023-24,2,ACC-098,Balaji Rana Distributors,Shamli,SM01,Rakesh Kumar,MSG-1L-15,Madhusudan Ghee 1 L,1 L,1,15,8455,8455
2024-02-26,GA/2023-24/00750,FY2023-24,2,ACC-001,Om Dubey Super Market,Muzaffarnagar,SM01,Rakesh Kumar,MSG-1L-15,Madhusudan Ghee 1 L,1 L,3,45,8455,25365
2024-02-26,GA/2023-24/00751,FY2023-24,2,ACC-004,Jai Solanki Traders,Deoband,SM05,Deepak Rana,MSG-200-75,Madhusudan Ghee 200 ml,200 ml,1,15,8770,8770
2024-02-26,GA/2023-24/00751,FY2023-24,2,ACC-004,Jai Solanki Traders,Deoband,SM05,Deepak Rana,MSG-500-30,Madhusudan Ghee 500 ml,500 ml,2,30,8610,17220
2024-02-26,GA/2023-24/00752,FY2023-24,2,ACC-126,Bhatia General Store,Miranpur,SM04,Pankaj Verma,MSG-1L-15,Madhusudan Ghee 1 L,1 L,2,30,8455,16910
2024-02-26,GA/2023-24/00753,FY2023-24,2,ACC-134,Jai Wadhwa Sales Corporation,Kairana,SM05,Deepak Rana,MSG-1L-15,Madhusudan Ghee 1 L,1 L,1,15,8455,8455
2024-02-27,GA/2023-24/00754,FY2023-24,2,ACC-017,Maa Malik Enterprises,Kairana,SM05,Deepak Rana,MSG-200-75,Madhusudan Ghee 200 ml,200 ml,1,15,8770,8770
2024-02-27,GA/2023-24/00755,FY2023-24,2,ACC-032,Goyal Super Market,Deoband,SM05,Deepak Rana,MSG-1L-15,Madhusudan Ghee 1 L,1 L,2,30,8455,16910
2024-02-27,GA/2023-24/00756,FY2023-24,2,ACC-033,Balaji Singhal Stores,Deoband,SM05,Deepak Rana,MSG-1L-15,Madhusudan Ghee 1 L,1 L,1,15,8455,8455
2024-02-27,GA/2023-24/00757,FY2023-24,2,ACC-055,Shree Pandey Stores,Charthawal,SM03,Amit Saini,MSG-1L-15,Madhusudan Ghee 1 L,1 L,1,15,8455,8455
2024-02-27,GA/2023-24/00758,FY2023-24,2,ACC-084,Ganesh Saxena Distributors,Budhana,SM02,Sunil Tyagi,MSG-500-30,Madhusudan Ghee 500 ml,500 ml,1,15,8610,8610
2024-02-28,GA/2023-24/00759,FY2023-24,2,ACC-027,Shree Gupta & Sons,Miranpur,SM04,Pankaj Verma,MSG-1L-15,Madhusudan Ghee 1 L,1 L,1,15,8455,8455
2024-02-28,GA/2023-24/00760,FY2023-24,2,ACC-061,Jai Srivastava General Store,Muzaffarnagar,SM01,Rakesh Kumar,MSG-500-30,Madhusudan Ghee 500 ml,500 ml,1,15,8610,8610
2024-02-28,GA/2023-24/00761,FY2023-24,2,ACC-108,New Ahuja Distributors,Deoband,SM05,Deepak Rana,MSG-200-75,Madhusudan Ghee 200 ml,200 ml,1,15,8770,8770
2024-02-28,GA/2023-24/00762,FY2023-24,2,ACC-130,Maa Nagpal & Company,Deoband,SM05,Deepak Rana,MSG-1L-15,Madhusudan Ghee 1 L,1 L,1,15,8455,8455
2024-03-01,GA/2023-24/00763,FY2023-24,3,ACC-042,Maa Sachdeva Agencies,Charthawal,SM03,Amit Saini,MSG-1L-15,Madhusudan Ghee 1 L,1 L,1,15,8455,8455
2024-03-01,GA/2023-24/00764,FY2023-24,3,ACC-063,Ganesh Kapoor Trading Co.,Charthawal,SM03,Amit Saini,MSG-1L-15,Madhusudan Ghee 1 L,1 L,1,15,8455,8455
2024-03-01,GA/2023-24/00765,FY2023-24,3,ACC-130,Maa Nagpal & Company,Deoband,SM05,Deepak Rana,MSG-1L-15,Madhusudan Ghee 1 L,1 L,1,15,8455,8455
2024-03-01,GA/2023-24/00765,FY2023-24,3,ACC-130,Maa Nagpal & Company,Deoband,SM05,Deepak Rana,MSG-500-30,Madhusudan Ghee 500 ml,500 ml,1,15,8610,8610
2024-03-02,GA/2023-24/00766,FY2023-24,3,ACC-004,Jai Solanki Traders,Deoband,SM05,Deepak Rana,MSG-1L-15,Madhusudan Ghee 1 L,1 L,1,15,8455,8455
2024-03-02,GA/2023-24/00767,FY2023-24,3,ACC-054,Jai Goyal General Store,Miranpur,SM04,Pankaj Verma,MSG-500-30,Madhusudan Ghee 500 ml,500 ml,1,15,8610,8610
2024-03-02,GA/2023-24/00768,FY2023-24,3,ACC-095,Maa Gupta Provisions,Charthawal,SM03,Amit Saini,MSG-500-30,Madhusudan Ghee 500 ml,500 ml,1,15,8610,8610
2024-03-04,GA/2023-24/00769,FY2023-24,3,ACC-009,Krishna Srivastava Agencies,Kairana,SM05,Deepak Rana,MSG-200-75,Madhusudan Ghee 200 ml,200 ml,3,45,8770,26310
2024-03-04,GA/2023-24/00770,FY2023-24,3,ACC-017,Maa Malik Enterprises,Kairana,SM05,Deepak Rana,MSG-1L-15,Madhusudan Ghee 1 L,1 L,1,15,8455,8455
2024-03-04,GA/2023-24/00771,FY2023-24,3,ACC-039,New Chopra Dairy,Deoband,SM05,Deepak Rana,MSG-1L-15,Madhusudan Ghee 1 L,1 L,1,15,8455,8455
2024-03-04,GA/2023-24/00772,FY2023-24,3,ACC-044,Mittal Marketing,Khatauli,SM02,Sunil Tyagi,MSG-1L-15,Madhusudan Ghee 1 L,1 L,1,15,8455,8455
2024-03-04,GA/2023-24/00773,FY2023-24,3,ACC-099,Balaji Garg Distributors,Khatauli,SM02,Sunil Tyagi,MSG-1L-15,Madhusudan Ghee 1 L,1 L,1,15,8455,8455
2024-03-04,GA/2023-24/00774,FY2023-24,3,ACC-105,Maa Singhal Enterprises,Miranpur,SM04,Pankaj Verma,MSG-200-75,Madhusudan Ghee 200 ml,200 ml,1,15,8770,8770
2024-03-04,GA/2023-24/00775,FY2023-24,3,ACC-126,Bhatia General Store,Miranpur,SM04,Pankaj Verma,MSG-500-30,Madhusudan Ghee 500 ml,500 ml,1,15,8610,8610
2024-03-05,GA/2023-24/00776,FY2023-24,3,ACC-024,Maa Baliyan Super Market,Muzaffarnagar,SM01,Rakesh Kumar,MSG-1L-15,Madhusudan Ghee 1 L,1 L,1,15,8455,8455
2024-03-05,GA/2023-24/00777,FY2023-24,3,ACC-096,Maheshwari Stores,Deoband,SM05,Deepak Rana,MSG-1L-15,Madhusudan Ghee 1 L,1 L,1,15,8455,8455
2024-03-05,GA/2023-24/00778,FY2023-24,3,ACC-129,Maheshwari & Sons,Miranpur,SM04,Pankaj Verma,MSG-200-75,Madhusudan Ghee 200 ml,200 ml,1,15,8770,8770
2024-03-06,GA/2023-24/00779,FY2023-24,3,ACC-014,Maa Chopra Kirana Store,Khatauli,SM02,Sunil Tyagi,MSG-500-30,Madhusudan Ghee 500 ml,500 ml,1,15,8610,8610
2024-03-06,GA/2023-24/00780,FY2023-24,3,ACC-015,Wadhwa Super Market,Muzaffarnagar,SM01,Rakesh Kumar,MSG-1L-15,Madhusudan Ghee 1 L,1 L,1,15,8455,8455
2024-03-06,GA/2023-24/00781,FY2023-24,3,ACC-025,Om Chaudhary Agencies,Budhana,SM02,Sunil Tyagi,MSG-1L-15,Madhusudan Ghee 1 L,1 L,1,15,8455,8455
2024-03-06,GA/2023-24/00782,FY2023-24,3,ACC-113,Singla Enterprises,Khatauli,SM02,Sunil Tyagi,MSG-500-30,Madhusudan Ghee 500 ml,500 ml,1,15,8610,8610
2024-03-07,GA/2023-24/00783,FY2023-24,3,ACC-011,New Maheshwari Super Market,Kairana,SM05,Deepak Rana,MSG-1L-15,Madhusudan Ghee 1 L,1 L,2,30,8455,16910
2024-03-08,GA/2023-24/00784,FY2023-24,3,ACC-013,Krishna Sachdeva Enterprises,Khatauli,SM02,Sunil Tyagi,MSG-500-30,Madhusudan Ghee 500 ml,500 ml,2,30,8610,17220
2024-03-08,GA/2023-24/00785,FY2023-24,3,ACC-022,Tandon & Company,Kairana,SM05,Deepak Rana,MSG-1L-15,Madhusudan Ghee 1 L,1 L,1,15,8455,8455
2024-03-08,GA/2023-24/00786,FY2023-24,3,ACC-049,Goyal General Store,Muzaffarnagar,SM01,Rakesh Kumar,MSG-1L-15,Madhusudan Ghee 1 L,1 L,2,30,8455,16910
2024-03-08,GA/2023-24/00786,FY2023-24,3,ACC-049,Goyal General Store,Muzaffarnagar,SM01,Rakesh Kumar,MSG-200-75,Madhusudan Ghee 200 ml,200 ml,1,15,8770,8770
2024-03-09,GA/2023-24/00787,FY2023-24,3,ACC-073,Maa Gupta Dairy,Jansath,SM03,Amit Saini,MSG-500-30,Madhusudan Ghee 500 ml,500 ml,1,15,8610,8610
2024-03-09,GA/2023-24/00788,FY2023-24,3,ACC-133,New Singla Stores,Shamli,SM01,Rakesh Kumar,MSG-1L-15,Madhusudan Ghee 1 L,1 L,1,15,8455,8455
2024-03-11,GA/2023-24/00789,FY2023-24,3,ACC-006,Ganesh Jindal Dairy,Kairana,SM05,Deepak Rana,MSG-1L-15,Madhusudan Ghee 1 L,1 L,2,30,8455,16910
2024-03-11,GA/2023-24/00790,FY2023-24,3,ACC-033,Balaji Singhal Stores,Deoband,SM05,Deepak Rana,MSG-1L-15,Madhusudan Ghee 1 L,1 L,1,15,8455,8455
2024-03-11,GA/2023-24/00791,FY2023-24,3,ACC-038,Krishna Saxena Provisions,Miranpur,SM04,Pankaj Verma,MSG-200-75,Madhusudan Ghee 200 ml,200 ml,1,15,8770,8770
2024-03-11,GA/2023-24/00792,FY2023-24,3,ACC-140,Laxmi Saxena Kirana Store,Kairana,SM05,Deepak Rana,MSG-200-75,Madhusudan Ghee 200 ml,200 ml,1,15,8770,8770
2024-03-11,GA/2023-24/00793,FY2023-24,3,ACC-144,Shree Ahuja Provisions,Shamli,SM01,Rakesh Kumar,MSG-1L-15,Madhusudan Ghee 1 L,1 L,1,15,8455,8455
2024-03-12,GA/2023-24/00794,FY2023-24,3,ACC-031,Laxmi Sirohi Super Market,Charthawal,SM03,Amit Saini,MSG-200-75,Madhusudan Ghee 200 ml,200 ml,1,15,8770,8770
2024-03-12,GA/2023-24/00795,FY2023-24,3,ACC-100,New Tandon Super Market,Khatauli,SM02,Sunil Tyagi,MSG-200-75,Madhusudan Ghee 200 ml,200 ml,1,15,8770,8770
2024-03-13,GA/2023-24/00796,FY2023-24,3,ACC-003,Krishna Khurana Provisions,Budhana,SM02,Sunil Tyagi,MSG-1L-15,Madhusudan Ghee 1 L,1 L,2,30,8455,16910
2024-03-13,GA/2023-24/00797,FY2023-24,3,ACC-019,Mishra Agencies,Muzaffarnagar,SM01,Rakesh Kumar,MSG-1L-15,Madhusudan Ghee 1 L,1 L,1,15,8455,8455
2024-03-13,GA/2023-24/00798,FY2023-24,3,ACC-032,Goyal Super Market,Deoband,SM05,Deepak Rana,MSG-1L-15,Madhusudan Ghee 1 L,1 L,2,30,8455,16910
2024-03-13,GA/2023-24/00799,FY2023-24,3,ACC-106,Shree Ahuja & Company,Khatauli,SM02,Sunil Tyagi,MSG-1L-15,Madhusudan Ghee 1 L,1 L,1,15,8455,8455
2024-03-15,GA/2023-24/00800,FY2023-24,3,ACC-082,Shree Kaushik Enterprises,Charthawal,SM03,Amit Saini,MSG-1L-15,Madhusudan Ghee 1 L,1 L,2,30,8455,16910
2024-03-15,GA/2023-24/00801,FY2023-24,3,ACC-097,New Mishra Distributors,Deoband,SM05,Deepak Rana,MSG-1L-15,Madhusudan Ghee 1 L,1 L,1,15,8455,8455
2024-03-16,GA/2023-24/00802,FY2023-24,3,ACC-012,Bhardwaj Dairy,Charthawal,SM03,Amit Saini,MSG-1L-15,Madhusudan Ghee 1 L,1 L,1,15,8455,8455
2024-03-16,GA/2023-24/00802,FY2023-24,3,ACC-012,Bhardwaj Dairy,Charthawal,SM03,Amit Saini,MSG-500-30,Madhusudan Ghee 500 ml,500 ml,1,15,8610,8610
2024-03-16,GA/2023-24/00803,FY2023-24,3,ACC-018,Krishna Sharma Enterprises,Kairana,SM05,Deepak Rana,MSG-1L-15,Madhusudan Ghee 1 L,1 L,1,15,8455,8455
2024-03-18,GA/2023-24/00804,FY2023-24,3,ACC-021,Shri Tandon Stores,Muzaffarnagar,SM01,Rakesh Kumar,MSG-500-30,Madhusudan Ghee 500 ml,500 ml,1,15,8610,8610
2024-03-18,GA/2023-24/00805,FY2023-24,3,ACC-036,Shree Saini Enterprises,Budhana,SM02,Sunil Tyagi,MSG-1L-15,Madhusudan Ghee 1 L,1 L,1,15,8455,8455
2024-03-19,GA/2023-24/00806,FY2023-24,3,ACC-028,Srivastava Distributors,Jansath,SM03,Amit Saini,MSG-1L-15,Madhusudan Ghee 1 L,1 L,1,15,8455,8455
2024-03-19,GA/2023-24/00807,FY2023-24,3,ACC-062,Dubey General Store,Khatauli,SM02,Sunil Tyagi,MSG-500-30,Madhusudan Ghee 500 ml,500 ml,2,30,8610,17220
2024-03-20,GA/2023-24/00808,FY2023-24,3,ACC-068,Ganesh Saxena General Store,Shamli,SM01,Rakesh Kumar,MSG-1L-15,Madhusudan Ghee 1 L,1 L,1,15,8455,8455
2024-03-20,GA/2023-24/00809,FY2023-24,3,ACC-110,Laxmi Kansal & Sons,Kairana,SM05,Deepak Rana,MSG-1L-15,Madhusudan Ghee 1 L,1 L,1,15,8455,8455
2024-03-20,GA/2023-24/00810,FY2023-24,3,ACC-115,Sethi Super Market,Budhana,SM02,Sunil Tyagi,MSG-1L-15,Madhusudan Ghee 1 L,1 L,1,15,8455,8455
2024-03-22,GA/2023-24/00811,FY2023-24,3,ACC-004,Jai Solanki Traders,Deoband,SM05,Deepak Rana,MSG-200-75,Madhusudan Ghee 200 ml,200 ml,2,30,8770,17540
2024-03-22,GA/2023-24/00811,FY2023-24,3,ACC-004,Jai Solanki Traders,Deoband,SM05,Deepak Rana,MSG-500-30,Madhusudan Ghee 500 ml,500 ml,1,15,8610,8610
2024-03-22,GA/2023-24/00812,FY2023-24,3,ACC-008,Shree Maheshwari Enterprises,Shamli,SM01,Rakesh Kumar,MSG-1L-15,Madhusudan Ghee 1 L,1 L,3,45,8455,25365
2024-03-22,GA/2023-24/00813,FY2023-24,3,ACC-026,Krishna Goel Marketing,Shamli,SM01,Rakesh Kumar,MSG-500-30,Madhusudan Ghee 500 ml,500 ml,1,15,8610,8610
2024-03-22,GA/2023-24/00814,FY2023-24,3,ACC-040,New Mishra Trading Co.,Shamli,SM01,Rakesh Kumar,MSG-1L-15,Madhusudan Ghee 1 L,1 L,1,15,8455,8455
2024-03-22,GA/2023-24/00815,FY2023-24,3,ACC-132,Shri Bhardwaj Sales Corporation,Miranpur,SM04,Pankaj Verma,MSG-1L-15,Madhusudan Ghee 1 L,1 L,1,15,8455,8455
2024-03-23,GA/2023-24/00816,FY2023-24,3,ACC-030,Laxmi Sharma Stores,Jansath,SM03,Amit Saini,MSG-1L-15,Madhusudan Ghee 1 L,1 L,1,15,8455,8455
2024-03-23,GA/2023-24/00817,FY2023-24,3,ACC-057,Balaji Bhatia Enterprises,Deoband,SM05,Deepak Rana,MSG-1L-15,Madhusudan Ghee 1 L,1 L,1,15,8455,8455
2024-03-23,GA/2023-24/00817,FY2023-24,3,ACC-057,Balaji Bhatia Enterprises,Deoband,SM05,Deepak Rana,MSG-200-75,Madhusudan Ghee 200 ml,200 ml,1,15,8770,8770
2024-03-23,GA/2023-24/00818,FY2023-24,3,ACC-079,Maa Khurana Agencies,Muzaffarnagar,SM01,Rakesh Kumar,MSG-1L-15,Madhusudan Ghee 1 L,1 L,1,15,8455,8455
2024-03-25,GA/2023-24/00819,FY2023-24,3,ACC-003,Krishna Khurana Provisions,Budhana,SM02,Sunil Tyagi,MSG-200-75,Madhusudan Ghee 200 ml,200 ml,1,15,8770,8770
2024-03-25,GA/2023-24/00819,FY2023-24,3,ACC-003,Krishna Khurana Provisions,Budhana,SM02,Sunil Tyagi,MSG-500-30,Madhusudan Ghee 500 ml,500 ml,1,15,8610,8610
2024-03-25,GA/2023-24/00820,FY2023-24,3,ACC-007,Om Pandey Distributors,Purqazi,SM04,Pankaj Verma,MSG-1L-15,Madhusudan Ghee 1 L,1 L,2,30,8455,16910
2024-03-25,GA/2023-24/00821,FY2023-24,3,ACC-092,Bhardwaj Distributors,Purqazi,SM04,Pankaj Verma,MSG-200-75,Madhusudan Ghee 200 ml,200 ml,1,15,8770,8770
2024-03-26,GA/2023-24/00822,FY2023-24,3,ACC-002,New Dubey Marketing,Kairana,SM05,Deepak Rana,MSG-1L-15,Madhusudan Ghee 1 L,1 L,2,30,8455,16910
2024-03-26,GA/2023-24/00823,FY2023-24,3,ACC-005,Malhotra Dairy,Kairana,SM05,Deepak Rana,MSG-1L-15,Madhusudan Ghee 1 L,1 L,2,30,8455,16910
2024-03-26,GA/2023-24/00824,FY2023-24,3,ACC-029,Balaji Rana Agencies,Khatauli,SM02,Sunil Tyagi,MSG-1L-15,Madhusudan Ghee 1 L,1 L,1,15,8455,8455
2024-03-27,GA/2023-24/00825,FY2023-24,3,ACC-080,Malhotra Enterprises,Kairana,SM05,Deepak Rana,MSG-1L-15,Madhusudan Ghee 1 L,1 L,1,15,8455,8455
2024-03-28,GA/2023-24/00826,FY2023-24,3,ACC-002,New Dubey Marketing,Kairana,SM05,Deepak Rana,MSG-1L-15,Madhusudan Ghee 1 L,1 L,2,30,8455,16910
2024-03-28,GA/2023-24/00827,FY2023-24,3,ACC-041,Chopra Traders,Purqazi,SM04,Pankaj Verma,MSG-1L-15,Madhusudan Ghee 1 L,1 L,1,15,8455,8455
2024-03-29,GA/2023-24/00828,FY2023-24,3,ACC-001,Om Dubey Super Market,Muzaffarnagar,SM01,Rakesh Kumar,MSG-500-30,Madhusudan Ghee 500 ml,500 ml,4,60,8610,34440
2024-03-29,GA/2023-24/00829,FY2023-24,3,ACC-010,Shree Mishra Provisions,Muzaffarnagar,SM01,Rakesh Kumar,MSG-200-75,Madhusudan Ghee 200 ml,200 ml,1,15,8770,8770
2024-03-30,GA/2023-24/00830,FY2023-24,3,ACC-067,Gupta Trading Co.,Khatauli,SM02,Sunil Tyagi,MSG-500-30,Madhusudan Ghee 500 ml,500 ml,1,15,8610,8610
2024-03-30,GA/2023-24/00831,FY2023-24,3,ACC-087,Khurana & Sons,Khatauli,SM02,Sunil Tyagi,MSG-1L-15,Madhusudan Ghee 1 L,1 L,2,30,8455,16910
2024-03-30,GA/2023-24/00832,FY2023-24,3,ACC-117,Shri Khandelwal Sales Corporation,Deoband,SM05,Deepak Rana,MSG-1L-15,Madhusudan Ghee 1 L,1 L,1,15,8455,8455
2024-03-30,GA/2023-24/00833,FY2023-24,3,ACC-121,New Yadav Trading Co.,Miranpur,SM04,Pankaj Verma,MSG-1L-15,Madhusudan Ghee 1 L,1 L,1,15,8455,8455
2024-04-01,GA/2024-25/00001,FY2024-25,4,ACC-014,Maa Chopra Kirana Store,Khatauli,SM02,Sunil Tyagi,MSG-1L-15,Madhusudan Ghee 1 L,1 L,1,15,8520,8520
2024-04-03,GA/2024-25/00002,FY2024-25,4,ACC-004,Jai Solanki Traders,Deoband,SM05,Deepak Rana,MSG-1L-15,Madhusudan Ghee 1 L,1 L,1,15,8520,8520
2024-04-03,GA/2024-25/00002,FY2024-25,4,ACC-004,Jai Solanki Traders,Deoband,SM05,Deepak Rana,MSG-500-30,Madhusudan Ghee 500 ml,500 ml,2,30,8680,17360
2024-04-03,GA/2024-25/00003,FY2024-25,4,ACC-122,Balaji Agarwal Traders,Miranpur,SM04,Pankaj Verma,MSG-200-75,Madhusudan Ghee 200 ml,200 ml,1,15,8840,8840
2024-04-04,GA/2024-25/00004,FY2024-25,4,ACC-017,Maa Malik Enterprises,Kairana,SM05,Deepak Rana,MSG-1L-15,Madhusudan Ghee 1 L,1 L,1,15,8520,8520
2024-04-05,GA/2024-25/00005,FY2024-25,4,ACC-031,Laxmi Sirohi Super Market,Charthawal,SM03,Amit Saini,MSG-1L-15,Madhusudan Ghee 1 L,1 L,1,15,8520,8520
2024-04-05,GA/2024-25/00005,FY2024-25,4,ACC-031,Laxmi Sirohi Super Market,Charthawal,SM03,Amit Saini,MSG-500-30,Madhusudan Ghee 500 ml,500 ml,1,15,8680,8680
2024-04-05,GA/2024-25/00006,FY2024-25,4,ACC-054,Jai Goyal General Store,Miranpur,SM04,Pankaj Verma,MSG-1L-15,Madhusudan Ghee 1 L,1 L,1,15,8520,8520
2024-04-05,GA/2024-25/00006,FY2024-25,4,ACC-054,Jai Goyal General Store,Miranpur,SM04,Pankaj Verma,MSG-200-75,Madhusudan Ghee 200 ml,200 ml,1,15,8840,8840
2024-04-05,GA/2024-25/00007,FY2024-25,4,ACC-079,Maa Khurana Agencies,Muzaffarnagar,SM01,Rakesh Kumar,MSG-500-30,Madhusudan Ghee 500 ml,500 ml,1,15,8680,8680
2024-04-05,GA/2024-25/00008,FY2024-25,4,ACC-120,Ganesh Kansal Provisions,Muzaffarnagar,SM01,Rakesh Kumar,MSG-1L-15,Madhusudan Ghee 1 L,1 L,1,15,8520,8520
2024-04-06,GA/2024-25/00009,FY2024-25,4,ACC-135,Agarwal Traders,Khatauli,SM02,Sunil Tyagi,MSG-500-30,Madhusudan Ghee 500 ml,500 ml,1,15,8680,8680
2024-04-08,GA/2024-25/00010,FY2024-25,4,ACC-064,Laxmi Mishra Super Market,Miranpur,SM04,Pankaj Verma,MSG-1L-15,Madhusudan Ghee 1 L,1 L,1,15,8520,8520
2024-04-08,GA/2024-25/00011,FY2024-25,4,ACC-099,Balaji Garg Distributors,Khatauli,SM02,Sunil Tyagi,MSG-200-75,Madhusudan Ghee 200 ml,200 ml,1,15,8840,8840
2024-04-08,GA/2024-25/00012,FY2024-25,4,ACC-115,Sethi Super Market,Budhana,SM02,Sunil Tyagi,MSG-1L-15,Madhusudan Ghee 1 L,1 L,1,15,8520,8520
2024-04-09,GA/2024-25/00013,FY2024-25,4,ACC-009,Krishna Srivastava Agencies,Kairana,SM05,Deepak Rana,MSG-1L-15,Madhusudan Ghee 1 L,1 L,1,15,8520,8520
2024-04-09,GA/2024-25/00013,FY2024-25,4,ACC-009,Krishna Srivastava Agencies,Kairana,SM05,Deepak Rana,MSG-500-30,Madhusudan Ghee 500 ml,500 ml,1,15,8680,8680
2024-04-09,GA/2024-25/00014,FY2024-25,4,ACC-010,Shree Mishra Provisions,Muzaffarnagar,SM01,Rakesh Kumar,MSG-1L-15,Madhusudan Ghee 1 L,1 L,2,30,8520,17040
2024-04-09,GA/2024-25/00015,FY2024-25,4,ACC-021,Shri Tandon Stores,Muzaffarnagar,SM01,Rakesh Kumar,MSG-1L-15,Madhusudan Ghee 1 L,1 L,1,15,8520,8520
2024-04-09,GA/2024-25/00016,FY2024-25,4,ACC-061,Jai Srivastava General Store,Muzaffarnagar,SM01,Rakesh Kumar,MSG-1L-15,Madhusudan Ghee 1 L,1 L,1,15,8520,8520
2024-04-09,GA/2024-25/00017,FY2024-25,4,ACC-094,Singla Stores,Budhana,SM02,Sunil Tyagi,MSG-1L-15,Madhusudan Ghee 1 L,1 L,1,15,8520,8520
2024-04-09,GA/2024-25/00018,FY2024-25,4,ACC-126,Bhatia General Store,Miranpur,SM04,Pankaj Verma,MSG-1L-15,Madhusudan Ghee 1 L,1 L,1,15,8520,8520
2024-04-12,GA/2024-25/00019,FY2024-25,4,ACC-005,Malhotra Dairy,Kairana,SM05,Deepak Rana,MSG-1L-15,Madhusudan Ghee 1 L,1 L,2,30,8520,17040
2024-04-12,GA/2024-25/00020,FY2024-25,4,ACC-011,New Maheshwari Super Market,Kairana,SM05,Deepak Rana,MSG-1L-15,Madhusudan Ghee 1 L,1 L,1,15,8520,8520
2024-04-12,GA/2024-25/00021,FY2024-25,4,ACC-022,Tandon & Company,Kairana,SM05,Deepak Rana,MSG-500-30,Madhusudan Ghee 500 ml,500 ml,2,30,8680,17360
2024-04-12,GA/2024-25/00022,FY2024-25,4,ACC-111,Dubey & Sons,Kairana,SM05,Deepak Rana,MSG-1L-15,Madhusudan Ghee 1 L,1 L,1,15,8520,8520
2024-04-12,GA/2024-25/00023,FY2024-25,4,ACC-121,New Yadav Trading Co.,Miranpur,SM04,Pankaj Verma,MSG-500-30,Madhusudan Ghee 500 ml,500 ml,1,15,8680,8680
2024-04-13,GA/2024-25/00024,FY2024-25,4,ACC-040,New Mishra Trading Co.,Shamli,SM01,Rakesh Kumar,MSG-1L-15,Madhusudan Ghee 1 L,1 L,1,15,8520,8520
2024-04-13,GA/2024-25/00025,FY2024-25,4,ACC-066,Dhingra Marketing,Muzaffarnagar,SM01,Rakesh Kumar,MSG-1L-15,Madhusudan Ghee 1 L,1 L,2,30,8520,17040
2024-04-15,GA/2024-25/00026,FY2024-25,4,ACC-002,New Dubey Marketing,Kairana,SM05,Deepak Rana,MSG-1L-15,Madhusudan Ghee 1 L,1 L,1,15,8520,8520
2024-04-15,GA/2024-25/00026,FY2024-25,4,ACC-002,New Dubey Marketing,Kairana,SM05,Deepak Rana,MSG-500-30,Madhusudan Ghee 500 ml,500 ml,2,30,8680,17360
2024-04-15,GA/2024-25/00027,FY2024-25,4,ACC-020,Krishna Bhardwaj Trading Co.,Khatauli,SM02,Sunil Tyagi,MSG-200-75,Madhusudan Ghee 200 ml,200 ml,1,15,8840,8840
2024-04-15,GA/2024-25/00028,FY2024-25,4,ACC-024,Maa Baliyan Super Market,Muzaffarnagar,SM01,Rakesh Kumar,MSG-500-30,Madhusudan Ghee 500 ml,500 ml,2,30,8680,17360
2024-04-15,GA/2024-25/00029,FY2024-25,4,ACC-048,Maa Sharma Marketing,Budhana,SM02,Sunil Tyagi,MSG-200-75,Madhusudan Ghee 200 ml,200 ml,1,15,8840,8840
2024-04-15,GA/2024-25/00030,FY2024-25,4,ACC-060,New Ahuja Trading Co.,Jansath,SM03,Amit Saini,MSG-1L-15,Madhusudan Ghee 1 L,1 L,2,30,8520,17040
2024-04-15,GA/2024-25/00031,FY2024-25,4,ACC-136,Shree Khandelwal Distributors,Jansath,SM03,Amit Saini,MSG-500-30,Madhusudan Ghee 500 ml,500 ml,1,15,8680,8680
2024-04-16,GA/2024-25/00032,FY2024-25,4,ACC-003,Krishna Khurana Provisions,Budhana,SM02,Sunil Tyagi,MSG-1L-15,Madhusudan Ghee 1 L,1 L,1,15,8520,8520
2024-04-16,GA/2024-25/00032,FY2024-25,4,ACC-003,Krishna Khurana Provisions,Budhana,SM02,Sunil Tyagi,MSG-200-75,Madhusudan Ghee 200 ml,200 ml,1,15,8840,8840
2024-04-16,GA/2024-25/00033,FY2024-25,4,ACC-029,Balaji Rana Agencies,Khatauli,SM02,Sunil Tyagi,MSG-1L-15,Madhusudan Ghee 1 L,1 L,1,15,8520,8520
2024-04-16,GA/2024-25/00033,FY2024-25,4,ACC-029,Balaji Rana Agencies,Khatauli,SM02,Sunil Tyagi,MSG-200-75,Madhusudan Ghee 200 ml,200 ml,1,15,8840,8840
2024-04-17,GA/2024-25/00034,FY2024-25,4,ACC-018,Krishna Sharma Enterprises,Kairana,SM05,Deepak Rana,MSG-500-30,Madhusudan Ghee 500 ml,500 ml,1,15,8680,8680
2024-04-17,GA/2024-25/00035,FY2024-25,4,ACC-051,Laxmi Sachdeva Traders,Jansath,SM03,Amit Saini,MSG-1L-15,Madhusudan Ghee 1 L,1 L,1,15,8520,8520
2024-04-17,GA/2024-25/00036,FY2024-25,4,ACC-075,Krishna Bhardwaj Super Market,Charthawal,SM03,Amit Saini,MSG-500-30,Madhusudan Ghee 500 ml,500 ml,1,15,8680,8680
2024-04-17,GA/2024-25/00037,FY2024-25,4,ACC-124,Shree Garg Trading Co.,Muzaffarnagar,SM01,Rakesh Kumar,MSG-500-30,Madhusudan Ghee 500 ml,500 ml,1,15,8680,8680
2024-04-18,GA/2024-25/00038,FY2024-25,4,ACC-001,Om Dubey Super Market,Muzaffarnagar,SM01,Rakesh Kumar,MSG-1L-15,Madhusudan Ghee 1 L,1 L,2,30,8520,17040
2024-04-18,GA/2024-25/00039,FY2024-25,4,ACC-039,New Chopra Dairy,Deoband,SM05,Deepak Rana,MSG-1L-15,Madhusudan Ghee 1 L,1 L,1,15,8520,8520
2024-04-18,GA/2024-25/00040,FY2024-25,4,ACC-096,Maheshwari Stores,Deoband,SM05,Deepak Rana,MSG-1L-15,Madhusudan Ghee 1 L,1 L,1,15,8520,8520
2024-04-19,GA/2024-25/00041,FY2024-25,4,ACC-016,Ganesh Bhardwaj Trading Co.,Budhana,SM02,Sunil Tyagi,MSG-200-75,Madhusudan Ghee 200 ml,200 ml,1,15,8840,8840
2024-04-19,GA/2024-25/00042,FY2024-25,4,ACC-049,Goyal General Store,Muzaffarnagar,SM01,Rakesh Kumar,MSG-1L-15,Madhusudan Ghee 1 L,1 L,1,15,8520,8520
2024-04-19,GA/2024-25/00043,FY2024-25,4,ACC-134,Jai Wadhwa Sales Corporation,Kairana,SM05,Deepak Rana,MSG-500-30,Madhusudan Ghee 500 ml,500 ml,1,15,8680,8680
2024-04-20,GA/2024-25/00044,FY2024-25,4,ACC-008,Shree Maheshwari Enterprises,Shamli,SM01,Rakesh Kumar,MSG-200-75,Madhusudan Ghee 200 ml,200 ml,1,15,8840,8840
2024-04-20,GA/2024-25/00045,FY2024-25,4,ACC-123,Ganesh Goel Distributors,Miranpur,SM04,Pankaj Verma,MSG-1L-15,Madhusudan Ghee 1 L,1 L,1,15,8520,8520
2024-04-20,GA/2024-25/00046,FY2024-25,4,ACC-128,Shree Saxena General Store,Deoband,SM05,Deepak Rana,MSG-1L-15,Madhusudan Ghee 1 L,1 L,1,15,8520,8520
2024-04-22,GA/2024-25/00047,FY2024-25,4,ACC-007,Om Pandey Distributors,Purqazi,SM04,Pankaj Verma,MSG-1L-15,Madhusudan Ghee 1 L,1 L,2,30,8520,17040
2024-04-22,GA/2024-25/00048,FY2024-25,4,ACC-015,Wadhwa Super Market,Muzaffarnagar,SM01,Rakesh Kumar,MSG-1L-15,Madhusudan Ghee 1 L,1 L,1,15,8520,8520
2024-04-22,GA/2024-25/00049,FY2024-25,4,ACC-059,Balaji Garg Agencies,Purqazi,SM04,Pankaj Verma,MSG-1L-15,Madhusudan Ghee 1 L,1 L,1,15,8520,8520
2024-04-22,GA/2024-25/00050,FY2024-25,4,ACC-073,Maa Gupta Dairy,Jansath,SM03,Amit Saini,MSG-1L-15,Madhusudan Ghee 1 L,1 L,1,15,8520,8520
2024-04-22,GA/2024-25/00051,FY2024-25,4,ACC-100,New Tandon Super Market,Khatauli,SM02,Sunil Tyagi,MSG-1L-15,Madhusudan Ghee 1 L,1 L,1,15,8520,8520
2024-04-22,GA/2024-25/00052,FY2024-25,4,ACC-101,Shri Ahuja Enterprises,Miranpur,SM04,Pankaj Verma,MSG-1L-15,Madhusudan Ghee 1 L,1 L,1,15,8520,8520
2024-04-23,GA/2024-25/00053,FY2024-25,4,ACC-093,Maa Malik & Company,Charthawal,SM03,Amit Saini,MSG-500-30,Madhusudan Ghee 500 ml,500 ml,1,15,8680,8680
2024-04-23,GA/2024-25/00054,FY2024-25,4,ACC-133,New Singla Stores,Shamli,SM01,Rakesh Kumar,MSG-1L-15,Madhusudan Ghee 1 L,1 L,2,30,8520,17040
2024-04-24,GA/2024-25/00055,FY2024-25,4,ACC-046,New Kapoor Traders,Kairana,SM05,Deepak Rana,MSG-500-30,Madhusudan Ghee 500 ml,500 ml,1,15,8680,8680
2024-04-24,GA/2024-25/00056,FY2024-25,4,ACC-090,Malik Stores,Miranpur,SM04,Pankaj Verma,MSG-500-30,Madhusudan Ghee 500 ml,500 ml,1,15,8680,8680
2024-04-25,GA/2024-25/00057,FY2024-25,4,ACC-006,Ganesh Jindal Dairy,Kairana,SM05,Deepak Rana,MSG-1L-15,Madhusudan Ghee 1 L,1 L,2,30,8520,17040
2024-04-26,GA/2024-25/00058,FY2024-25,4,ACC-012,Bhardwaj Dairy,Charthawal,SM03,Amit Saini,MSG-1L-15,Madhusudan Ghee 1 L,1 L,1,15,8520,8520
2024-04-26,GA/2024-25/00058,FY2024-25,4,ACC-012,Bhardwaj Dairy,Charthawal,SM03,Amit Saini,MSG-500-30,Madhusudan Ghee 500 ml,500 ml,1,15,8680,8680
2024-04-26,GA/2024-25/00059,FY2024-25,4,ACC-032,Goyal Super Market,Deoband,SM05,Deepak Rana,MSG-1L-15,Madhusudan Ghee 1 L,1 L,1,15,8520,8520
2024-04-26,GA/2024-25/00059,FY2024-25,4,ACC-032,Goyal Super Market,Deoband,SM05,Deepak Rana,MSG-200-75,Madhusudan Ghee 200 ml,200 ml,1,15,8840,8840
2024-04-27,GA/2024-25/00060,FY2024-25,4,ACC-092,Bhardwaj Distributors,Purqazi,SM04,Pankaj Verma,MSG-1L-15,Madhusudan Ghee 1 L,1 L,1,15,8520,8520
2024-04-29,GA/2024-25/00061,FY2024-25,4,ACC-003,Krishna Khurana Provisions,Budhana,SM02,Sunil Tyagi,MSG-1L-15,Madhusudan Ghee 1 L,1 L,1,15,8520,8520
2024-04-29,GA/2024-25/00062,FY2024-25,4,ACC-013,Krishna Sachdeva Enterprises,Khatauli,SM02,Sunil Tyagi,MSG-500-30,Madhusudan Ghee 500 ml,500 ml,1,15,8680,8680
2024-04-29,GA/2024-25/00063,FY2024-25,4,ACC-019,Mishra Agencies,Muzaffarnagar,SM01,Rakesh Kumar,MSG-200-75,Madhusudan Ghee 200 ml,200 ml,1,15,8840,8840
2024-04-29,GA/2024-25/00064,FY2024-25,4,ACC-027,Shree Gupta & Sons,Miranpur,SM04,Pankaj Verma,MSG-1L-15,Madhusudan Ghee 1 L,1 L,1,15,8520,8520
2024-04-29,GA/2024-25/00065,FY2024-25,4,ACC-038,Krishna Saxena Provisions,Miranpur,SM04,Pankaj Verma,MSG-200-75,Madhusudan Ghee 200 ml,200 ml,1,15,8840,8840
2024-04-29,GA/2024-25/00066,FY2024-25,4,ACC-068,Ganesh Saxena General Store,Shamli,SM01,Rakesh Kumar,MSG-500-30,Madhusudan Ghee 500 ml,500 ml,1,15,8680,8680
2024-04-29,GA/2024-25/00067,FY2024-25,4,ACC-072,Verma Agencies,Khatauli,SM02,Sunil Tyagi,MSG-1L-15,Madhusudan Ghee 1 L,1 L,2,30,8520,17040
2024-04-29,GA/2024-25/00068,FY2024-25,4,ACC-109,Laxmi Goel Traders,Purqazi,SM04,Pankaj Verma,MSG-1L-15,Madhusudan Ghee 1 L,1 L,1,15,8520,8520
2024-04-30,GA/2024-25/00069,FY2024-25,4,ACC-001,Om Dubey Super Market,Muzaffarnagar,SM01,Rakesh Kumar,MSG-500-30,Madhusudan Ghee 500 ml,500 ml,1,15,8680,8680
2024-04-30,GA/2024-25/00070,FY2024-25,4,ACC-050,Jai Sachdeva & Company,Budhana,SM02,Sunil Tyagi,MSG-1L-15,Madhusudan Ghee 1 L,1 L,1,15,8520,8520
2024-04-30,GA/2024-25/00070,FY2024-25,4,ACC-050,Jai Sachdeva & Company,Budhana,SM02,Sunil Tyagi,MSG-500-30,Madhusudan Ghee 500 ml,500 ml,1,15,8680,8680
2024-05-01,GA/2024-25/00071,FY2024-25,5,ACC-016,Ganesh Bhardwaj Trading Co.,Budhana,SM02,Sunil Tyagi,MSG-1L-15,Madhusudan Ghee 1 L,1 L,2,30,8575,17150
2024-05-01,GA/2024-25/00072,FY2024-25,5,ACC-017,Maa Malik Enterprises,Kairana,SM05,Deepak Rana,MSG-200-75,Madhusudan Ghee 200 ml,200 ml,2,30,8890,17780
2024-05-01,GA/2024-25/00073,FY2024-25,5,ACC-131,Jai Yadav Traders,Shamli,SM01,Rakesh Kumar,MSG-1L-15,Madhusudan Ghee 1 L,1 L,1,15,8575,8575
2024-05-02,GA/2024-25/00074,FY2024-25,5,ACC-020,Krishna Bhardwaj Trading Co.,Khatauli,SM02,Sunil Tyagi,MSG-1L-15,Madhusudan Ghee 1 L,1 L,1,15,8575,8575
2024-05-02,GA/2024-25/00075,FY2024-25,5,ACC-130,Maa Nagpal & Company,Deoband,SM05,Deepak Rana,MSG-1L-15,Madhusudan Ghee 1 L,1 L,1,15,8575,8575
2024-05-03,GA/2024-25/00076,FY2024-25,5,ACC-003,Krishna Khurana Provisions,Budhana,SM02,Sunil Tyagi,MSG-1L-15,Madhusudan Ghee 1 L,1 L,1,15,8575,8575
2024-05-03,GA/2024-25/00076,FY2024-25,5,ACC-003,Krishna Khurana Provisions,Budhana,SM02,Sunil Tyagi,MSG-500-30,Madhusudan Ghee 500 ml,500 ml,1,15,8730,8730
2024-05-03,GA/2024-25/00077,FY2024-25,5,ACC-021,Shri Tandon Stores,Muzaffarnagar,SM01,Rakesh Kumar,MSG-1L-15,Madhusudan Ghee 1 L,1 L,1,15,8575,8575
2024-05-03,GA/2024-25/00078,FY2024-25,5,ACC-045,Jai Yadav Sales Corporation,Miranpur,SM04,Pankaj Verma,MSG-1L-15,Madhusudan Ghee 1 L,1 L,1,15,8575,8575
2024-05-03,GA/2024-25/00079,FY2024-25,5,ACC-072,Verma Agencies,Khatauli,SM02,Sunil Tyagi,MSG-1L-15,Madhusudan Ghee 1 L,1 L,1,15,8575,8575
2024-05-03,GA/2024-25/00080,FY2024-25,5,ACC-140,Laxmi Saxena Kirana Store,Kairana,SM05,Deepak Rana,MSG-500-30,Madhusudan Ghee 500 ml,500 ml,1,15,8730,8730
2024-05-06,GA/2024-25/00081,FY2024-25,5,ACC-029,Balaji Rana Agencies,Khatauli,SM02,Sunil Tyagi,MSG-200-75,Madhusudan Ghee 200 ml,200 ml,1,15,8890,8890
2024-05-06,GA/2024-25/00082,FY2024-25,5,ACC-067,Gupta Trading Co.,Khatauli,SM02,Sunil Tyagi,MSG-1L-15,Madhusudan Ghee 1 L,1 L,1,15,8575,8575
2024-05-07,GA/2024-25/00083,FY2024-25,5,ACC-024,Maa Baliyan Super Market,Muzaffarnagar,SM01,Rakesh Kumar,MSG-1L-15,Madhusudan Ghee 1 L,1 L,1,15,8575,8575
2024-05-07,GA/2024-25/00084,FY2024-25,5,ACC-033,Balaji Singhal Stores,Deoband,SM05,Deepak Rana,MSG-200-75,Madhusudan Ghee 200 ml,200 ml,2,30,8890,17780
2024-05-07,GA/2024-25/00085,FY2024-25,5,ACC-036,Shree Saini Enterprises,Budhana,SM02,Sunil Tyagi,MSG-1L-15,Madhusudan Ghee 1 L,1 L,1,15,8575,8575
2024-05-08,GA/2024-25/00086,FY2024-25,5,ACC-008,Shree Maheshwari Enterprises,Shamli,SM01,Rakesh Kumar,MSG-1L-15,Madhusudan Ghee 1 L,1 L,1,15,8575,8575
2024-05-08,GA/2024-25/00086,FY2024-25,5,ACC-008,Shree Maheshwari Enterprises,Shamli,SM01,Rakesh Kumar,MSG-200-75,Madhusudan Ghee 200 ml,200 ml,1,15,8890,8890
2024-05-08,GA/2024-25/00087,FY2024-25,5,ACC-013,Krishna Sachdeva Enterprises,Khatauli,SM02,Sunil Tyagi,MSG-1L-15,Madhusudan Ghee 1 L,1 L,1,15,8575,8575
2024-05-08,GA/2024-25/00088,FY2024-25,5,ACC-046,New Kapoor Traders,Kairana,SM05,Deepak Rana,MSG-500-30,Madhusudan Ghee 500 ml,500 ml,1,15,8730,8730
2024-05-08,GA/2024-25/00089,FY2024-25,5,ACC-080,Malhotra Enterprises,Kairana,SM05,Deepak Rana,MSG-500-30,Madhusudan Ghee 500 ml,500 ml,1,15,8730,8730
2024-05-09,GA/2024-25/00090,FY2024-25,5,ACC-053,Tandon Trading Co.,Charthawal,SM03,Amit Saini,MSG-500-30,Madhusudan Ghee 500 ml,500 ml,1,15,8730,8730
2024-05-11,GA/2024-25/00091,FY2024-25,5,ACC-009,Krishna Srivastava Agencies,Kairana,SM05,Deepak Rana,MSG-1L-15,Madhusudan Ghee 1 L,1 L,2,30,8575,17150
2024-05-11,GA/2024-25/00092,FY2024-25,5,ACC-011,New Maheshwari Super Market,Kairana,SM05,Deepak Rana,MSG-1L-15,Madhusudan Ghee 1 L,1 L,2,30,8575,17150
2024-05-11,GA/2024-25/00092,FY2024-25,5,ACC-011,New Maheshwari Super Market,Kairana,SM05,Deepak Rana,MSG-500-30,Madhusudan Ghee 500 ml,500 ml,1,15,8730,8730
2024-05-11,GA/2024-25/00093,FY2024-25,5,ACC-031,Laxmi Sirohi Super Market,Charthawal,SM03,Amit Saini,MSG-200-75,Madhusudan Ghee 200 ml,200 ml,1,15,8890,8890
2024-05-13,GA/2024-25/00094,FY2024-25,5,ACC-015,Wadhwa Super Market,Muzaffarnagar,SM01,Rakesh Kumar,MSG-1L-15,Madhusudan Ghee 1 L,1 L,1,15,8575,8575
2024-05-14,GA/2024-25/00095,FY2024-25,5,ACC-052,Krishna Srivastava & Company,Shamli,SM01,Rakesh Kumar,MSG-200-75,Madhusudan Ghee 200 ml,200 ml,1,15,8890,8890
2024-05-14,GA/2024-25/00096,FY2024-25,5,ACC-093,Maa Malik & Company,Charthawal,SM03,Amit Saini,MSG-500-30,Madhusudan Ghee 500 ml,500 ml,1,15,8730,8730
2024-05-15,GA/2024-25/00097,FY2024-25,5,ACC-018,Krishna Sharma Enterprises,Kairana,SM05,Deepak Rana,MSG-500-30,Madhusudan Ghee 500 ml,500 ml,1,15,8730,8730
2024-05-16,GA/2024-25/00098,FY2024-25,5,ACC-030,Laxmi Sharma Stores,Jansath,SM03,Amit Saini,MSG-500-30,Madhusudan Ghee 500 ml,500 ml,1,15,8730,8730
2024-05-16,GA/2024-25/00099,FY2024-25,5,ACC-116,Shree Singla & Company,Miranpur,SM04,Pankaj Verma,MSG-1L-15,Madhusudan Ghee 1 L,1 L,1,15,8575,8575
2024-05-17,GA/2024-25/00100,FY2024-25,5,ACC-007,Om Pandey Distributors,Purqazi,SM04,Pankaj Verma,MSG-1L-15,Madhusudan Ghee 1 L,1 L,3,45,8575,25725
2024-05-17,GA/2024-25/00101,FY2024-25,5,ACC-010,Shree Mishra Provisions,Muzaffarnagar,SM01,Rakesh Kumar,MSG-1L-15,Madhusudan Ghee 1 L,1 L,1,15,8575,8575
2024-05-17,GA/2024-25/00102,FY2024-25,5,ACC-012,Bhardwaj Dairy,Charthawal,SM03,Amit Saini,MSG-1L-15,Madhusudan Ghee 1 L,1 L,2,30,8575,17150
2024-05-17,GA/2024-25/00102,FY2024-25,5,ACC-012,Bhardwaj Dairy,Charthawal,SM03,Amit Saini,MSG-500-30,Madhusudan Ghee 500 ml,500 ml,1,15,8730,8730
2024-05-17,GA/2024-25/00103,FY2024-25,5,ACC-056,Bajaj Provisions,Deoband,SM05,Deepak Rana,MSG-1L-15,Madhusudan Ghee 1 L,1 L,1,15,8575,8575
2024-05-18,GA/2024-25/00104,FY2024-25,5,ACC-006,Ganesh Jindal Dairy,Kairana,SM05,Deepak Rana,MSG-500-30,Madhusudan Ghee 500 ml,500 ml,3,45,8730,26190
2024-05-18,GA/2024-25/00105,FY2024-25,5,ACC-022,Tandon & Company,Kairana,SM05,Deepak Rana,MSG-200-75,Madhusudan Ghee 200 ml,200 ml,1,15,8890,8890
2024-05-18,GA/2024-25/00106,FY2024-25,5,ACC-041,Chopra Traders,Purqazi,SM04,Pankaj Verma,MSG-200-75,Madhusudan Ghee 200 ml,200 ml,1,15,8890,8890
2024-05-18,GA/2024-25/00107,FY2024-25,5,ACC-106,Shree Ahuja & Company,Khatauli,SM02,Sunil Tyagi,MSG-200-75,Madhusudan Ghee 200 ml,200 ml,1,15,8890,8890
2024-05-18,GA/2024-25/00108,FY2024-25,5,ACC-132,Shri Bhardwaj Sales Corporation,Miranpur,SM04,Pankaj Verma,MSG-500-30,Madhusudan Ghee 500 ml,500 ml,1,15,8730,8730
2024-05-20,GA/2024-25/00109,FY2024-25,5,ACC-068,Ganesh Saxena General Store,Shamli,SM01,Rakesh Kumar,MSG-1L-15,Madhusudan Ghee 1 L,1 L,1,15,8575,8575
2024-05-20,GA/2024-25/00110,FY2024-25,5,ACC-133,New Singla Stores,Shamli,SM01,Rakesh Kumar,MSG-1L-15,Madhusudan Ghee 1 L,1 L,2,30,8575,17150
2024-05-20,GA/2024-25/00111,FY2024-25,5,ACC-135,Agarwal Traders,Khatauli,SM02,Sunil Tyagi,MSG-200-75,Madhusudan Ghee 200 ml,200 ml,1,15,8890,8890
2024-05-21,GA/2024-25/00112,FY2024-25,5,ACC-004,Jai Solanki Traders,Deoband,SM05,Deepak Rana,MSG-1L-15,Madhusudan Ghee 1 L,1 L,3,45,8575,25725
2024-05-21,GA/2024-25/00113,FY2024-25,5,ACC-023,Agarwal Distributors,Jansath,SM03,Amit Saini,MSG-200-75,Madhusudan Ghee 200 ml,200 ml,1,15,8890,8890
2024-05-22,GA/2024-25/00114,FY2024-25,5,ACC-028,Srivastava Distributors,Jansath,SM03,Amit Saini,MSG-500-30,Madhusudan Ghee 500 ml,500 ml,1,15,8730,8730
2024-05-22,GA/2024-25/00115,FY2024-25,5,ACC-083,Maa Goel & Sons,Miranpur,SM04,Pankaj Verma,MSG-1L-15,Madhusudan Ghee 1 L,1 L,2,30,8575,17150
2024-05-22,GA/2024-25/00116,FY2024-25,5,ACC-096,Maheshwari Stores,Deoband,SM05,Deepak Rana,MSG-1L-15,Madhusudan Ghee 1 L,1 L,1,15,8575,8575
2024-05-22,GA/2024-25/00117,FY2024-25,5,ACC-110,Laxmi Kansal & Sons,Kairana,SM05,Deepak Rana,MSG-1L-15,Madhusudan Ghee 1 L,1 L,1,15,8575,8575
2024-05-23,GA/2024-25/00118,FY2024-25,5,ACC-002,New Dubey Marketing,Kairana,SM05,Deepak Rana,MSG-1L-15,Madhusudan Ghee 1 L,1 L,2,30,8575,17150
2024-05-23,GA/2024-25/00119,FY2024-25,5,ACC-038,Krishna Saxena Provisions,Miranpur,SM04,Pankaj Verma,MSG-500-30,Madhusudan Ghee 500 ml,500 ml,1,15,8730,8730
2024-05-24,GA/2024-25/00120,FY2024-25,5,ACC-019,Mishra Agencies,Muzaffarnagar,SM01,Rakesh Kumar,MSG-500-30,Madhusudan Ghee 500 ml,500 ml,1,15,8730,8730
2024-05-27,GA/2024-25/00121,FY2024-25,5,ACC-003,Krishna Khurana Provisions,Budhana,SM02,Sunil Tyagi,MSG-1L-15,Madhusudan Ghee 1 L,1 L,2,30,8575,17150
2024-05-27,GA/2024-25/00122,FY2024-25,5,ACC-005,Malhotra Dairy,Kairana,SM05,Deepak Rana,MSG-200-75,Madhusudan Ghee 200 ml,200 ml,2,30,8890,17780
2024-05-27,GA/2024-25/00123,FY2024-25,5,ACC-050,Jai Sachdeva & Company,Budhana,SM02,Sunil Tyagi,MSG-1L-15,Madhusudan Ghee 1 L,1 L,1,15,8575,8575
2024-05-27,GA/2024-25/00124,FY2024-25,5,ACC-139,Goel Trading Co.,Muzaffarnagar,SM01,Rakesh Kumar,MSG-1L-15,Madhusudan Ghee 1 L,1 L,1,15,8575,8575
2024-05-27,GA/2024-25/00125,FY2024-25,5,ACC-145,Nagpal Kirana Store,Budhana,SM02,Sunil Tyagi,MSG-1L-15,Madhusudan Ghee 1 L,1 L,1,15,8575,8575
2024-05-29,GA/2024-25/00126,FY2024-25,5,ACC-025,Om Chaudhary Agencies,Budhana,SM02,Sunil Tyagi,MSG-1L-15,Madhusudan Ghee 1 L,1 L,1,15,8575,8575
2024-05-29,GA/2024-25/00127,FY2024-25,5,ACC-060,New Ahuja Trading Co.,Jansath,SM03,Amit Saini,MSG-500-30,Madhusudan Ghee 500 ml,500 ml,1,15,8730,8730
2024-05-30,GA/2024-25/00128,FY2024-25,5,ACC-117,Shri Khandelwal Sales Corporation,Deoband,SM05,Deepak Rana,MSG-1L-15,Madhusudan Ghee 1 L,1 L,1,15,8575,8575
2024-05-30,GA/2024-25/00129,FY2024-25,5,ACC-143,Garg Marketing,Muzaffarnagar,SM01,Rakesh Kumar,MSG-200-75,Madhusudan Ghee 200 ml,200 ml,1,15,8890,8890
2024-06-03,GA/2024-25/00130,FY2024-25,6,ACC-010,Shree Mishra Provisions,Muzaffarnagar,SM01,Rakesh Kumar,MSG-1L-15,Madhusudan Ghee 1 L,1 L,2,30,8575,17150
2024-06-03,GA/2024-25/00131,FY2024-25,6,ACC-021,Shri Tandon Stores,Muzaffarnagar,SM01,Rakesh Kumar,MSG-500-30,Madhusudan Ghee 500 ml,500 ml,1,15,8730,8730
2024-06-03,GA/2024-25/00132,FY2024-25,6,ACC-042,Maa Sachdeva Agencies,Charthawal,SM03,Amit Saini,MSG-1L-15,Madhusudan Ghee 1 L,1 L,1,15,8575,8575
2024-06-03,GA/2024-25/00133,FY2024-25,6,ACC-099,Balaji Garg Distributors,Khatauli,SM02,Sunil Tyagi,MSG-1L-15,Madhusudan Ghee 1 L,1 L,1,15,8575,8575
2024-06-03,GA/2024-25/00134,FY2024-25,6,ACC-115,Sethi Super Market,Budhana,SM02,Sunil Tyagi,MSG-500-30,Madhusudan Ghee 500 ml,500 ml,1,15,8730,8730
2024-06-04,GA/2024-25/00135,FY2024-25,6,ACC-060,New Ahuja Trading Co.,Jansath,SM03,Amit Saini,MSG-1L-15,Madhusudan Ghee 1 L,1 L,1,15,8575,8575
2024-06-04,GA/2024-25/00136,FY2024-25,6,ACC-116,Shree Singla & Company,Miranpur,SM04,Pankaj Verma,MSG-1L-15,Madhusudan Ghee 1 L,1 L,1,15,8575,8575
2024-06-05,GA/2024-25/00137,FY2024-25,6,ACC-049,Goyal General Store,Muzaffarnagar,SM01,Rakesh Kumar,MSG-500-30,Madhusudan Ghee 500 ml,500 ml,1,15,8730,8730
2024-06-05,GA/2024-25/00138,FY2024-25,6,ACC-105,Maa Singhal Enterprises,Miranpur,SM04,Pankaj Verma,MSG-1L-15,Madhusudan Ghee 1 L,1 L,1,15,8575,8575
2024-06-06,GA/2024-25/00139,FY2024-25,6,ACC-039,New Chopra Dairy,Deoband,SM05,Deepak Rana,MSG-500-30,Madhusudan Ghee 500 ml,500 ml,2,30,8730,17460
2024-06-06,GA/2024-25/00140,FY2024-25,6,ACC-054,Jai Goyal General Store,Miranpur,SM04,Pankaj Verma,MSG-1L-15,Madhusudan Ghee 1 L,1 L,1,15,8575,8575
2024-06-06,GA/2024-25/00141,FY2024-25,6,ACC-056,Bajaj Provisions,Deoband,SM05,Deepak Rana,MSG-1L-15,Madhusudan Ghee 1 L,1 L,1,15,8575,8575
2024-06-06,GA/2024-25/00142,FY2024-25,6,ACC-103,Wadhwa Enterprises,Budhana,SM02,Sunil Tyagi,MSG-1L-15,Madhusudan Ghee 1 L,1 L,1,15,8575,8575
2024-06-06,GA/2024-25/00143,FY2024-25,6,ACC-113,Singla Enterprises,Khatauli,SM02,Sunil Tyagi,MSG-200-75,Madhusudan Ghee 200 ml,200 ml,1,15,8890,8890
2024-06-06,GA/2024-25/00144,FY2024-25,6,ACC-139,Goel Trading Co.,Muzaffarnagar,SM01,Rakesh Kumar,MSG-1L-15,Madhusudan Ghee 1 L,1 L,1,15,8575,8575
2024-06-07,GA/2024-25/00145,FY2024-25,6,ACC-059,Balaji Garg Agencies,Purqazi,SM04,Pankaj Verma,MSG-1L-15,Madhusudan Ghee 1 L,1 L,1,15,8575,8575
2024-06-08,GA/2024-25/00146,FY2024-25,6,ACC-008,Shree Maheshwari Enterprises,Shamli,SM01,Rakesh Kumar,MSG-1L-15,Madhusudan Ghee 1 L,1 L,1,15,8575,8575
2024-06-08,GA/2024-25/00146,FY2024-25,6,ACC-008,Shree Maheshwari Enterprises,Shamli,SM01,Rakesh Kumar,MSG-200-75,Madhusudan Ghee 200 ml,200 ml,2,30,8890,17780
2024-06-08,GA/2024-25/00147,FY2024-25,6,ACC-048,Maa Sharma Marketing,Budhana,SM02,Sunil Tyagi,MSG-500-30,Madhusudan Ghee 500 ml,500 ml,1,15,8730,8730
2024-06-08,GA/2024-25/00148,FY2024-25,6,ACC-072,Verma Agencies,Khatauli,SM02,Sunil Tyagi,MSG-200-75,Madhusudan Ghee 200 ml,200 ml,2,30,8890,17780
2024-06-11,GA/2024-25/00149,FY2024-25,6,ACC-118,Laxmi Rana & Sons,Budhana,SM02,Sunil Tyagi,MSG-500-30,Madhusudan Ghee 500 ml,500 ml,1,15,8730,8730
2024-06-11,GA/2024-25/00150,FY2024-25,6,ACC-129,Maheshwari & Sons,Miranpur,SM04,Pankaj Verma,MSG-500-30,Madhusudan Ghee 500 ml,500 ml,1,15,8730,8730
2024-06-12,GA/2024-25/00151,FY2024-25,6,ACC-013,Krishna Sachdeva Enterprises,Khatauli,SM02,Sunil Tyagi,MSG-1L-15,Madhusudan Ghee 1 L,1 L,1,15,8575,8575
2024-06-12,GA/2024-25/00151,FY2024-25,6,ACC-013,Krishna Sachdeva Enterprises,Khatauli,SM02,Sunil Tyagi,MSG-200-75,Madhusudan Ghee 200 ml,200 ml,1,15,8890,8890
2024-06-13,GA/2024-25/00152,FY2024-25,6,ACC-003,Krishna Khurana Provisions,Budhana,SM02,Sunil Tyagi,MSG-500-30,Madhusudan Ghee 500 ml,500 ml,2,30,8730,17460
2024-06-13,GA/2024-25/00153,FY2024-25,6,ACC-067,Gupta Trading Co.,Khatauli,SM02,Sunil Tyagi,MSG-1L-15,Madhusudan Ghee 1 L,1 L,1,15,8575,8575
2024-06-13,GA/2024-25/00154,FY2024-25,6,ACC-069,Balaji Kapoor General Store,Budhana,SM02,Sunil Tyagi,MSG-1L-15,Madhusudan Ghee 1 L,1 L,1,15,8575,8575
2024-06-14,GA/2024-25/00155,FY2024-25,6,ACC-005,Malhotra Dairy,Kairana,SM05,Deepak Rana,MSG-1L-15,Madhusudan Ghee 1 L,1 L,1,15,8575,8575
2024-06-14,GA/2024-25/00155,FY2024-25,6,ACC-005,Malhotra Dairy,Kairana,SM05,Deepak Rana,MSG-500-30,Madhusudan Ghee 500 ml,500 ml,1,15,8730,8730
2024-06-14,GA/2024-25/00156,FY2024-25,6,ACC-006,Ganesh Jindal Dairy,Kairana,SM05,Deepak Rana,MSG-500-30,Madhusudan Ghee 500 ml,500 ml,2,30,8730,17460
2024-06-15,GA/2024-25/00157,FY2024-25,6,ACC-036,Shree Saini Enterprises,Budhana,SM02,Sunil Tyagi,MSG-500-30,Madhusudan Ghee 500 ml,500 ml,1,15,8730,8730
2024-06-17,GA/2024-25/00158,FY2024-25,6,ACC-012,Bhardwaj Dairy,Charthawal,SM03,Amit Saini,MSG-500-30,Madhusudan Ghee 500 ml,500 ml,2,30,8730,17460
2024-06-17,GA/2024-25/00159,FY2024-25,6,ACC-030,Laxmi Sharma Stores,Jansath,SM03,Amit Saini,MSG-1L-15,Madhusudan Ghee 1 L,1 L,2,30,8575,17150
2024-06-18,GA/2024-25/00160,FY2024-25,6,ACC-007,Om Pandey Distributors,Purqazi,SM04,Pankaj Verma,MSG-1L-15,Madhusudan Ghee 1 L,1 L,1,15,8575,8575
2024-06-18,GA/2024-25/00161,FY2024-25,6,ACC-080,Malhotra Enterprises,Kairana,SM05,Deepak Rana,MSG-1L-15,Madhusudan Ghee 1 L,1 L,1,15,8575,8575
2024-06-18,GA/2024-25/00162,FY2024-25,6,ACC-096,Maheshwari Stores,Deoband,SM05,Deepak Rana,MSG-1L-15,Madhusudan Ghee 1 L,1 L,1,15,8575,8575
2024-06-19,GA/2024-25/00163,FY2024-25,6,ACC-095,Maa Gupta Provisions,Charthawal,SM03,Amit Saini,MSG-500-30,Madhusudan Ghee 500 ml,500 ml,1,15,8730,8730
2024-06-20,GA/2024-25/00164,FY2024-25,6,ACC-024,Maa Baliyan Super Market,Muzaffarnagar,SM01,Rakesh Kumar,MSG-1L-15,Madhusudan Ghee 1 L,1 L,1,15,8575,8575
2024-06-20,GA/2024-25/00165,FY2024-25,6,ACC-032,Goyal Super Market,Deoband,SM05,Deepak Rana,MSG-1L-15,Madhusudan Ghee 1 L,1 L,1,15,8575,8575
2024-06-20,GA/2024-25/00166,FY2024-25,6,ACC-097,New Mishra Distributors,Deoband,SM05,Deepak Rana,MSG-200-75,Madhusudan Ghee 200 ml,200 ml,1,15,8890,8890
2024-06-21,GA/2024-25/00167,FY2024-25,6,ACC-003,Krishna Khurana Provisions,Budhana,SM02,Sunil Tyagi,MSG-1L-15,Madhusudan Ghee 1 L,1 L,1,15,8575,8575
2024-06-21,GA/2024-25/00167,FY2024-25,6,ACC-003,Krishna Khurana Provisions,Budhana,SM02,Sunil Tyagi,MSG-500-30,Madhusudan Ghee 500 ml,500 ml,1,15,8730,8730
2024-06-21,GA/2024-25/00168,FY2024-25,6,ACC-004,Jai Solanki Traders,Deoband,SM05,Deepak Rana,MSG-1L-15,Madhusudan Ghee 1 L,1 L,1,15,8575,8575
2024-06-21,GA/2024-25/00169,FY2024-25,6,ACC-035,Ganesh Baliyan Traders,Deoband,SM05,Deepak Rana,MSG-1L-15,Madhusudan Ghee 1 L,1 L,2,30,8575,17150
2024-06-21,GA/2024-25/00170,FY2024-25,6,ACC-050,Jai Sachdeva & Company,Budhana,SM02,Sunil Tyagi,MSG-1L-15,Madhusudan Ghee 1 L,1 L,1,15,8575,8575
2024-06-21,GA/2024-25/00171,FY2024-25,6,ACC-082,Shree Kaushik Enterprises,Charthawal,SM03,Amit Saini,MSG-500-30,Madhusudan Ghee 500 ml,500 ml,1,15,8730,8730
2024-06-24,GA/2024-25/00172,FY2024-25,6,ACC-015,Wadhwa Super Market,Muzaffarnagar,SM01,Rakesh Kumar,MSG-200-75,Madhusudan Ghee 200 ml,200 ml,1,15,8890,8890
2024-06-24,GA/2024-25/00173,FY2024-25,6,ACC-031,Laxmi Sirohi Super Market,Charthawal,SM03,Amit Saini,MSG-1L-15,Madhusudan Ghee 1 L,1 L,1,15,8575,8575
2024-06-24,GA/2024-25/00174,FY2024-25,6,ACC-092,Bhardwaj Distributors,Purqazi,SM04,Pankaj Verma,MSG-1L-15,Madhusudan Ghee 1 L,1 L,2,30,8575,17150
2024-06-24,GA/2024-25/00175,FY2024-25,6,ACC-100,New Tandon Super Market,Khatauli,SM02,Sunil Tyagi,MSG-200-75,Madhusudan Ghee 200 ml,200 ml,1,15,8890,8890
2024-06-25,GA/2024-25/00176,FY2024-25,6,ACC-037,Maa Yadav Stores,Charthawal,SM03,Amit Saini,MSG-500-30,Madhusudan Ghee 500 ml,500 ml,1,15,8730,8730
2024-06-25,GA/2024-25/00177,FY2024-25,6,ACC-045,Jai Yadav Sales Corporation,Miranpur,SM04,Pankaj Verma,MSG-1L-15,Madhusudan Ghee 1 L,1 L,1,15,8575,8575
2024-06-25,GA/2024-25/00178,FY2024-25,6,ACC-057,Balaji Bhatia Enterprises,Deoband,SM05,Deepak Rana,MSG-1L-15,Madhusudan Ghee 1 L,1 L,1,15,8575,8575
2024-06-25,GA/2024-25/00179,FY2024-25,6,ACC-120,Ganesh Kansal Provisions,Muzaffarnagar,SM01,Rakesh Kumar,MSG-1L-15,Madhusudan Ghee 1 L,1 L,2,30,8575,17150
2024-06-26,GA/2024-25/00180,FY2024-25,6,ACC-001,Om Dubey Super Market,Muzaffarnagar,SM01,Rakesh Kumar,MSG-1L-15,Madhusudan Ghee 1 L,1 L,2,30,8575,17150
2024-06-26,GA/2024-25/00180,FY2024-25,6,ACC-001,Om Dubey Super Market,Muzaffarnagar,SM01,Rakesh Kumar,MSG-500-30,Madhusudan Ghee 500 ml,500 ml,1,15,8730,8730
2024-06-26,GA/2024-25/00181,FY2024-25,6,ACC-002,New Dubey Marketing,Kairana,SM05,Deepak Rana,MSG-200-75,Madhusudan Ghee 200 ml,200 ml,2,30,8890,17780
2024-06-26,GA/2024-25/00182,FY2024-25,6,ACC-016,Ganesh Bhardwaj Trading Co.,Budhana,SM02,Sunil Tyagi,MSG-1L-15,Madhusudan Ghee 1 L,1 L,1,15,8575,8575
2024-06-26,GA/2024-25/00183,FY2024-25,6,ACC-017,Maa Malik Enterprises,Kairana,SM05,Deepak Rana,MSG-1L-15,Madhusudan Ghee 1 L,1 L,1,15,8575,8575
2024-06-26,GA/2024-25/00184,FY2024-25,6,ACC-073,Maa Gupta Dairy,Jansath,SM03,Amit Saini,MSG-1L-15,Madhusudan Ghee 1 L,1 L,1,15,8575,8575
2024-06-27,GA/2024-25/00185,FY2024-25,6,ACC-018,Krishna Sharma Enterprises,Kairana,SM05,Deepak Rana,MSG-1L-15,Madhusudan Ghee 1 L,1 L,1,15,8575,8575
2024-06-28,GA/2024-25/00186,FY2024-25,6,ACC-014,Maa Chopra Kirana Store,Khatauli,SM02,Sunil Tyagi,MSG-1L-15,Madhusudan Ghee 1 L,1 L,3,45,8575,25725
2024-06-29,GA/2024-25/00187,FY2024-25,6,ACC-009,Krishna Srivastava Agencies,Kairana,SM05,Deepak Rana,MSG-1L-15,Madhusudan Ghee 1 L,1 L,1,15,8575,8575
2024-06-29,GA/2024-25/00187,FY2024-25,6,ACC-009,Krishna Srivastava Agencies,Kairana,SM05,Deepak Rana,MSG-500-30,Madhusudan Ghee 500 ml,500 ml,1,15,8730,8730
2024-06-29,GA/2024-25/00188,FY2024-25,6,ACC-023,Agarwal Distributors,Jansath,SM03,Amit Saini,MSG-1L-15,Madhusudan Ghee 1 L,1 L,1,15,8575,8575
2024-06-29,GA/2024-25/00189,FY2024-25,6,ACC-111,Dubey & Sons,Kairana,SM05,Deepak Rana,MSG-1L-15,Madhusudan Ghee 1 L,1 L,1,15,8575,8575
2024-06-29,GA/2024-25/00190,FY2024-25,6,ACC-131,Jai Yadav Traders,Shamli,SM01,Rakesh Kumar,MSG-1L-15,Madhusudan Ghee 1 L,1 L,1,15,8575,8575
2024-07-01,GA/2024-25/00191,FY2024-25,7,ACC-003,Krishna Khurana Provisions,Budhana,SM02,Sunil Tyagi,MSG-500-30,Madhusudan Ghee 500 ml,500 ml,3,45,8730,26190
2024-07-01,GA/2024-25/00192,FY2024-25,7,ACC-104,Bajaj Agencies,Budhana,SM02,Sunil Tyagi,MSG-1L-15,Madhusudan Ghee 1 L,1 L,1,15,8575,8575
2024-07-02,GA/2024-25/00193,FY2024-25,7,ACC-006,Ganesh Jindal Dairy,Kairana,SM05,Deepak Rana,MSG-200-75,Madhusudan Ghee 200 ml,200 ml,1,15,8890,8890
2024-07-03,GA/2024-25/00194,FY2024-25,7,ACC-035,Ganesh Baliyan Traders,Deoband,SM05,Deepak Rana,MSG-1L-15,Madhusudan Ghee 1 L,1 L,1,15,8575,8575
2024-07-03,GA/2024-25/00195,FY2024-25,7,ACC-050,Jai Sachdeva & Company,Budhana,SM02,Sunil Tyagi,MSG-500-30,Madhusudan Ghee 500 ml,500 ml,1,15,8730,8730
2024-07-04,GA/2024-25/00196,FY2024-25,7,ACC-074,Jai Bajaj Stores,Khatauli,SM02,Sunil Tyagi,MSG-500-30,Madhusudan Ghee 500 ml,500 ml,2,30,8730,17460
2024-07-04,GA/2024-25/00197,FY2024-25,7,ACC-097,New Mishra Distributors,Deoband,SM05,Deepak Rana,MSG-500-30,Madhusudan Ghee 500 ml,500 ml,1,15,8730,8730
2024-07-05,GA/2024-25/00198,FY2024-25,7,ACC-005,Malhotra Dairy,Kairana,SM05,Deepak Rana,MSG-1L-15,Madhusudan Ghee 1 L,1 L,2,30,8575,17150
2024-07-05,GA/2024-25/00199,FY2024-25,7,ACC-036,Shree Saini Enterprises,Budhana,SM02,Sunil Tyagi,MSG-1L-15,Madhusudan Ghee 1 L,1 L,1,15,8575,8575
2024-07-05,GA/2024-25/00200,FY2024-25,7,ACC-045,Jai Yadav Sales Corporation,Miranpur,SM04,Pankaj Verma,MSG-200-75,Madhusudan Ghee 200 ml,200 ml,1,15,8890,8890
2024-07-06,GA/2024-25/00201,FY2024-25,7,ACC-062,Dubey General Store,Khatauli,SM02,Sunil Tyagi,MSG-1L-15,Madhusudan Ghee 1 L,1 L,1,15,8575,8575
2024-07-06,GA/2024-25/00202,FY2024-25,7,ACC-093,Maa Malik & Company,Charthawal,SM03,Amit Saini,MSG-500-30,Madhusudan Ghee 500 ml,500 ml,1,15,8730,8730
2024-07-08,GA/2024-25/00203,FY2024-25,7,ACC-004,Jai Solanki Traders,Deoband,SM05,Deepak Rana,MSG-500-30,Madhusudan Ghee 500 ml,500 ml,2,30,8730,17460
2024-07-08,GA/2024-25/00204,FY2024-25,7,ACC-011,New Maheshwari Super Market,Kairana,SM05,Deepak Rana,MSG-500-30,Madhusudan Ghee 500 ml,500 ml,1,15,8730,8730
2024-07-08,GA/2024-25/00205,FY2024-25,7,ACC-015,Wadhwa Super Market,Muzaffarnagar,SM01,Rakesh Kumar,MSG-200-75,Madhusudan Ghee 200 ml,200 ml,1,15,8890,8890
2024-07-08,GA/2024-25/00206,FY2024-25,7,ACC-019,Mishra Agencies,Muzaffarnagar,SM01,Rakesh Kumar,MSG-1L-15,Madhusudan Ghee 1 L,1 L,2,30,8575,17150
2024-07-08,GA/2024-25/00207,FY2024-25,7,ACC-043,Shree Jain Dairy,Miranpur,SM04,Pankaj Verma,MSG-1L-15,Madhusudan Ghee 1 L,1 L,1,15,8575,8575
2024-07-08,GA/2024-25/00208,FY2024-25,7,ACC-135,Agarwal Traders,Khatauli,SM02,Sunil Tyagi,MSG-200-75,Madhusudan Ghee 200 ml,200 ml,1,15,8890,8890
2024-07-09,GA/2024-25/00209,FY2024-25,7,ACC-021,Shri Tandon Stores,Muzaffarnagar,SM01,Rakesh Kumar,MSG-1L-15,Madhusudan Ghee 1 L,1 L,1,15,8575,8575
2024-07-10,GA/2024-25/00210,FY2024-25,7,ACC-018,Krishna Sharma Enterprises,Kairana,SM05,Deepak Rana,MSG-500-30,Madhusudan Ghee 500 ml,500 ml,3,45,8730,26190
2024-07-10,GA/2024-25/00211,FY2024-25,7,ACC-047,Khurana Distributors,Jansath,SM03,Amit Saini,MSG-1L-15,Madhusudan Ghee 1 L,1 L,1,15,8575,8575
2024-07-10,GA/2024-25/00212,FY2024-25,7,ACC-053,Tandon Trading Co.,Charthawal,SM03,Amit Saini,MSG-1L-15,Madhusudan Ghee 1 L,1 L,1,15,8575,8575
2024-07-10,GA/2024-25/00213,FY2024-25,7,ACC-106,Shree Ahuja & Company,Khatauli,SM02,Sunil Tyagi,MSG-500-30,Madhusudan Ghee 500 ml,500 ml,1,15,8730,8730
2024-07-12,GA/2024-25/00214,FY2024-25,7,ACC-124,Shree Garg Trading Co.,Muzaffarnagar,SM01,Rakesh Kumar,MSG-1L-15,Madhusudan Ghee 1 L,1 L,1,15,8575,8575
2024-07-13,GA/2024-25/00215,FY2024-25,7,ACC-023,Agarwal Distributors,Jansath,SM03,Amit Saini,MSG-1L-15,Madhusudan Ghee 1 L,1 L,1,15,8575,8575
2024-07-13,GA/2024-25/00216,FY2024-25,7,ACC-039,New Chopra Dairy,Deoband,SM05,Deepak Rana,MSG-500-30,Madhusudan Ghee 500 ml,500 ml,1,15,8730,8730
2024-07-13,GA/2024-25/00217,FY2024-25,7,ACC-041,Chopra Traders,Purqazi,SM04,Pankaj Verma,MSG-1L-15,Madhusudan Ghee 1 L,1 L,1,15,8575,8575
2024-07-13,GA/2024-25/00218,FY2024-25,7,ACC-129,Maheshwari & Sons,Miranpur,SM04,Pankaj Verma,MSG-500-30,Madhusudan Ghee 500 ml,500 ml,1,15,8730,8730
2024-07-15,GA/2024-25/00219,FY2024-25,7,ACC-037,Maa Yadav Stores,Charthawal,SM03,Amit Saini,MSG-200-75,Madhusudan Ghee 200 ml,200 ml,1,15,8890,8890
2024-07-15,GA/2024-25/00220,FY2024-25,7,ACC-141,Shri Wadhwa Sales Corporation,Muzaffarnagar,SM01,Rakesh Kumar,MSG-500-30,Madhusudan Ghee 500 ml,500 ml,1,15,8730,8730
2024-07-16,GA/2024-25/00221,FY2024-25,7,ACC-020,Krishna Bhardwaj Trading Co.,Khatauli,SM02,Sunil Tyagi,MSG-1L-15,Madhusudan Ghee 1 L,1 L,1,15,8575,8575
2024-07-16,GA/2024-25/00221,FY2024-25,7,ACC-020,Krishna Bhardwaj Trading Co.,Khatauli,SM02,Sunil Tyagi,MSG-500-30,Madhusudan Ghee 500 ml,500 ml,1,15,8730,8730
2024-07-17,GA/2024-25/00222,FY2024-25,7,ACC-025,Om Chaudhary Agencies,Budhana,SM02,Sunil Tyagi,MSG-1L-15,Madhusudan Ghee 1 L,1 L,1,15,8575,8575
2024-07-17,GA/2024-25/00223,FY2024-25,7,ACC-040,New Mishra Trading Co.,Shamli,SM01,Rakesh Kumar,MSG-500-30,Madhusudan Ghee 500 ml,500 ml,1,15,8730,8730
2024-07-17,GA/2024-25/00224,FY2024-25,7,ACC-107,Ganesh Sachdeva Provisions,Charthawal,SM03,Amit Saini,MSG-1L-15,Madhusudan Ghee 1 L,1 L,1,15,8575,8575
2024-07-18,GA/2024-25/00225,FY2024-25,7,ACC-101,Shri Ahuja Enterprises,Miranpur,SM04,Pankaj Verma,MSG-500-30,Madhusudan Ghee 500 ml,500 ml,1,15,8730,8730
2024-07-22,GA/2024-25/00226,FY2024-25,7,ACC-096,Maheshwari Stores,Deoband,SM05,Deepak Rana,MSG-1L-15,Madhusudan Ghee 1 L,1 L,1,15,8575,8575
2024-07-22,GA/2024-25/00227,FY2024-25,7,ACC-115,Sethi Super Market,Budhana,SM02,Sunil Tyagi,MSG-1L-15,Madhusudan Ghee 1 L,1 L,1,15,8575,8575
2024-07-22,GA/2024-25/00228,FY2024-25,7,ACC-116,Shree Singla & Company,Miranpur,SM04,Pankaj Verma,MSG-1L-15,Madhusudan Ghee 1 L,1 L,1,15,8575,8575
2024-07-22,GA/2024-25/00229,FY2024-25,7,ACC-119,Solanki Dairy,Deoband,SM05,Deepak Rana,MSG-1L-15,Madhusudan Ghee 1 L,1 L,1,15,8575,8575
2024-07-22,GA/2024-25/00230,FY2024-25,7,ACC-127,Ganesh Mishra Marketing,Charthawal,SM03,Amit Saini,MSG-500-30,Madhusudan Ghee 500 ml,500 ml,1,15,8730,8730
2024-07-23,GA/2024-25/00231,FY2024-25,7,ACC-002,New Dubey Marketing,Kairana,SM05,Deepak Rana,MSG-1L-15,Madhusudan Ghee 1 L,1 L,2,30,8575,17150
2024-07-23,GA/2024-25/00232,FY2024-25,7,ACC-010,Shree Mishra Provisions,Muzaffarnagar,SM01,Rakesh Kumar,MSG-1L-15,Madhusudan Ghee 1 L,1 L,2,30,8575,17150
2024-07-23,GA/2024-25/00233,FY2024-25,7,ACC-013,Krishna Sachdeva Enterprises,Khatauli,SM02,Sunil Tyagi,MSG-1L-15,Madhusudan Ghee 1 L,1 L,1,15,8575,8575
2024-07-24,GA/2024-25/00234,FY2024-25,7,ACC-069,Balaji Kapoor General Store,Budhana,SM02,Sunil Tyagi,MSG-1L-15,Madhusudan Ghee 1 L,1 L,1,15,8575,8575
2024-07-25,GA/2024-25/00235,FY2024-25,7,ACC-017,Maa Malik Enterprises,Kairana,SM05,Deepak Rana,MSG-200-75,Madhusudan Ghee 200 ml,200 ml,1,15,8890,8890
2024-07-25,GA/2024-25/00236,FY2024-25,7,ACC-140,Laxmi Saxena Kirana Store,Kairana,SM05,Deepak Rana,MSG-500-30,Madhusudan Ghee 500 ml,500 ml,1,15,8730,8730
2024-07-25,GA/2024-25/00237,FY2024-25,7,ACC-143,Garg Marketing,Muzaffarnagar,SM01,Rakesh Kumar,MSG-500-30,Madhusudan Ghee 500 ml,500 ml,1,15,8730,8730
2024-07-26,GA/2024-25/00238,FY2024-25,7,ACC-087,Khurana & Sons,Khatauli,SM02,Sunil Tyagi,MSG-200-75,Madhusudan Ghee 200 ml,200 ml,1,15,8890,8890
2024-07-27,GA/2024-25/00239,FY2024-25,7,ACC-008,Shree Maheshwari Enterprises,Shamli,SM01,Rakesh Kumar,MSG-1L-15,Madhusudan Ghee 1 L,1 L,1,15,8575,8575
2024-07-27,GA/2024-25/00240,FY2024-25,7,ACC-016,Ganesh Bhardwaj Trading Co.,Budhana,SM02,Sunil Tyagi,MSG-500-30,Madhusudan Ghee 500 ml,500 ml,1,15,8730,8730
2024-07-27,GA/2024-25/00241,FY2024-25,7,ACC-038,Krishna Saxena Provisions,Miranpur,SM04,Pankaj Verma,MSG-500-30,Madhusudan Ghee 500 ml,500 ml,2,30,8730,17460
2024-07-27,GA/2024-25/00242,FY2024-25,7,ACC-131,Jai Yadav Traders,Shamli,SM01,Rakesh Kumar,MSG-200-75,Madhusudan Ghee 200 ml,200 ml,1,15,8890,8890
2024-07-29,GA/2024-25/00243,FY2024-25,7,ACC-007,Om Pandey Distributors,Purqazi,SM04,Pankaj Verma,MSG-200-75,Madhusudan Ghee 200 ml,200 ml,2,30,8890,17780
2024-07-29,GA/2024-25/00244,FY2024-25,7,ACC-030,Laxmi Sharma Stores,Jansath,SM03,Amit Saini,MSG-1L-15,Madhusudan Ghee 1 L,1 L,1,15,8575,8575
2024-07-29,GA/2024-25/00245,FY2024-25,7,ACC-032,Goyal Super Market,Deoband,SM05,Deepak Rana,MSG-500-30,Madhusudan Ghee 500 ml,500 ml,2,30,8730,17460
2024-07-29,GA/2024-25/00246,FY2024-25,7,ACC-046,New Kapoor Traders,Kairana,SM05,Deepak Rana,MSG-500-30,Madhusudan Ghee 500 ml,500 ml,1,15,8730,8730
2024-07-29,GA/2024-25/00247,FY2024-25,7,ACC-059,Balaji Garg Agencies,Purqazi,SM04,Pankaj Verma,MSG-500-30,Madhusudan Ghee 500 ml,500 ml,1,15,8730,8730
2024-07-29,GA/2024-25/00248,FY2024-25,7,ACC-100,New Tandon Super Market,Khatauli,SM02,Sunil Tyagi,MSG-1L-15,Madhusudan Ghee 1 L,1 L,1,15,8575,8575
2024-07-30,GA/2024-25/00249,FY2024-25,7,ACC-080,Malhotra Enterprises,Kairana,SM05,Deepak Rana,MSG-500-30,Madhusudan Ghee 500 ml,500 ml,1,15,8730,8730
2024-07-31,GA/2024-25/00250,FY2024-25,7,ACC-001,Om Dubey Super Market,Muzaffarnagar,SM01,Rakesh Kumar,MSG-1L-15,Madhusudan Ghee 1 L,1 L,2,30,8575,17150
2024-07-31,GA/2024-25/00251,FY2024-25,7,ACC-012,Bhardwaj Dairy,Charthawal,SM03,Amit Saini,MSG-500-30,Madhusudan Ghee 500 ml,500 ml,1,15,8730,8730
2024-07-31,GA/2024-25/00252,FY2024-25,7,ACC-052,Krishna Srivastava & Company,Shamli,SM01,Rakesh Kumar,MSG-1L-15,Madhusudan Ghee 1 L,1 L,1,15,8575,8575
2024-08-01,GA/2024-25/00253,FY2024-25,8,ACC-059,Balaji Garg Agencies,Purqazi,SM04,Pankaj Verma,MSG-1L-15,Madhusudan Ghee 1 L,1 L,1,15,8575,8575
2024-08-01,GA/2024-25/00254,FY2024-25,8,ACC-127,Ganesh Mishra Marketing,Charthawal,SM03,Amit Saini,MSG-500-30,Madhusudan Ghee 500 ml,500 ml,1,15,8730,8730
2024-08-02,GA/2024-25/00255,FY2024-25,8,ACC-027,Shree Gupta & Sons,Miranpur,SM04,Pankaj Verma,MSG-200-75,Madhusudan Ghee 200 ml,200 ml,1,15,8890,8890
2024-08-02,GA/2024-25/00256,FY2024-25,8,ACC-060,New Ahuja Trading Co.,Jansath,SM03,Amit Saini,MSG-500-30,Madhusudan Ghee 500 ml,500 ml,1,15,8730,8730
2024-08-02,GA/2024-25/00257,FY2024-25,8,ACC-100,New Tandon Super Market,Khatauli,SM02,Sunil Tyagi,MSG-1L-15,Madhusudan Ghee 1 L,1 L,1,15,8575,8575
2024-08-03,GA/2024-25/00258,FY2024-25,8,ACC-004,Jai Solanki Traders,Deoband,SM05,Deepak Rana,MSG-500-30,Madhusudan Ghee 500 ml,500 ml,2,30,8730,17460
2024-08-03,GA/2024-25/00259,FY2024-25,8,ACC-017,Maa Malik Enterprises,Kairana,SM05,Deepak Rana,MSG-1L-15,Madhusudan Ghee 1 L,1 L,1,15,8575,8575
2024-08-03,GA/2024-25/00260,FY2024-25,8,ACC-020,Krishna Bhardwaj Trading Co.,Khatauli,SM02,Sunil Tyagi,MSG-1L-15,Madhusudan Ghee 1 L,1 L,1,15,8575,8575
2024-08-03,GA/2024-25/00261,FY2024-25,8,ACC-049,Goyal General Store,Muzaffarnagar,SM01,Rakesh Kumar,MSG-200-75,Madhusudan Ghee 200 ml,200 ml,1,15,8890,8890
2024-08-03,GA/2024-25/00261,FY2024-25,8,ACC-049,Goyal General Store,Muzaffarnagar,SM01,Rakesh Kumar,MSG-500-30,Madhusudan Ghee 500 ml,500 ml,1,15,8730,8730
2024-08-05,GA/2024-25/00262,FY2024-25,8,ACC-006,Ganesh Jindal Dairy,Kairana,SM05,Deepak Rana,MSG-1L-15,Madhusudan Ghee 1 L,1 L,1,15,8575,8575
2024-08-05,GA/2024-25/00262,FY2024-25,8,ACC-006,Ganesh Jindal Dairy,Kairana,SM05,Deepak Rana,MSG-200-75,Madhusudan Ghee 200 ml,200 ml,1,15,8890,8890
2024-08-05,GA/2024-25/00263,FY2024-25,8,ACC-029,Balaji Rana Agencies,Khatauli,SM02,Sunil Tyagi,MSG-200-75,Madhusudan Ghee 200 ml,200 ml,1,15,8890,8890
2024-08-05,GA/2024-25/00264,FY2024-25,8,ACC-038,Krishna Saxena Provisions,Miranpur,SM04,Pankaj Verma,MSG-500-30,Madhusudan Ghee 500 ml,500 ml,1,15,8730,8730
2024-08-05,GA/2024-25/00265,FY2024-25,8,ACC-043,Shree Jain Dairy,Miranpur,SM04,Pankaj Verma,MSG-1L-15,Madhusudan Ghee 1 L,1 L,1,15,8575,8575
2024-08-05,GA/2024-25/00266,FY2024-25,8,ACC-050,Jai Sachdeva & Company,Budhana,SM02,Sunil Tyagi,MSG-200-75,Madhusudan Ghee 200 ml,200 ml,1,15,8890,8890
2024-08-05,GA/2024-25/00267,FY2024-25,8,ACC-082,Shree Kaushik Enterprises,Charthawal,SM03,Amit Saini,MSG-500-30,Madhusudan Ghee 500 ml,500 ml,2,30,8730,17460
2024-08-05,GA/2024-25/00268,FY2024-25,8,ACC-095,Maa Gupta Provisions,Charthawal,SM03,Amit Saini,MSG-200-75,Madhusudan Ghee 200 ml,200 ml,1,15,8890,8890
2024-08-05,GA/2024-25/00269,FY2024-25,8,ACC-117,Shri Khandelwal Sales Corporation,Deoband,SM05,Deepak Rana,MSG-500-30,Madhusudan Ghee 500 ml,500 ml,1,15,8730,8730
2024-08-05,GA/2024-25/00270,FY2024-25,8,ACC-123,Ganesh Goel Distributors,Miranpur,SM04,Pankaj Verma,MSG-1L-15,Madhusudan Ghee 1 L,1 L,1,15,8575,8575
2024-08-05,GA/2024-25/00271,FY2024-25,8,ACC-131,Jai Yadav Traders,Shamli,SM01,Rakesh Kumar,MSG-1L-15,Madhusudan Ghee 1 L,1 L,1,15,8575,8575
2024-08-06,GA/2024-25/00272,FY2024-25,8,ACC-098,Balaji Rana Distributors,Shamli,SM01,Rakesh Kumar,MSG-1L-15,Madhusudan Ghee 1 L,1 L,1,15,8575,8575
2024-08-07,GA/2024-25/00273,FY2024-25,8,ACC-014,Maa Chopra Kirana Store,Khatauli,SM02,Sunil Tyagi,MSG-1L-15,Madhusudan Ghee 1 L,1 L,1,15,8575,8575
2024-08-07,GA/2024-25/00274,FY2024-25,8,ACC-044,Mittal Marketing,Khatauli,SM02,Sunil Tyagi,MSG-500-30,Madhusudan Ghee 500 ml,500 ml,1,15,8730,8730
2024-08-08,GA/2024-25/00275,FY2024-25,8,ACC-033,Balaji Singhal Stores,Deoband,SM05,Deepak Rana,MSG-200-75,Madhusudan Ghee 200 ml,200 ml,1,15,8890,8890
2024-08-10,GA/2024-25/00276,FY2024-25,8,ACC-001,Om Dubey Super Market,Muzaffarnagar,SM01,Rakesh Kumar,MSG-500-30,Madhusudan Ghee 500 ml,500 ml,3,45,8730,26190
2024-08-10,GA/2024-25/00277,FY2024-25,8,ACC-022,Tandon & Company,Kairana,SM05,Deepak Rana,MSG-1L-15,Madhusudan Ghee 1 L,1 L,1,15,8575,8575
2024-08-10,GA/2024-25/00278,FY2024-25,8,ACC-025,Om Chaudhary Agencies,Budhana,SM02,Sunil Tyagi,MSG-500-30,Madhusudan Ghee 500 ml,500 ml,1,15,8730,8730
2024-08-10,GA/2024-25/00279,FY2024-25,8,ACC-096,Maheshwari Stores,Deoband,SM05,Deepak Rana,MSG-1L-15,Madhusudan Ghee 1 L,1 L,2,30,8575,17150
2024-08-10,GA/2024-25/00280,FY2024-25,8,ACC-119,Solanki Dairy,Deoband,SM05,Deepak Rana,MSG-1L-15,Madhusudan Ghee 1 L,1 L,1,15,8575,8575
2024-08-12,GA/2024-25/00281,FY2024-25,8,ACC-094,Singla Stores,Budhana,SM02,Sunil Tyagi,MSG-500-30,Madhusudan Ghee 500 ml,500 ml,1,15,8730,8730
2024-08-13,GA/2024-25/00282,FY2024-25,8,ACC-008,Shree Maheshwari Enterprises,Shamli,SM01,Rakesh Kumar,MSG-1L-15,Madhusudan Ghee 1 L,1 L,2,30,8575,17150
2024-08-13,GA/2024-25/00283,FY2024-25,8,ACC-011,New Maheshwari Super Market,Kairana,SM05,Deepak Rana,MSG-1L-15,Madhusudan Ghee 1 L,1 L,1,15,8575,8575
2024-08-13,GA/2024-25/00284,FY2024-25,8,ACC-023,Agarwal Distributors,Jansath,SM03,Amit Saini,MSG-1L-15,Madhusudan Ghee 1 L,1 L,2,30,8575,17150
2024-08-13,GA/2024-25/00285,FY2024-25,8,ACC-129,Maheshwari & Sons,Miranpur,SM04,Pankaj Verma,MSG-1L-15,Madhusudan Ghee 1 L,1 L,1,15,8575,8575
2024-08-14,GA/2024-25/00286,FY2024-25,8,ACC-009,Krishna Srivastava Agencies,Kairana,SM05,Deepak Rana,MSG-1L-15,Madhusudan Ghee 1 L,1 L,1,15,8575,8575
2024-08-14,GA/2024-25/00286,FY2024-25,8,ACC-009,Krishna Srivastava Agencies,Kairana,SM05,Deepak Rana,MSG-500-30,Madhusudan Ghee 500 ml,500 ml,1,15,8730,8730
2024-08-15,GA/2024-25/00287,FY2024-25,8,ACC-036,Shree Saini Enterprises,Budhana,SM02,Sunil Tyagi,MSG-1L-15,Madhusudan Ghee 1 L,1 L,1,15,8575,8575
2024-08-15,GA/2024-25/00288,FY2024-25,8,ACC-057,Balaji Bhatia Enterprises,Deoband,SM05,Deepak Rana,MSG-1L-15,Madhusudan Ghee 1 L,1 L,1,15,8575,8575
2024-08-15,GA/2024-25/00289,FY2024-25,8,ACC-068,Ganesh Saxena General Store,Shamli,SM01,Rakesh Kumar,MSG-1L-15,Madhusudan Ghee 1 L,1 L,1,15,8575,8575
2024-08-16,GA/2024-25/00290,FY2024-25,8,ACC-051,Laxmi Sachdeva Traders,Jansath,SM03,Amit Saini,MSG-200-75,Madhusudan Ghee 200 ml,200 ml,1,15,8890,8890
2024-08-17,GA/2024-25/00291,FY2024-25,8,ACC-052,Krishna Srivastava & Company,Shamli,SM01,Rakesh Kumar,MSG-500-30,Madhusudan Ghee 500 ml,500 ml,1,15,8730,8730
2024-08-17,GA/2024-25/00292,FY2024-25,8,ACC-061,Jai Srivastava General Store,Muzaffarnagar,SM01,Rakesh Kumar,MSG-1L-15,Madhusudan Ghee 1 L,1 L,1,15,8575,8575
2024-08-19,GA/2024-25/00293,FY2024-25,8,ACC-012,Bhardwaj Dairy,Charthawal,SM03,Amit Saini,MSG-1L-15,Madhusudan Ghee 1 L,1 L,1,15,8575,8575
2024-08-19,GA/2024-25/00294,FY2024-25,8,ACC-015,Wadhwa Super Market,Muzaffarnagar,SM01,Rakesh Kumar,MSG-200-75,Madhusudan Ghee 200 ml,200 ml,1,15,8890,8890
2024-08-19,GA/2024-25/00295,FY2024-25,8,ACC-019,Mishra Agencies,Muzaffarnagar,SM01,Rakesh Kumar,MSG-1L-15,Madhusudan Ghee 1 L,1 L,1,15,8575,8575
2024-08-19,GA/2024-25/00296,FY2024-25,8,ACC-032,Goyal Super Market,Deoband,SM05,Deepak Rana,MSG-200-75,Madhusudan Ghee 200 ml,200 ml,1,15,8890,8890
2024-08-19,GA/2024-25/00297,FY2024-25,8,ACC-083,Maa Goel & Sons,Miranpur,SM04,Pankaj Verma,MSG-1L-15,Madhusudan Ghee 1 L,1 L,1,15,8575,8575
2024-08-19,GA/2024-25/00298,FY2024-25,8,ACC-099,Balaji Garg Distributors,Khatauli,SM02,Sunil Tyagi,MSG-1L-15,Madhusudan Ghee 1 L,1 L,1,15,8575,8575
2024-08-21,GA/2024-25/00299,FY2024-25,8,ACC-010,Shree Mishra Provisions,Muzaffarnagar,SM01,Rakesh Kumar,MSG-1L-15,Madhusudan Ghee 1 L,1 L,1,15,8575,8575
2024-08-21,GA/2024-25/00299,FY2024-25,8,ACC-010,Shree Mishra Provisions,Muzaffarnagar,SM01,Rakesh Kumar,MSG-200-75,Madhusudan Ghee 200 ml,200 ml,1,15,8890,8890
2024-08-21,GA/2024-25/00300,FY2024-25,8,ACC-064,Laxmi Mishra Super Market,Miranpur,SM04,Pankaj Verma,MSG-500-30,Madhusudan Ghee 500 ml,500 ml,2,30,8730,17460
2024-08-22,GA/2024-25/00301,FY2024-25,8,ACC-042,Maa Sachdeva Agencies,Charthawal,SM03,Amit Saini,MSG-1L-15,Madhusudan Ghee 1 L,1 L,1,15,8575,8575
2024-08-23,GA/2024-25/00302,FY2024-25,8,ACC-001,Om Dubey Super Market,Muzaffarnagar,SM01,Rakesh Kumar,MSG-500-30,Madhusudan Ghee 500 ml,500 ml,1,15,8730,8730
2024-08-23,GA/2024-25/00303,FY2024-25,8,ACC-002,New Dubey Marketing,Kairana,SM05,Deepak Rana,MSG-1L-15,Madhusudan Ghee 1 L,1 L,2,30,8575,17150
2024-08-23,GA/2024-25/00304,FY2024-25,8,ACC-054,Jai Goyal General Store,Miranpur,SM04,Pankaj Verma,MSG-1L-15,Madhusudan Ghee 1 L,1 L,1,15,8575,8575
2024-08-24,GA/2024-25/00305,FY2024-25,8,ACC-081,Jai Kapoor Super Market,Charthawal,SM03,Amit Saini,MSG-200-75,Madhusudan Ghee 200 ml,200 ml,1,15,8890,8890
2024-08-24,GA/2024-25/00306,FY2024-25,8,ACC-089,Jai Sharma Provisions,Purqazi,SM04,Pankaj Verma,MSG-1L-15,Madhusudan Ghee 1 L,1 L,1,15,8575,8575
2024-08-26,GA/2024-25/00307,FY2024-25,8,ACC-005,Malhotra Dairy,Kairana,SM05,Deepak Rana,MSG-200-75,Madhusudan Ghee 200 ml,200 ml,3,45,8890,26670
2024-08-26,GA/2024-25/00308,FY2024-25,8,ACC-016,Ganesh Bhardwaj Trading Co.,Budhana,SM02,Sunil Tyagi,MSG-500-30,Madhusudan Ghee 500 ml,500 ml,1,15,8730,8730
2024-08-26,GA/2024-25/00309,FY2024-25,8,ACC-024,Maa Baliyan Super Market,Muzaffarnagar,SM01,Rakesh Kumar,MSG-1L-15,Madhusudan Ghee 1 L,1 L,1,15,8575,8575
2024-08-26,GA/2024-25/00310,FY2024-25,8,ACC-037,Maa Yadav Stores,Charthawal,SM03,Amit Saini,MSG-1L-15,Madhusudan Ghee 1 L,1 L,1,15,8575,8575
2024-08-26,GA/2024-25/00310,FY2024-25,8,ACC-037,Maa Yadav Stores,Charthawal,SM03,Amit Saini,MSG-500-30,Madhusudan Ghee 500 ml,500 ml,1,15,8730,8730
2024-08-26,GA/2024-25/00311,FY2024-25,8,ACC-126,Bhatia General Store,Miranpur,SM04,Pankaj Verma,MSG-500-30,Madhusudan Ghee 500 ml,500 ml,1,15,8730,8730
2024-08-27,GA/2024-25/00312,FY2024-25,8,ACC-031,Laxmi Sirohi Super Market,Charthawal,SM03,Amit Saini,MSG-1L-15,Madhusudan Ghee 1 L,1 L,1,15,8575,8575
2024-08-28,GA/2024-25/00313,FY2024-25,8,ACC-130,Maa Nagpal & Company,Deoband,SM05,Deepak Rana,MSG-500-30,Madhusudan Ghee 500 ml,500 ml,2,30,8730,17460
2024-08-29,GA/2024-25/00314,FY2024-25,8,ACC-102,Shree Solanki Distributors,Kairana,SM05,Deepak Rana,MSG-200-75,Madhusudan Ghee 200 ml,200 ml,1,15,8890,8890
2024-08-29,GA/2024-25/00315,FY2024-25,8,ACC-112,Om Goyal Kirana Store,Muzaffarnagar,SM01,Rakesh Kumar,MSG-1L-15,Madhusudan Ghee 1 L,1 L,1,15,8575,8575
2024-08-29,GA/2024-25/00316,FY2024-25,8,ACC-137,Jai Solanki Marketing,Charthawal,SM03,Amit Saini,MSG-200-75,Madhusudan Ghee 200 ml,200 ml,1,15,8890,8890
2024-08-30,GA/2024-25/00317,FY2024-25,8,ACC-003,Krishna Khurana Provisions,Budhana,SM02,Sunil Tyagi,MSG-500-30,Madhusudan Ghee 500 ml,500 ml,2,30,8730,17460
2024-08-30,GA/2024-25/00318,FY2024-25,8,ACC-007,Om Pandey Distributors,Purqazi,SM04,Pankaj Verma,MSG-1L-15,Madhusudan Ghee 1 L,1 L,2,30,8575,17150
2024-08-30,GA/2024-25/00319,FY2024-25,8,ACC-030,Laxmi Sharma Stores,Jansath,SM03,Amit Saini,MSG-200-75,Madhusudan Ghee 200 ml,200 ml,1,15,8890,8890
2024-08-30,GA/2024-25/00320,FY2024-25,8,ACC-110,Laxmi Kansal & Sons,Kairana,SM05,Deepak Rana,MSG-1L-15,Madhusudan Ghee 1 L,1 L,1,15,8575,8575
2024-09-02,GA/2024-25/00321,FY2024-25,9,ACC-004,Jai Solanki Traders,Deoband,SM05,Deepak Rana,MSG-1L-15,Madhusudan Ghee 1 L,1 L,3,45,8575,25725
2024-09-02,GA/2024-25/00322,FY2024-25,9,ACC-019,Mishra Agencies,Muzaffarnagar,SM01,Rakesh Kumar,MSG-1L-15,Madhusudan Ghee 1 L,1 L,1,15,8575,8575
2024-09-02,GA/2024-25/00323,FY2024-25,9,ACC-020,Krishna Bhardwaj Trading Co.,Khatauli,SM02,Sunil Tyagi,MSG-1L-15,Madhusudan Ghee 1 L,1 L,1,15,8575,8575
2024-09-02,GA/2024-25/00324,FY2024-25,9,ACC-037,Maa Yadav Stores,Charthawal,SM03,Amit Saini,MSG-200-75,Madhusudan Ghee 200 ml,200 ml,1,15,8890,8890
2024-09-02,GA/2024-25/00325,FY2024-25,9,ACC-054,Jai Goyal General Store,Miranpur,SM04,Pankaj Verma,MSG-1L-15,Madhusudan Ghee 1 L,1 L,1,15,8575,8575
2024-09-02,GA/2024-25/00326,FY2024-25,9,ACC-063,Ganesh Kapoor Trading Co.,Charthawal,SM03,Amit Saini,MSG-500-30,Madhusudan Ghee 500 ml,500 ml,1,15,8730,8730
2024-09-02,GA/2024-25/00327,FY2024-25,9,ACC-101,Shri Ahuja Enterprises,Miranpur,SM04,Pankaj Verma,MSG-500-30,Madhusudan Ghee 500 ml,500 ml,1,15,8730,8730
2024-09-02,GA/2024-25/00328,FY2024-25,9,ACC-105,Maa Singhal Enterprises,Miranpur,SM04,Pankaj Verma,MSG-500-30,Madhusudan Ghee 500 ml,500 ml,1,15,8730,8730
2024-09-02,GA/2024-25/00329,FY2024-25,9,ACC-134,Jai Wadhwa Sales Corporation,Kairana,SM05,Deepak Rana,MSG-500-30,Madhusudan Ghee 500 ml,500 ml,1,15,8730,8730
2024-09-03,GA/2024-25/00330,FY2024-25,9,ACC-008,Shree Maheshwari Enterprises,Shamli,SM01,Rakesh Kumar,MSG-1L-15,Madhusudan Ghee 1 L,1 L,2,30,8575,17150
2024-09-03,GA/2024-25/00331,FY2024-25,9,ACC-031,Laxmi Sirohi Super Market,Charthawal,SM03,Amit Saini,MSG-1L-15,Madhusudan Ghee 1 L,1 L,1,15,8575,8575
2024-09-03,GA/2024-25/00332,FY2024-25,9,ACC-046,New Kapoor Traders,Kairana,SM05,Deepak Rana,MSG-500-30,Madhusudan Ghee 500 ml,500 ml,1,15,8730,8730
2024-09-04,GA/2024-25/00333,FY2024-25,9,ACC-035,Ganesh Baliyan Traders,Deoband,SM05,Deepak Rana,MSG-1L-15,Madhusudan Ghee 1 L,1 L,1,15,8575,8575
2024-09-04,GA/2024-25/00333,FY2024-25,9,ACC-035,Ganesh Baliyan Traders,Deoband,SM05,Deepak Rana,MSG-200-75,Madhusudan Ghee 200 ml,200 ml,1,15,8890,8890
2024-09-04,GA/2024-25/00334,FY2024-25,9,ACC-043,Shree Jain Dairy,Miranpur,SM04,Pankaj Verma,MSG-1L-15,Madhusudan Ghee 1 L,1 L,1,15,8575,8575
2024-09-04,GA/2024-25/00335,FY2024-25,9,ACC-044,Mittal Marketing,Khatauli,SM02,Sunil Tyagi,MSG-500-30,Madhusudan Ghee 500 ml,500 ml,1,15,8730,8730
2024-09-04,GA/2024-25/00336,FY2024-25,9,ACC-060,New Ahuja Trading Co.,Jansath,SM03,Amit Saini,MSG-500-30,Madhusudan Ghee 500 ml,500 ml,1,15,8730,8730
2024-09-05,GA/2024-25/00337,FY2024-25,9,ACC-126,Bhatia General Store,Miranpur,SM04,Pankaj Verma,MSG-1L-15,Madhusudan Ghee 1 L,1 L,2,30,8575,17150
2024-09-06,GA/2024-25/00338,FY2024-25,9,ACC-014,Maa Chopra Kirana Store,Khatauli,SM02,Sunil Tyagi,MSG-1L-15,Madhusudan Ghee 1 L,1 L,1,15,8575,8575
2024-09-09,GA/2024-25/00339,FY2024-25,9,ACC-009,Krishna Srivastava Agencies,Kairana,SM05,Deepak Rana,MSG-1L-15,Madhusudan Ghee 1 L,1 L,2,30,8575,17150
2024-09-09,GA/2024-25/00340,FY2024-25,9,ACC-021,Shri Tandon Stores,Muzaffarnagar,SM01,Rakesh Kumar,MSG-200-75,Madhusudan Ghee 200 ml,200 ml,3,45,8890,26670
2024-09-09,GA/2024-25/00341,FY2024-25,9,ACC-081,Jai Kapoor Super Market,Charthawal,SM03,Amit Saini,MSG-1L-15,Madhusudan Ghee 1 L,1 L,1,15,8575,8575
2024-09-09,GA/2024-25/00342,FY2024-25,9,ACC-144,Shree Ahuja Provisions,Shamli,SM01,Rakesh Kumar,MSG-200-75,Madhusudan Ghee 200 ml,200 ml,1,15,8890,8890
2024-09-10,GA/2024-25/00343,FY2024-25,9,ACC-041,Chopra Traders,Purqazi,SM04,Pankaj Verma,MSG-1L-15,Madhusudan Ghee 1 L,1 L,1,15,8575,8575
2024-09-12,GA/2024-25/00344,FY2024-25,9,ACC-001,Om Dubey Super Market,Muzaffarnagar,SM01,Rakesh Kumar,MSG-1L-15,Madhusudan Ghee 1 L,1 L,2,30,8575,17150
2024-09-12,GA/2024-25/00345,FY2024-25,9,ACC-003,Krishna Khurana Provisions,Budhana,SM02,Sunil Tyagi,MSG-1L-15,Madhusudan Ghee 1 L,1 L,3,45,8575,25725
2024-09-12,GA/2024-25/00346,FY2024-25,9,ACC-036,Shree Saini Enterprises,Budhana,SM02,Sunil Tyagi,MSG-1L-15,Madhusudan Ghee 1 L,1 L,2,30,8575,17150
2024-09-12,GA/2024-25/00347,FY2024-25,9,ACC-096,Maheshwari Stores,Deoband,SM05,Deepak Rana,MSG-1L-15,Madhusudan Ghee 1 L,1 L,1,15,8575,8575
2024-09-12,GA/2024-25/00348,FY2024-25,9,ACC-104,Bajaj Agencies,Budhana,SM02,Sunil Tyagi,MSG-1L-15,Madhusudan Ghee 1 L,1 L,1,15,8575,8575
2024-09-13,GA/2024-25/00349,FY2024-25,9,ACC-032,Goyal Super Market,Deoband,SM05,Deepak Rana,MSG-1L-15,Madhusudan Ghee 1 L,1 L,1,15,8575,8575
2024-09-13,GA/2024-25/00350,FY2024-25,9,ACC-057,Balaji Bhatia Enterprises,Deoband,SM05,Deepak Rana,MSG-1L-15,Madhusudan Ghee 1 L,1 L,1,15,8575,8575
2024-09-13,GA/2024-25/00351,FY2024-25,9,ACC-073,Maa Gupta Dairy,Jansath,SM03,Amit Saini,MSG-1L-15,Madhusudan Ghee 1 L,1 L,1,15,8575,8575
2024-09-13,GA/2024-25/00352,FY2024-25,9,ACC-145,Nagpal Kirana Store,Budhana,SM02,Sunil Tyagi,MSG-1L-15,Madhusudan Ghee 1 L,1 L,1,15,8575,8575
2024-09-14,GA/2024-25/00353,FY2024-25,9,ACC-030,Laxmi Sharma Stores,Jansath,SM03,Amit Saini,MSG-500-30,Madhusudan Ghee 500 ml,500 ml,1,15,8730,8730
2024-09-14,GA/2024-25/00354,FY2024-25,9,ACC-066,Dhingra Marketing,Muzaffarnagar,SM01,Rakesh Kumar,MSG-500-30,Madhusudan Ghee 500 ml,500 ml,2,30,8730,17460
2024-09-16,GA/2024-25/00355,FY2024-25,9,ACC-002,New Dubey Marketing,Kairana,SM05,Deepak Rana,MSG-1L-15,Madhusudan Ghee 1 L,1 L,3,45,8575,25725
2024-09-16,GA/2024-25/00356,FY2024-25,9,ACC-022,Tandon & Company,Kairana,SM05,Deepak Rana,MSG-200-75,Madhusudan Ghee 200 ml,200 ml,2,30,8890,17780
2024-09-16,GA/2024-25/00357,FY2024-25,9,ACC-024,Maa Baliyan Super Market,Muzaffarnagar,SM01,Rakesh Kumar,MSG-500-30,Madhusudan Ghee 500 ml,500 ml,1,15,8730,8730
2024-09-16,GA/2024-25/00358,FY2024-25,9,ACC-059,Balaji Garg Agencies,Purqazi,SM04,Pankaj Verma,MSG-1L-15,Madhusudan Ghee 1 L,1 L,1,15,8575,8575
2024-09-16,GA/2024-25/00359,FY2024-25,9,ACC-095,Maa Gupta Provisions,Charthawal,SM03,Amit Saini,MSG-1L-15,Madhusudan Ghee 1 L,1 L,1,15,8575,8575
2024-09-16,GA/2024-25/00360,FY2024-25,9,ACC-113,Singla Enterprises,Khatauli,SM02,Sunil Tyagi,MSG-500-30,Madhusudan Ghee 500 ml,500 ml,1,15,8730,8730
2024-09-16,GA/2024-25/00361,FY2024-25,9,ACC-135,Agarwal Traders,Khatauli,SM02,Sunil Tyagi,MSG-500-30,Madhusudan Ghee 500 ml,500 ml,1,15,8730,8730
2024-09-17,GA/2024-25/00362,FY2024-25,9,ACC-042,Maa Sachdeva Agencies,Charthawal,SM03,Amit Saini,MSG-200-75,Madhusudan Ghee 200 ml,200 ml,1,15,8890,8890
2024-09-17,GA/2024-25/00362,FY2024-25,9,ACC-042,Maa Sachdeva Agencies,Charthawal,SM03,Amit Saini,MSG-500-30,Madhusudan Ghee 500 ml,500 ml,1,15,8730,8730
2024-09-18,GA/2024-25/00363,FY2024-25,9,ACC-122,Balaji Agarwal Traders,Miranpur,SM04,Pankaj Verma,MSG-1L-15,Madhusudan Ghee 1 L,1 L,1,15,8575,8575
2024-09-19,GA/2024-25/00364,FY2024-25,9,ACC-029,Balaji Rana Agencies,Khatauli,SM02,Sunil Tyagi,MSG-500-30,Madhusudan Ghee 500 ml,500 ml,1,15,8730,8730
2024-09-19,GA/2024-25/00365,FY2024-25,9,ACC-048,Maa Sharma Marketing,Budhana,SM02,Sunil Tyagi,MSG-1L-15,Madhusudan Ghee 1 L,1 L,1,15,8575,8575
2024-09-19,GA/2024-25/00366,FY2024-25,9,ACC-069,Balaji Kapoor General Store,Budhana,SM02,Sunil Tyagi,MSG-200-75,Madhusudan Ghee 200 ml,200 ml,1,15,8890,8890
2024-09-19,GA/2024-25/00367,FY2024-25,9,ACC-107,Ganesh Sachdeva Provisions,Charthawal,SM03,Amit Saini,MSG-200-75,Madhusudan Ghee 200 ml,200 ml,1,15,8890,8890
2024-09-19,GA/2024-25/00368,FY2024-25,9,ACC-133,New Singla Stores,Shamli,SM01,Rakesh Kumar,MSG-1L-15,Madhusudan Ghee 1 L,1 L,1,15,8575,8575
2024-09-20,GA/2024-25/00369,FY2024-25,9,ACC-015,Wadhwa Super Market,Muzaffarnagar,SM01,Rakesh Kumar,MSG-500-30,Madhusudan Ghee 500 ml,500 ml,1,15,8730,8730
2024-09-20,GA/2024-25/00370,FY2024-25,9,ACC-017,Maa Malik Enterprises,Kairana,SM05,Deepak Rana,MSG-1L-15,Madhusudan Ghee 1 L,1 L,2,30,8575,17150
2024-09-20,GA/2024-25/00371,FY2024-25,9,ACC-027,Shree Gupta & Sons,Miranpur,SM04,Pankaj Verma,MSG-1L-15,Madhusudan Ghee 1 L,1 L,2,30,8575,17150
2024-09-20,GA/2024-25/00372,FY2024-25,9,ACC-055,Shree Pandey Stores,Charthawal,SM03,Amit Saini,MSG-1L-15,Madhusudan Ghee 1 L,1 L,1,15,8575,8575
2024-09-20,GA/2024-25/00373,FY2024-25,9,ACC-102,Shree Solanki Distributors,Kairana,SM05,Deepak Rana,MSG-200-75,Madhusudan Ghee 200 ml,200 ml,1,15,8890,8890
2024-09-21,GA/2024-25/00374,FY2024-25,9,ACC-006,Ganesh Jindal Dairy,Kairana,SM05,Deepak Rana,MSG-1L-15,Madhusudan Ghee 1 L,1 L,2,30,8575,17150
2024-09-21,GA/2024-25/00375,FY2024-25,9,ACC-033,Balaji Singhal Stores,Deoband,SM05,Deepak Rana,MSG-500-30,Madhusudan Ghee 500 ml,500 ml,1,15,8730,8730
2024-09-23,GA/2024-25/00376,FY2024-25,9,ACC-010,Shree Mishra Provisions,Muzaffarnagar,SM01,Rakesh Kumar,MSG-1L-15,Madhusudan Ghee 1 L,1 L,1,15,8575,8575
2024-09-23,GA/2024-25/00376,FY2024-25,9,ACC-010,Shree Mishra Provisions,Muzaffarnagar,SM01,Rakesh Kumar,MSG-500-30,Madhusudan Ghee 500 ml,500 ml,1,15,8730,8730
2024-09-23,GA/2024-25/00377,FY2024-25,9,ACC-011,New Maheshwari Super Market,Kairana,SM05,Deepak Rana,MSG-1L-15,Madhusudan Ghee 1 L,1 L,2,30,8575,17150
2024-09-23,GA/2024-25/00378,FY2024-25,9,ACC-038,Krishna Saxena Provisions,Miranpur,SM04,Pankaj Verma,MSG-500-30,Madhusudan Ghee 500 ml,500 ml,1,15,8730,8730
2024-09-24,GA/2024-25/00379,FY2024-25,9,ACC-068,Ganesh Saxena General Store,Shamli,SM01,Rakesh Kumar,MSG-500-30,Madhusudan Ghee 500 ml,500 ml,1,15,8730,8730
2024-09-25,GA/2024-25/00380,FY2024-25,9,ACC-053,Tandon Trading Co.,Charthawal,SM03,Amit Saini,MSG-1L-15,Madhusudan Ghee 1 L,1 L,1,15,8575,8575
2024-09-25,GA/2024-25/00381,FY2024-25,9,ACC-100,New Tandon Super Market,Khatauli,SM02,Sunil Tyagi,MSG-1L-15,Madhusudan Ghee 1 L,1 L,1,15,8575,8575
2024-09-26,GA/2024-25/00382,FY2024-25,9,ACC-003,Krishna Khurana Provisions,Budhana,SM02,Sunil Tyagi,MSG-1L-15,Madhusudan Ghee 1 L,1 L,3,45,8575,25725
2024-09-26,GA/2024-25/00383,FY2024-25,9,ACC-061,Jai Srivastava General Store,Muzaffarnagar,SM01,Rakesh Kumar,MSG-1L-15,Madhusudan Ghee 1 L,1 L,2,30,8575,17150
2024-09-26,GA/2024-25/00384,FY2024-25,9,ACC-129,Maheshwari & Sons,Miranpur,SM04,Pankaj Verma,MSG-500-30,Madhusudan Ghee 500 ml,500 ml,1,15,8730,8730
2024-09-27,GA/2024-25/00385,FY2024-25,9,ACC-005,Malhotra Dairy,Kairana,SM05,Deepak Rana,MSG-1L-15,Madhusudan Ghee 1 L,1 L,2,30,8575,17150
2024-09-27,GA/2024-25/00385,FY2024-25,9,ACC-005,Malhotra Dairy,Kairana,SM05,Deepak Rana,MSG-500-30,Madhusudan Ghee 500 ml,500 ml,2,30,8730,17460
2024-09-27,GA/2024-25/00386,FY2024-25,9,ACC-082,Shree Kaushik Enterprises,Charthawal,SM03,Amit Saini,MSG-1L-15,Madhusudan Ghee 1 L,1 L,1,15,8575,8575
2024-09-27,GA/2024-25/00387,FY2024-25,9,ACC-116,Shree Singla & Company,Miranpur,SM04,Pankaj Verma,MSG-1L-15,Madhusudan Ghee 1 L,1 L,1,15,8575,8575
2024-09-28,GA/2024-25/00388,FY2024-25,9,ACC-007,Om Pandey Distributors,Purqazi,SM04,Pankaj Verma,MSG-1L-15,Madhusudan Ghee 1 L,1 L,3,45,8575,25725
2024-09-28,GA/2024-25/00389,FY2024-25,9,ACC-040,New Mishra Trading Co.,Shamli,SM01,Rakesh Kumar,MSG-1L-15,Madhusudan Ghee 1 L,1 L,1,15,8575,8575
2024-09-28,GA/2024-25/00390,FY2024-25,9,ACC-115,Sethi Super Market,Budhana,SM02,Sunil Tyagi,MSG-500-30,Madhusudan Ghee 500 ml,500 ml,1,15,8730,8730
2024-09-30,GA/2024-25/00391,FY2024-25,9,ACC-001,Om Dubey Super Market,Muzaffarnagar,SM01,Rakesh Kumar,MSG-1L-15,Madhusudan Ghee 1 L,1 L,2,30,8575,17150
2024-09-30,GA/2024-25/00392,FY2024-25,9,ACC-012,Bhardwaj Dairy,Charthawal,SM03,Amit Saini,MSG-1L-15,Madhusudan Ghee 1 L,1 L,2,30,8575,17150
2024-09-30,GA/2024-25/00392,FY2024-25,9,ACC-012,Bhardwaj Dairy,Charthawal,SM03,Amit Saini,MSG-500-30,Madhusudan Ghee 500 ml,500 ml,1,15,8730,8730
2024-09-30,GA/2024-25/00393,FY2024-25,9,ACC-023,Agarwal Distributors,Jansath,SM03,Amit Saini,MSG-1L-15,Madhusudan Ghee 1 L,1 L,1,15,8575,8575
2024-09-30,GA/2024-25/00394,FY2024-25,9,ACC-026,Krishna Goel Marketing,Shamli,SM01,Rakesh Kumar,MSG-500-30,Madhusudan Ghee 500 ml,500 ml,1,15,8730,8730
2024-09-30,GA/2024-25/00395,FY2024-25,9,ACC-099,Balaji Garg Distributors,Khatauli,SM02,Sunil Tyagi,MSG-1L-15,Madhusudan Ghee 1 L,1 L,1,15,8575,8575
2024-10-01,GA/2024-25/00396,FY2024-25,10,ACC-015,Wadhwa Super Market,Muzaffarnagar,SM01,Rakesh Kumar,MSG-200-75,Madhusudan Ghee 200 ml,200 ml,2,30,8960,17920
2024-10-01,GA/2024-25/00397,FY2024-25,10,ACC-016,Ganesh Bhardwaj Trading Co.,Budhana,SM02,Sunil Tyagi,MSG-1L-15,Madhusudan Ghee 1 L,1 L,1,15,8640,8640
2024-10-01,GA/2024-25/00398,FY2024-25,10,ACC-018,Krishna Sharma Enterprises,Kairana,SM05,Deepak Rana,MSG-200-75,Madhusudan Ghee 200 ml,200 ml,1,15,8960,8960
2024-10-01,GA/2024-25/00399,FY2024-25,10,ACC-040,New Mishra Trading Co.,Shamli,SM01,Rakesh Kumar,MSG-200-75,Madhusudan Ghee 200 ml,200 ml,1,15,8960,8960
2024-10-01,GA/2024-25/00400,FY2024-25,10,ACC-042,Maa Sachdeva Agencies,Charthawal,SM03,Amit Saini,MSG-200-75,Madhusudan Ghee 200 ml,200 ml,1,15,8960,8960
2024-10-01,GA/2024-25/00401,FY2024-25,10,ACC-077,Balaji Tiwari Marketing,Shamli,SM01,Rakesh Kumar,MSG-1L-15,Madhusudan Ghee 1 L,1 L,1,15,8640,8640
2024-10-02,GA/2024-25/00402,FY2024-25,10,ACC-002,New Dubey Marketing,Kairana,SM05,Deepak Rana,MSG-500-30,Madhusudan Ghee 500 ml,500 ml,2,30,8800,17600
2024-10-02,GA/2024-25/00403,FY2024-25,10,ACC-007,Om Pandey Distributors,Purqazi,SM04,Pankaj Verma,MSG-200-75,Madhusudan Ghee 200 ml,200 ml,2,30,8960,17920
2024-10-02,GA/2024-25/00404,FY2024-25,10,ACC-012,Bhardwaj Dairy,Charthawal,SM03,Amit Saini,MSG-1L-15,Madhusudan Ghee 1 L,1 L,4,60,8640,34560
2024-10-02,GA/2024-25/00405,FY2024-25,10,ACC-068,Ganesh Saxena General Store,Shamli,SM01,Rakesh Kumar,MSG-1L-15,Madhusudan Ghee 1 L,1 L,1,15,8640,8640
2024-10-02,GA/2024-25/00406,FY2024-25,10,ACC-071,New Kansal & Sons,Muzaffarnagar,SM01,Rakesh Kumar,MSG-500-30,Madhusudan Ghee 500 ml,500 ml,1,15,8800,8800
2024-10-02,GA/2024-25/00407,FY2024-25,10,ACC-101,Shri Ahuja Enterprises,Miranpur,SM04,Pankaj Verma,MSG-1L-15,Madhusudan Ghee 1 L,1 L,1,15,8640,8640
2024-10-03,GA/2024-25/00408,FY2024-25,10,ACC-011,New Maheshwari Super Market,Kairana,SM05,Deepak Rana,MSG-1L-15,Madhusudan Ghee 1 L,1 L,2,30,8640,17280
2024-10-03,GA/2024-25/00409,FY2024-25,10,ACC-032,Goyal Super Market,Deoband,SM05,Deepak Rana,MSG-1L-15,Madhusudan Ghee 1 L,1 L,1,15,8640,8640
2024-10-03,GA/2024-25/00410,FY2024-25,10,ACC-108,New Ahuja Distributors,Deoband,SM05,Deepak Rana,MSG-200-75,Madhusudan Ghee 200 ml,200 ml,1,15,8960,8960
2024-10-04,GA/2024-25/00411,FY2024-25,10,ACC-005,Malhotra Dairy,Kairana,SM05,Deepak Rana,MSG-1L-15,Madhusudan Ghee 1 L,1 L,2,30,8640,17280
2024-10-05,GA/2024-25/00412,FY2024-25,10,ACC-017,Maa Malik Enterprises,Kairana,SM05,Deepak Rana,MSG-1L-15,Madhusudan Ghee 1 L,1 L,1,15,8640,8640
2024-10-05,GA/2024-25/00413,FY2024-25,10,ACC-021,Shri Tandon Stores,Muzaffarnagar,SM01,Rakesh Kumar,MSG-500-30,Madhusudan Ghee 500 ml,500 ml,2,30,8800,17600
2024-10-05,GA/2024-25/00414,FY2024-25,10,ACC-059,Balaji Garg Agencies,Purqazi,SM04,Pankaj Verma,MSG-200-75,Madhusudan Ghee 200 ml,200 ml,1,15,8960,8960
2024-10-07,GA/2024-25/00415,FY2024-25,10,ACC-002,New Dubey Marketing,Kairana,SM05,Deepak Rana,MSG-1L-15,Madhusudan Ghee 1 L,1 L,1,15,8640,8640
2024-10-07,GA/2024-25/00415,FY2024-25,10,ACC-002,New Dubey Marketing,Kairana,SM05,Deepak Rana,MSG-200-75,Madhusudan Ghee 200 ml,200 ml,1,15,8960,8960
2024-10-07,GA/2024-25/00416,FY2024-25,10,ACC-003,Krishna Khurana Provisions,Budhana,SM02,Sunil Tyagi,MSG-200-75,Madhusudan Ghee 200 ml,200 ml,1,15,8960,8960
2024-10-07,GA/2024-25/00416,FY2024-25,10,ACC-003,Krishna Khurana Provisions,Budhana,SM02,Sunil Tyagi,MSG-500-30,Madhusudan Ghee 500 ml,500 ml,1,15,8800,8800
2024-10-07,GA/2024-25/00417,FY2024-25,10,ACC-010,Shree Mishra Provisions,Muzaffarnagar,SM01,Rakesh Kumar,MSG-200-75,Madhusudan Ghee 200 ml,200 ml,3,45,8960,26880
2024-10-07,GA/2024-25/00418,FY2024-25,10,ACC-028,Srivastava Distributors,Jansath,SM03,Amit Saini,MSG-500-30,Madhusudan Ghee 500 ml,500 ml,1,15,8800,8800
2024-10-07,GA/2024-25/00419,FY2024-25,10,ACC-033,Balaji Singhal Stores,Deoband,SM05,Deepak Rana,MSG-200-75,Madhusudan Ghee 200 ml,200 ml,1,15,8960,8960
2024-10-07,GA/2024-25/00420,FY2024-25,10,ACC-035,Ganesh Baliyan Traders,Deoband,SM05,Deepak Rana,MSG-1L-15,Madhusudan Ghee 1 L,1 L,2,30,8640,17280
2024-10-07,GA/2024-25/00421,FY2024-25,10,ACC-122,Balaji Agarwal Traders,Miranpur,SM04,Pankaj Verma,MSG-500-30,Madhusudan Ghee 500 ml,500 ml,1,15,8800,8800
2024-10-07,GA/2024-25/00422,FY2024-25,10,ACC-131,Jai Yadav Traders,Shamli,SM01,Rakesh Kumar,MSG-200-75,Madhusudan Ghee 200 ml,200 ml,1,15,8960,8960
2024-10-08,GA/2024-25/00423,FY2024-25,10,ACC-001,Om Dubey Super Market,Muzaffarnagar,SM01,Rakesh Kumar,MSG-200-75,Madhusudan Ghee 200 ml,200 ml,3,45,8960,26880
2024-10-08,GA/2024-25/00424,FY2024-25,10,ACC-020,Krishna Bhardwaj Trading Co.,Khatauli,SM02,Sunil Tyagi,MSG-500-30,Madhusudan Ghee 500 ml,500 ml,1,15,8800,8800
2024-10-08,GA/2024-25/00425,FY2024-25,10,ACC-054,Jai Goyal General Store,Miranpur,SM04,Pankaj Verma,MSG-1L-15,Madhusudan Ghee 1 L,1 L,1,15,8640,8640
2024-10-08,GA/2024-25/00425,FY2024-25,10,ACC-054,Jai Goyal General Store,Miranpur,SM04,Pankaj Verma,MSG-200-75,Madhusudan Ghee 200 ml,200 ml,1,15,8960,8960
2024-10-10,GA/2024-25/00426,FY2024-25,10,ACC-007,Om Pandey Distributors,Purqazi,SM04,Pankaj Verma,MSG-1L-15,Madhusudan Ghee 1 L,1 L,2,30,8640,17280
2024-10-10,GA/2024-25/00427,FY2024-25,10,ACC-036,Shree Saini Enterprises,Budhana,SM02,Sunil Tyagi,MSG-500-30,Madhusudan Ghee 500 ml,500 ml,1,15,8800,8800
2024-10-10,GA/2024-25/00428,FY2024-25,10,ACC-116,Shree Singla & Company,Miranpur,SM04,Pankaj Verma,MSG-500-30,Madhusudan Ghee 500 ml,500 ml,1,15,8800,8800
2024-10-10,GA/2024-25/00429,FY2024-25,10,ACC-118,Laxmi Rana & Sons,Budhana,SM02,Sunil Tyagi,MSG-1L-15,Madhusudan Ghee 1 L,1 L,1,15,8640,8640
2024-10-11,GA/2024-25/00430,FY2024-25,10,ACC-005,Malhotra Dairy,Kairana,SM05,Deepak Rana,MSG-1L-15,Madhusudan Ghee 1 L,1 L,2,30,8640,17280
2024-10-11,GA/2024-25/00431,FY2024-25,10,ACC-013,Krishna Sachdeva Enterprises,Khatauli,SM02,Sunil Tyagi,MSG-1L-15,Madhusudan Ghee 1 L,1 L,1,15,8640,8640
2024-10-11,GA/2024-25/00431,FY2024-25,10,ACC-013,Krishna Sachdeva Enterprises,Khatauli,SM02,Sunil Tyagi,MSG-500-30,Madhusudan Ghee 500 ml,500 ml,1,15,8800,8800
2024-10-11,GA/2024-25/00432,FY2024-25,10,ACC-107,Ganesh Sachdeva Provisions,Charthawal,SM03,Amit Saini,MSG-1L-15,Madhusudan Ghee 1 L,1 L,2,30,8640,17280
2024-10-12,GA/2024-25/00433,FY2024-25,10,ACC-022,Tandon & Company,Kairana,SM05,Deepak Rana,MSG-200-75,Madhusudan Ghee 200 ml,200 ml,1,15,8960,8960
2024-10-12,GA/2024-25/00434,FY2024-25,10,ACC-026,Krishna Goel Marketing,Shamli,SM01,Rakesh Kumar,MSG-1L-15,Madhusudan Ghee 1 L,1 L,1,15,8640,8640
2024-10-12,GA/2024-25/00435,FY2024-25,10,ACC-061,Jai Srivastava General Store,Muzaffarnagar,SM01,Rakesh Kumar,MSG-200-75,Madhusudan Ghee 200 ml,200 ml,1,15,8960,8960
2024-10-14,GA/2024-25/00436,FY2024-25,10,ACC-008,Shree Maheshwari Enterprises,Shamli,SM01,Rakesh Kumar,MSG-200-75,Madhusudan Ghee 200 ml,200 ml,2,30,8960,17920
2024-10-14,GA/2024-25/00437,FY2024-25,10,ACC-019,Mishra Agencies,Muzaffarnagar,SM01,Rakesh Kumar,MSG-1L-15,Madhusudan Ghee 1 L,1 L,1,15,8640,8640
2024-10-14,GA/2024-25/00438,FY2024-25,10,ACC-037,Maa Yadav Stores,Charthawal,SM03,Amit Saini,MSG-200-75,Madhusudan Ghee 200 ml,200 ml,1,15,8960,8960
2024-10-14,GA/2024-25/00438,FY2024-25,10,ACC-037,Maa Yadav Stores,Charthawal,SM03,Amit Saini,MSG-500-30,Madhusudan Ghee 500 ml,500 ml,1,15,8800,8800
2024-10-14,GA/2024-25/00439,FY2024-25,10,ACC-066,Dhingra Marketing,Muzaffarnagar,SM01,Rakesh Kumar,MSG-1L-15,Madhusudan Ghee 1 L,1 L,1,15,8640,8640
2024-10-14,GA/2024-25/00440,FY2024-25,10,ACC-083,Maa Goel & Sons,Miranpur,SM04,Pankaj Verma,MSG-200-75,Madhusudan Ghee 200 ml,200 ml,1,15,8960,8960
2024-10-14,GA/2024-25/00441,FY2024-25,10,ACC-096,Maheshwari Stores,Deoband,SM05,Deepak Rana,MSG-500-30,Madhusudan Ghee 500 ml,500 ml,1,15,8800,8800
2024-10-14,GA/2024-25/00442,FY2024-25,10,ACC-106,Shree Ahuja & Company,Khatauli,SM02,Sunil Tyagi,MSG-500-30,Madhusudan Ghee 500 ml,500 ml,1,15,8800,8800
2024-10-14,GA/2024-25/00443,FY2024-25,10,ACC-136,Shree Khandelwal Distributors,Jansath,SM03,Amit Saini,MSG-1L-15,Madhusudan Ghee 1 L,1 L,1,15,8640,8640
2024-10-15,GA/2024-25/00444,FY2024-25,10,ACC-023,Agarwal Distributors,Jansath,SM03,Amit Saini,MSG-1L-15,Madhusudan Ghee 1 L,1 L,2,30,8640,17280
2024-10-15,GA/2024-25/00445,FY2024-25,10,ACC-062,Dubey General Store,Khatauli,SM02,Sunil Tyagi,MSG-200-75,Madhusudan Ghee 200 ml,200 ml,2,30,8960,17920
2024-10-16,GA/2024-25/00446,FY2024-25,10,ACC-014,Maa Chopra Kirana Store,Khatauli,SM02,Sunil Tyagi,MSG-200-75,Madhusudan Ghee 200 ml,200 ml,2,30,8960,17920
2024-10-16,GA/2024-25/00447,FY2024-25,10,ACC-027,Shree Gupta & Sons,Miranpur,SM04,Pankaj Verma,MSG-200-75,Madhusudan Ghee 200 ml,200 ml,1,15,8960,8960
2024-10-16,GA/2024-25/00448,FY2024-25,10,ACC-141,Shri Wadhwa Sales Corporation,Muzaffarnagar,SM01,Rakesh Kumar,MSG-500-30,Madhusudan Ghee 500 ml,500 ml,1,15,8800,8800
2024-10-16,GA/2024-25/00449,FY2024-25,10,ACC-145,Nagpal Kirana Store,Budhana,SM02,Sunil Tyagi,MSG-500-30,Madhusudan Ghee 500 ml,500 ml,1,15,8800,8800
2024-10-17,GA/2024-25/00450,FY2024-25,10,ACC-053,Tandon Trading Co.,Charthawal,SM03,Amit Saini,MSG-500-30,Madhusudan Ghee 500 ml,500 ml,1,15,8800,8800
2024-10-17,GA/2024-25/00451,FY2024-25,10,ACC-139,Goel Trading Co.,Muzaffarnagar,SM01,Rakesh Kumar,MSG-1L-15,Madhusudan Ghee 1 L,1 L,1,15,8640,8640
2024-10-18,GA/2024-25/00452,FY2024-25,10,ACC-057,Balaji Bhatia Enterprises,Deoband,SM05,Deepak Rana,MSG-1L-15,Madhusudan Ghee 1 L,1 L,1,15,8640,8640
2024-10-21,GA/2024-25/00453,FY2024-25,10,ACC-047,Khurana Distributors,Jansath,SM03,Amit Saini,MSG-1L-15,Madhusudan Ghee 1 L,1 L,1,15,8640,8640
2024-10-21,GA/2024-25/00454,FY2024-25,10,ACC-048,Maa Sharma Marketing,Budhana,SM02,Sunil Tyagi,MSG-1L-15,Madhusudan Ghee 1 L,1 L,1,15,8640,8640
2024-10-21,GA/2024-25/00455,FY2024-25,10,ACC-084,Ganesh Saxena Distributors,Budhana,SM02,Sunil Tyagi,MSG-1L-15,Madhusudan Ghee 1 L,1 L,1,15,8640,8640
2024-10-21,GA/2024-25/00456,FY2024-25,10,ACC-087,Khurana & Sons,Khatauli,SM02,Sunil Tyagi,MSG-200-75,Madhusudan Ghee 200 ml,200 ml,1,15,8960,8960
2024-10-21,GA/2024-25/00457,FY2024-25,10,ACC-090,Malik Stores,Miranpur,SM04,Pankaj Verma,MSG-1L-15,Madhusudan Ghee 1 L,1 L,1,15,8640,8640
2024-10-21,GA/2024-25/00458,FY2024-25,10,ACC-095,Maa Gupta Provisions,Charthawal,SM03,Amit Saini,MSG-500-30,Madhusudan Ghee 500 ml,500 ml,1,15,8800,8800
2024-10-21,GA/2024-25/00459,FY2024-25,10,ACC-104,Bajaj Agencies,Budhana,SM02,Sunil Tyagi,MSG-500-30,Madhusudan Ghee 500 ml,500 ml,1,15,8800,8800
2024-10-21,GA/2024-25/00460,FY2024-25,10,ACC-113,Singla Enterprises,Khatauli,SM02,Sunil Tyagi,MSG-1L-15,Madhusudan Ghee 1 L,1 L,1,15,8640,8640
2024-10-21,GA/2024-25/00461,FY2024-25,10,ACC-115,Sethi Super Market,Budhana,SM02,Sunil Tyagi,MSG-1L-15,Madhusudan Ghee 1 L,1 L,1,15,8640,8640
2024-10-21,GA/2024-25/00462,FY2024-25,10,ACC-124,Shree Garg Trading Co.,Muzaffarnagar,SM01,Rakesh Kumar,MSG-500-30,Madhusudan Ghee 500 ml,500 ml,1,15,8800,8800
2024-10-23,GA/2024-25/00463,FY2024-25,10,ACC-024,Maa Baliyan Super Market,Muzaffarnagar,SM01,Rakesh Kumar,MSG-200-75,Madhusudan Ghee 200 ml,200 ml,1,15,8960,8960
2024-10-23,GA/2024-25/00464,FY2024-25,10,ACC-041,Chopra Traders,Purqazi,SM04,Pankaj Verma,MSG-500-30,Madhusudan Ghee 500 ml,500 ml,1,15,8800,8800
2024-10-23,GA/2024-25/00465,FY2024-25,10,ACC-072,Verma Agencies,Khatauli,SM02,Sunil Tyagi,MSG-1L-15,Madhusudan Ghee 1 L,1 L,2,30,8640,17280
2024-10-25,GA/2024-25/00466,FY2024-25,10,ACC-039,New Chopra Dairy,Deoband,SM05,Deepak Rana,MSG-1L-15,Madhusudan Ghee 1 L,1 L,2,30,8640,17280
2024-10-25,GA/2024-25/00467,FY2024-25,10,ACC-045,Jai Yadav Sales Corporation,Miranpur,SM04,Pankaj Verma,MSG-200-75,Madhusudan Ghee 200 ml,200 ml,1,15,8960,8960
2024-10-25,GA/2024-25/00467,FY2024-25,10,ACC-045,Jai Yadav Sales Corporation,Miranpur,SM04,Pankaj Verma,MSG-500-30,Madhusudan Ghee 500 ml,500 ml,1,15,8800,8800
2024-10-25,GA/2024-25/00468,FY2024-25,10,ACC-055,Shree Pandey Stores,Charthawal,SM03,Amit Saini,MSG-1L-15,Madhusudan Ghee 1 L,1 L,1,15,8640,8640
2024-10-25,GA/2024-25/00468,FY2024-25,10,ACC-055,Shree Pandey Stores,Charthawal,SM03,Amit Saini,MSG-200-75,Madhusudan Ghee 200 ml,200 ml,1,15,8960,8960
2024-10-25,GA/2024-25/00469,FY2024-25,10,ACC-067,Gupta Trading Co.,Khatauli,SM02,Sunil Tyagi,MSG-200-75,Madhusudan Ghee 200 ml,200 ml,1,15,8960,8960
2024-10-25,GA/2024-25/00469,FY2024-25,10,ACC-067,Gupta Trading Co.,Khatauli,SM02,Sunil Tyagi,MSG-500-30,Madhusudan Ghee 500 ml,500 ml,1,15,8800,8800
2024-10-25,GA/2024-25/00470,FY2024-25,10,ACC-103,Wadhwa Enterprises,Budhana,SM02,Sunil Tyagi,MSG-1L-15,Madhusudan Ghee 1 L,1 L,1,15,8640,8640
2024-10-25,GA/2024-25/00471,FY2024-25,10,ACC-135,Agarwal Traders,Khatauli,SM02,Sunil Tyagi,MSG-500-30,Madhusudan Ghee 500 ml,500 ml,1,15,8800,8800
2024-10-25,GA/2024-25/00472,FY2024-25,10,ACC-142,Om Srivastava & Company,Kairana,SM05,Deepak Rana,MSG-500-30,Madhusudan Ghee 500 ml,500 ml,1,15,8800,8800
2024-10-26,GA/2024-25/00473,FY2024-25,10,ACC-001,Om Dubey Super Market,Muzaffarnagar,SM01,Rakesh Kumar,MSG-200-75,Madhusudan Ghee 200 ml,200 ml,2,30,8960,17920
2024-10-26,GA/2024-25/00474,FY2024-25,10,ACC-009,Krishna Srivastava Agencies,Kairana,SM05,Deepak Rana,MSG-200-75,Madhusudan Ghee 200 ml,200 ml,3,45,8960,26880
2024-10-26,GA/2024-25/00475,FY2024-25,10,ACC-031,Laxmi Sirohi Super Market,Charthawal,SM03,Amit Saini,MSG-200-75,Madhusudan Ghee 200 ml,200 ml,2,30,8960,17920
2024-10-26,GA/2024-25/00476,FY2024-25,10,ACC-046,New Kapoor Traders,Kairana,SM05,Deepak Rana,MSG-500-30,Madhusudan Ghee 500 ml,500 ml,1,15,8800,8800
2024-10-26,GA/2024-25/00477,FY2024-25,10,ACC-069,Balaji Kapoor General Store,Budhana,SM02,Sunil Tyagi,MSG-500-30,Madhusudan Ghee 500 ml,500 ml,1,15,8800,8800
2024-10-26,GA/2024-25/00478,FY2024-25,10,ACC-081,Jai Kapoor Super Market,Charthawal,SM03,Amit Saini,MSG-500-30,Madhusudan Ghee 500 ml,500 ml,1,15,8800,8800
2024-10-26,GA/2024-25/00479,FY2024-25,10,ACC-129,Maheshwari & Sons,Miranpur,SM04,Pankaj Verma,MSG-1L-15,Madhusudan Ghee 1 L,1 L,1,15,8640,8640
2024-10-26,GA/2024-25/00479,FY2024-25,10,ACC-129,Maheshwari & Sons,Miranpur,SM04,Pankaj Verma,MSG-500-30,Madhusudan Ghee 500 ml,500 ml,1,15,8800,8800
2024-10-26,GA/2024-25/00480,FY2024-25,10,ACC-144,Shree Ahuja Provisions,Shamli,SM01,Rakesh Kumar,MSG-200-75,Madhusudan Ghee 200 ml,200 ml,1,15,8960,8960
2024-10-28,GA/2024-25/00481,FY2024-25,10,ACC-004,Jai Solanki Traders,Deoband,SM05,Deepak Rana,MSG-1L-15,Madhusudan Ghee 1 L,1 L,3,45,8640,25920
2024-10-28,GA/2024-25/00482,FY2024-25,10,ACC-025,Om Chaudhary Agencies,Budhana,SM02,Sunil Tyagi,MSG-200-75,Madhusudan Ghee 200 ml,200 ml,2,30,8960,17920
2024-10-28,GA/2024-25/00483,FY2024-25,10,ACC-050,Jai Sachdeva & Company,Budhana,SM02,Sunil Tyagi,MSG-1L-15,Madhusudan Ghee 1 L,1 L,1,15,8640,8640
2024-10-28,GA/2024-25/00484,FY2024-25,10,ACC-052,Krishna Srivastava & Company,Shamli,SM01,Rakesh Kumar,MSG-200-75,Madhusudan Ghee 200 ml,200 ml,1,15,8960,8960
2024-10-28,GA/2024-25/00485,FY2024-25,10,ACC-117,Shri Khandelwal Sales Corporation,Deoband,SM05,Deepak Rana,MSG-200-75,Madhusudan Ghee 200 ml,200 ml,1,15,8960,8960
2024-10-28,GA/2024-25/00486,FY2024-25,10,ACC-137,Jai Solanki Marketing,Charthawal,SM03,Amit Saini,MSG-200-75,Madhusudan Ghee 200 ml,200 ml,1,15,8960,8960
2024-10-29,GA/2024-25/00487,FY2024-25,10,ACC-029,Balaji Rana Agencies,Khatauli,SM02,Sunil Tyagi,MSG-1L-15,Madhusudan Ghee 1 L,1 L,1,15,8640,8640
2024-10-29,GA/2024-25/00488,FY2024-25,10,ACC-082,Shree Kaushik Enterprises,Charthawal,SM03,Amit Saini,MSG-1L-15,Madhusudan Ghee 1 L,1 L,2,30,8640,17280
2024-10-29,GA/2024-25/00489,FY2024-25,10,ACC-098,Balaji Rana Distributors,Shamli,SM01,Rakesh Kumar,MSG-200-75,Madhusudan Ghee 200 ml,200 ml,1,15,8960,8960
2024-10-30,GA/2024-25/00490,FY2024-25,10,ACC-043,Shree Jain Dairy,Miranpur,SM04,Pankaj Verma,MSG-500-30,Madhusudan Ghee 500 ml,500 ml,1,15,8800,8800
2024-10-30,GA/2024-25/00491,FY2024-25,10,ACC-044,Mittal Marketing,Khatauli,SM02,Sunil Tyagi,MSG-1L-15,Madhusudan Ghee 1 L,1 L,1,15,8640,8640
2024-10-31,GA/2024-25/00492,FY2024-25,10,ACC-003,Krishna Khurana Provisions,Budhana,SM02,Sunil Tyagi,MSG-200-75,Madhusudan Ghee 200 ml,200 ml,2,30,8960,17920
2024-10-31,GA/2024-25/00493,FY2024-25,10,ACC-049,Goyal General Store,Muzaffarnagar,SM01,Rakesh Kumar,MSG-1L-15,Madhusudan Ghee 1 L,1 L,1,15,8640,8640
2024-10-31,GA/2024-25/00494,FY2024-25,10,ACC-097,New Mishra Distributors,Deoband,SM05,Deepak Rana,MSG-1L-15,Madhusudan Ghee 1 L,1 L,1,15,8640,8640
2024-10-31,GA/2024-25/00495,FY2024-25,10,ACC-120,Ganesh Kansal Provisions,Muzaffarnagar,SM01,Rakesh Kumar,MSG-200-75,Madhusudan Ghee 200 ml,200 ml,1,15,8960,8960
2024-11-01,GA/2024-25/00496,FY2024-25,11,ACC-050,Jai Sachdeva & Company,Budhana,SM02,Sunil Tyagi,MSG-500-30,Madhusudan Ghee 500 ml,500 ml,1,15,8835,8835
2024-11-01,GA/2024-25/00497,FY2024-25,11,ACC-061,Jai Srivastava General Store,Muzaffarnagar,SM01,Rakesh Kumar,MSG-1L-15,Madhusudan Ghee 1 L,1 L,1,15,8670,8670
2024-11-01,GA/2024-25/00498,FY2024-25,11,ACC-074,Jai Bajaj Stores,Khatauli,SM02,Sunil Tyagi,MSG-200-75,Madhusudan Ghee 200 ml,200 ml,1,15,8995,8995
2024-11-02,GA/2024-25/00499,FY2024-25,11,ACC-015,Wadhwa Super Market,Muzaffarnagar,SM01,Rakesh Kumar,MSG-200-75,Madhusudan Ghee 200 ml,200 ml,1,15,8995,8995
2024-11-02,GA/2024-25/00500,FY2024-25,11,ACC-016,Ganesh Bhardwaj Trading Co.,Budhana,SM02,Sunil Tyagi,MSG-1L-15,Madhusudan Ghee 1 L,1 L,1,15,8670,8670
2024-11-02,GA/2024-25/00500,FY2024-25,11,ACC-016,Ganesh Bhardwaj Trading Co.,Budhana,SM02,Sunil Tyagi,MSG-200-75,Madhusudan Ghee 200 ml,200 ml,1,15,8995,8995
2024-11-02,GA/2024-25/00501,FY2024-25,11,ACC-082,Shree Kaushik Enterprises,Charthawal,SM03,Amit Saini,MSG-200-75,Madhusudan Ghee 200 ml,200 ml,1,15,8995,8995
2024-11-02,GA/2024-25/00502,FY2024-25,11,ACC-095,Maa Gupta Provisions,Charthawal,SM03,Amit Saini,MSG-500-30,Madhusudan Ghee 500 ml,500 ml,1,15,8835,8835
2024-11-02,GA/2024-25/00503,FY2024-25,11,ACC-134,Jai Wadhwa Sales Corporation,Kairana,SM05,Deepak Rana,MSG-500-30,Madhusudan Ghee 500 ml,500 ml,1,15,8835,8835
2024-11-04,GA/2024-25/00504,FY2024-25,11,ACC-024,Maa Baliyan Super Market,Muzaffarnagar,SM01,Rakesh Kumar,MSG-1L-15,Madhusudan Ghee 1 L,1 L,1,15,8670,8670
2024-11-04,GA/2024-25/00505,FY2024-25,11,ACC-026,Krishna Goel Marketing,Shamli,SM01,Rakesh Kumar,MSG-200-75,Madhusudan Ghee 200 ml,200 ml,1,15,8995,8995
2024-11-04,GA/2024-25/00506,FY2024-25,11,ACC-027,Shree Gupta & Sons,Miranpur,SM04,Pankaj Verma,MSG-1L-15,Madhusudan Ghee 1 L,1 L,1,15,8670,8670
2024-11-04,GA/2024-25/00507,FY2024-25,11,ACC-063,Ganesh Kapoor Trading Co.,Charthawal,SM03,Amit Saini,MSG-1L-15,Madhusudan Ghee 1 L,1 L,2,30,8670,17340
2024-11-06,GA/2024-25/00508,FY2024-25,11,ACC-039,New Chopra Dairy,Deoband,SM05,Deepak Rana,MSG-500-30,Madhusudan Ghee 500 ml,500 ml,1,15,8835,8835
2024-11-06,GA/2024-25/00509,FY2024-25,11,ACC-043,Shree Jain Dairy,Miranpur,SM04,Pankaj Verma,MSG-1L-15,Madhusudan Ghee 1 L,1 L,1,15,8670,8670
2024-11-06,GA/2024-25/00510,FY2024-25,11,ACC-057,Balaji Bhatia Enterprises,Deoband,SM05,Deepak Rana,MSG-200-75,Madhusudan Ghee 200 ml,200 ml,1,15,8995,8995
2024-11-06,GA/2024-25/00511,FY2024-25,11,ACC-118,Laxmi Rana & Sons,Budhana,SM02,Sunil Tyagi,MSG-500-30,Madhusudan Ghee 500 ml,500 ml,1,15,8835,8835
2024-11-06,GA/2024-25/00512,FY2024-25,11,ACC-135,Agarwal Traders,Khatauli,SM02,Sunil Tyagi,MSG-500-30,Madhusudan Ghee 500 ml,500 ml,2,30,8835,17670
2024-11-06,GA/2024-25/00513,FY2024-25,11,ACC-142,Om Srivastava & Company,Kairana,SM05,Deepak Rana,MSG-1L-15,Madhusudan Ghee 1 L,1 L,1,15,8670,8670
2024-11-07,GA/2024-25/00514,FY2024-25,11,ACC-012,Bhardwaj Dairy,Charthawal,SM03,Amit Saini,MSG-1L-15,Madhusudan Ghee 1 L,1 L,2,30,8670,17340
2024-11-07,GA/2024-25/00515,FY2024-25,11,ACC-025,Om Chaudhary Agencies,Budhana,SM02,Sunil Tyagi,MSG-1L-15,Madhusudan Ghee 1 L,1 L,1,15,8670,8670
2024-11-07,GA/2024-25/00516,FY2024-25,11,ACC-097,New Mishra Distributors,Deoband,SM05,Deepak Rana,MSG-1L-15,Madhusudan Ghee 1 L,1 L,1,15,8670,8670
2024-11-07,GA/2024-25/00517,FY2024-25,11,ACC-102,Shree Solanki Distributors,Kairana,SM05,Deepak Rana,MSG-500-30,Madhusudan Ghee 500 ml,500 ml,1,15,8835,8835
2024-11-07,GA/2024-25/00518,FY2024-25,11,ACC-112,Om Goyal Kirana Store,Muzaffarnagar,SM01,Rakesh Kumar,MSG-500-30,Madhusudan Ghee 500 ml,500 ml,1,15,8835,8835
2024-11-07,GA/2024-25/00519,FY2024-25,11,ACC-139,Goel Trading Co.,Muzaffarnagar,SM01,Rakesh Kumar,MSG-200-75,Madhusudan Ghee 200 ml,200 ml,1,15,8995,8995
2024-11-08,GA/2024-25/00520,FY2024-25,11,ACC-007,Om Pandey Distributors,Purqazi,SM04,Pankaj Verma,MSG-1L-15,Madhusudan Ghee 1 L,1 L,3,45,8670,26010
2024-11-08,GA/2024-25/00520,FY2024-25,11,ACC-007,Om Pandey Distributors,Purqazi,SM04,Pankaj Verma,MSG-500-30,Madhusudan Ghee 500 ml,500 ml,1,15,8835,8835
2024-11-08,GA/2024-25/00521,FY2024-25,11,ACC-055,Shree Pandey Stores,Charthawal,SM03,Amit Saini,MSG-500-30,Madhusudan Ghee 500 ml,500 ml,2,30,8835,17670
2024-11-08,GA/2024-25/00522,FY2024-25,11,ACC-068,Ganesh Saxena General Store,Shamli,SM01,Rakesh Kumar,MSG-1L-15,Madhusudan Ghee 1 L,1 L,1,15,8670,8670
2024-11-09,GA/2024-25/00523,FY2024-25,11,ACC-003,Krishna Khurana Provisions,Budhana,SM02,Sunil Tyagi,MSG-200-75,Madhusudan Ghee 200 ml,200 ml,1,15,8995,8995
2024-11-09,GA/2024-25/00524,FY2024-25,11,ACC-017,Maa Malik Enterprises,Kairana,SM05,Deepak Rana,MSG-1L-15,Madhusudan Ghee 1 L,1 L,1,15,8670,8670
2024-11-09,GA/2024-25/00525,FY2024-25,11,ACC-019,Mishra Agencies,Muzaffarnagar,SM01,Rakesh Kumar,MSG-200-75,Madhusudan Ghee 200 ml,200 ml,1,15,8995,8995
2024-11-09,GA/2024-25/00525,FY2024-25,11,ACC-019,Mishra Agencies,Muzaffarnagar,SM01,Rakesh Kumar,MSG-500-30,Madhusudan Ghee 500 ml,500 ml,1,15,8835,8835
2024-11-09,GA/2024-25/00526,FY2024-25,11,ACC-041,Chopra Traders,Purqazi,SM04,Pankaj Verma,MSG-1L-15,Madhusudan Ghee 1 L,1 L,1,15,8670,8670
2024-11-09,GA/2024-25/00527,FY2024-25,11,ACC-127,Ganesh Mishra Marketing,Charthawal,SM03,Amit Saini,MSG-1L-15,Madhusudan Ghee 1 L,1 L,1,15,8670,8670
2024-11-11,GA/2024-25/00528,FY2024-25,11,ACC-020,Krishna Bhardwaj Trading Co.,Khatauli,SM02,Sunil Tyagi,MSG-1L-15,Madhusudan Ghee 1 L,1 L,1,15,8670,8670
2024-11-11,GA/2024-25/00529,FY2024-25,11,ACC-071,New Kansal & Sons,Muzaffarnagar,SM01,Rakesh Kumar,MSG-1L-15,Madhusudan Ghee 1 L,1 L,1,15,8670,8670
2024-11-12,GA/2024-25/00530,FY2024-25,11,ACC-002,New Dubey Marketing,Kairana,SM05,Deepak Rana,MSG-200-75,Madhusudan Ghee 200 ml,200 ml,1,15,8995,8995
2024-11-12,GA/2024-25/00531,FY2024-25,11,ACC-033,Balaji Singhal Stores,Deoband,SM05,Deepak Rana,MSG-1L-15,Madhusudan Ghee 1 L,1 L,1,15,8670,8670
2024-11-12,GA/2024-25/00532,FY2024-25,11,ACC-138,Ganesh Gupta Trading Co.,Muzaffarnagar,SM01,Rakesh Kumar,MSG-500-30,Madhusudan Ghee 500 ml,500 ml,1,15,8835,8835
2024-11-13,GA/2024-25/00533,FY2024-25,11,ACC-120,Ganesh Kansal Provisions,Muzaffarnagar,SM01,Rakesh Kumar,MSG-200-75,Madhusudan Ghee 200 ml,200 ml,1,15,8995,8995
2024-11-14,GA/2024-25/00534,FY2024-25,11,ACC-028,Srivastava Distributors,Jansath,SM03,Amit Saini,MSG-200-75,Madhusudan Ghee 200 ml,200 ml,1,15,8995,8995
2024-11-15,GA/2024-25/00535,FY2024-25,11,ACC-048,Maa Sharma Marketing,Budhana,SM02,Sunil Tyagi,MSG-500-30,Madhusudan Ghee 500 ml,500 ml,1,15,8835,8835
2024-11-15,GA/2024-25/00536,FY2024-25,11,ACC-062,Dubey General Store,Khatauli,SM02,Sunil Tyagi,MSG-1L-15,Madhusudan Ghee 1 L,1 L,1,15,8670,8670
2024-11-15,GA/2024-25/00537,FY2024-25,11,ACC-092,Bhardwaj Distributors,Purqazi,SM04,Pankaj Verma,MSG-500-30,Madhusudan Ghee 500 ml,500 ml,1,15,8835,8835
2024-11-15,GA/2024-25/00538,FY2024-25,11,ACC-124,Shree Garg Trading Co.,Muzaffarnagar,SM01,Rakesh Kumar,MSG-500-30,Madhusudan Ghee 500 ml,500 ml,1,15,8835,8835
2024-11-16,GA/2024-25/00539,FY2024-25,11,ACC-002,New Dubey Marketing,Kairana,SM05,Deepak Rana,MSG-1L-15,Madhusudan Ghee 1 L,1 L,2,30,8670,17340
2024-11-16,GA/2024-25/00540,FY2024-25,11,ACC-032,Goyal Super Market,Deoband,SM05,Deepak Rana,MSG-200-75,Madhusudan Ghee 200 ml,200 ml,1,15,8995,8995
2024-11-16,GA/2024-25/00541,FY2024-25,11,ACC-040,New Mishra Trading Co.,Shamli,SM01,Rakesh Kumar,MSG-1L-15,Madhusudan Ghee 1 L,1 L,1,15,8670,8670
2024-11-16,GA/2024-25/00542,FY2024-25,11,ACC-077,Balaji Tiwari Marketing,Shamli,SM01,Rakesh Kumar,MSG-1L-15,Madhusudan Ghee 1 L,1 L,1,15,8670,8670
2024-11-16,GA/2024-25/00542,FY2024-25,11,ACC-077,Balaji Tiwari Marketing,Shamli,SM01,Rakesh Kumar,MSG-500-30,Madhusudan Ghee 500 ml,500 ml,2,30,8835,17670
2024-11-16,GA/2024-25/00543,FY2024-25,11,ACC-115,Sethi Super Market,Budhana,SM02,Sunil Tyagi,MSG-1L-15,Madhusudan Ghee 1 L,1 L,1,15,8670,8670
2024-11-18,GA/2024-25/00544,FY2024-25,11,ACC-018,Krishna Sharma Enterprises,Kairana,SM05,Deepak Rana,MSG-1L-15,Madhusudan Ghee 1 L,1 L,2,30,8670,17340
2024-11-18,GA/2024-25/00545,FY2024-25,11,ACC-036,Shree Saini Enterprises,Budhana,SM02,Sunil Tyagi,MSG-1L-15,Madhusudan Ghee 1 L,1 L,1,15,8670,8670
2024-11-18,GA/2024-25/00546,FY2024-25,11,ACC-072,Verma Agencies,Khatauli,SM02,Sunil Tyagi,MSG-1L-15,Madhusudan Ghee 1 L,1 L,1,15,8670,8670
2024-11-19,GA/2024-25/00547,FY2024-25,11,ACC-078,Krishna Singhal & Company,Shamli,SM01,Rakesh Kumar,MSG-500-30,Madhusudan Ghee 500 ml,500 ml,1,15,8835,8835
2024-11-19,GA/2024-25/00548,FY2024-25,11,ACC-131,Jai Yadav Traders,Shamli,SM01,Rakesh Kumar,MSG-500-30,Madhusudan Ghee 500 ml,500 ml,1,15,8835,8835
2024-11-20,GA/2024-25/00549,FY2024-25,11,ACC-096,Maheshwari Stores,Deoband,SM05,Deepak Rana,MSG-1L-15,Madhusudan Ghee 1 L,1 L,1,15,8670,8670
2024-11-20,GA/2024-25/00550,FY2024-25,11,ACC-136,Shree Khandelwal Distributors,Jansath,SM03,Amit Saini,MSG-200-75,Madhusudan Ghee 200 ml,200 ml,1,15,8995,8995
2024-11-21,GA/2024-25/00551,FY2024-25,11,ACC-008,Shree Maheshwari Enterprises,Shamli,SM01,Rakesh Kumar,MSG-1L-15,Madhusudan Ghee 1 L,1 L,1,15,8670,8670
2024-11-21,GA/2024-25/00551,FY2024-25,11,ACC-008,Shree Maheshwari Enterprises,Shamli,SM01,Rakesh Kumar,MSG-500-30,Madhusudan Ghee 500 ml,500 ml,2,30,8835,17670
2024-11-21,GA/2024-25/00552,FY2024-25,11,ACC-029,Balaji Rana Agencies,Khatauli,SM02,Sunil Tyagi,MSG-500-30,Madhusudan Ghee 500 ml,500 ml,1,15,8835,8835
2024-11-21,GA/2024-25/00553,FY2024-25,11,ACC-066,Dhingra Marketing,Muzaffarnagar,SM01,Rakesh Kumar,MSG-1L-15,Madhusudan Ghee 1 L,1 L,1,15,8670,8670
2024-11-22,GA/2024-25/00554,FY2024-25,11,ACC-006,Ganesh Jindal Dairy,Kairana,SM05,Deepak Rana,MSG-500-30,Madhusudan Ghee 500 ml,500 ml,2,30,8835,17670
2024-11-22,GA/2024-25/00555,FY2024-25,11,ACC-037,Maa Yadav Stores,Charthawal,SM03,Amit Saini,MSG-500-30,Madhusudan Ghee 500 ml,500 ml,1,15,8835,8835
2024-11-22,GA/2024-25/00556,FY2024-25,11,ACC-042,Maa Sachdeva Agencies,Charthawal,SM03,Amit Saini,MSG-1L-15,Madhusudan Ghee 1 L,1 L,1,15,8670,8670
2024-11-22,GA/2024-25/00557,FY2024-25,11,ACC-104,Bajaj Agencies,Budhana,SM02,Sunil Tyagi,MSG-1L-15,Madhusudan Ghee 1 L,1 L,1,15,8670,8670
2024-11-23,GA/2024-25/00558,FY2024-25,11,ACC-022,Tandon & Company,Kairana,SM05,Deepak Rana,MSG-200-75,Madhusudan Ghee 200 ml,200 ml,3,45,8995,26985
2024-11-23,GA/2024-25/00559,FY2024-25,11,ACC-052,Krishna Srivastava & Company,Shamli,SM01,Rakesh Kumar,MSG-1L-15,Madhusudan Ghee 1 L,1 L,1,15,8670,8670
2024-11-25,GA/2024-25/00560,FY2024-25,11,ACC-009,Krishna Srivastava Agencies,Kairana,SM05,Deepak Rana,MSG-500-30,Madhusudan Ghee 500 ml,500 ml,2,30,8835,17670
2024-11-25,GA/2024-25/00561,FY2024-25,11,ACC-010,Shree Mishra Provisions,Muzaffarnagar,SM01,Rakesh Kumar,MSG-200-75,Madhusudan Ghee 200 ml,200 ml,3,45,8995,26985
2024-11-25,GA/2024-25/00562,FY2024-25,11,ACC-056,Bajaj Provisions,Deoband,SM05,Deepak Rana,MSG-200-75,Madhusudan Ghee 200 ml,200 ml,1,15,8995,8995
2024-11-25,GA/2024-25/00563,FY2024-25,11,ACC-089,Jai Sharma Provisions,Purqazi,SM04,Pankaj Verma,MSG-1L-15,Madhusudan Ghee 1 L,1 L,1,15,8670,8670
2024-11-25,GA/2024-25/00564,FY2024-25,11,ACC-093,Maa Malik & Company,Charthawal,SM03,Amit Saini,MSG-1L-15,Madhusudan Ghee 1 L,1 L,1,15,8670,8670
2024-11-26,GA/2024-25/00565,FY2024-25,11,ACC-005,Malhotra Dairy,Kairana,SM05,Deepak Rana,MSG-1L-15,Madhusudan Ghee 1 L,1 L,2,30,8670,17340
2024-11-26,GA/2024-25/00565,FY2024-25,11,ACC-005,Malhotra Dairy,Kairana,SM05,Deepak Rana,MSG-500-30,Madhusudan Ghee 500 ml,500 ml,3,45,8835,26505
2024-11-26,GA/2024-25/00566,FY2024-25,11,ACC-031,Laxmi Sirohi Super Market,Charthawal,SM03,Amit Saini,MSG-500-30,Madhusudan Ghee 500 ml,500 ml,2,30,8835,17670
2024-11-26,GA/2024-25/00567,FY2024-25,11,ACC-045,Jai Yadav Sales Corporation,Miranpur,SM04,Pankaj Verma,MSG-200-75,Madhusudan Ghee 200 ml,200 ml,1,15,8995,8995
2024-11-26,GA/2024-25/00568,FY2024-25,11,ACC-109,Laxmi Goel Traders,Purqazi,SM04,Pankaj Verma,MSG-1L-15,Madhusudan Ghee 1 L,1 L,2,30,8670,17340
2024-11-27,GA/2024-25/00569,FY2024-25,11,ACC-003,Krishna Khurana Provisions,Budhana,SM02,Sunil Tyagi,MSG-500-30,Madhusudan Ghee 500 ml,500 ml,2,30,8835,17670
2024-11-27,GA/2024-25/00570,FY2024-25,11,ACC-011,New Maheshwari Super Market,Kairana,SM05,Deepak Rana,MSG-200-75,Madhusudan Ghee 200 ml,200 ml,2,30,8995,17990
2024-11-27,GA/2024-25/00571,FY2024-25,11,ACC-108,New Ahuja Distributors,Deoband,SM05,Deepak Rana,MSG-1L-15,Madhusudan Ghee 1 L,1 L,1,15,8670,8670
2024-11-28,GA/2024-25/00572,FY2024-25,11,ACC-001,Om Dubey Super Market,Muzaffarnagar,SM01,Rakesh Kumar,MSG-1L-15,Madhusudan Ghee 1 L,1 L,2,30,8670,17340
2024-11-28,GA/2024-25/00573,FY2024-25,11,ACC-004,Jai Solanki Traders,Deoband,SM05,Deepak Rana,MSG-1L-15,Madhusudan Ghee 1 L,1 L,1,15,8670,8670
2024-11-28,GA/2024-25/00573,FY2024-25,11,ACC-004,Jai Solanki Traders,Deoband,SM05,Deepak Rana,MSG-200-75,Madhusudan Ghee 200 ml,200 ml,1,15,8995,8995
2024-11-28,GA/2024-25/00573,FY2024-25,11,ACC-004,Jai Solanki Traders,Deoband,SM05,Deepak Rana,MSG-500-30,Madhusudan Ghee 500 ml,500 ml,2,30,8835,17670
2024-11-28,GA/2024-25/00574,FY2024-25,11,ACC-047,Khurana Distributors,Jansath,SM03,Amit Saini,MSG-1L-15,Madhusudan Ghee 1 L,1 L,1,15,8670,8670
2024-11-28,GA/2024-25/00575,FY2024-25,11,ACC-064,Laxmi Mishra Super Market,Miranpur,SM04,Pankaj Verma,MSG-500-30,Madhusudan Ghee 500 ml,500 ml,1,15,8835,8835
2024-11-28,GA/2024-25/00576,FY2024-25,11,ACC-081,Jai Kapoor Super Market,Charthawal,SM03,Amit Saini,MSG-1L-15,Madhusudan Ghee 1 L,1 L,1,15,8670,8670
2024-11-28,GA/2024-25/00577,FY2024-25,11,ACC-099,Balaji Garg Distributors,Khatauli,SM02,Sunil Tyagi,MSG-1L-15,Madhusudan Ghee 1 L,1 L,1,15,8670,8670
2024-11-29,GA/2024-25/00578,FY2024-25,11,ACC-013,Krishna Sachdeva Enterprises,Khatauli,SM02,Sunil Tyagi,MSG-1L-15,Madhusudan Ghee 1 L,1 L,1,15,8670,8670
2024-11-29,GA/2024-25/00579,FY2024-25,11,ACC-023,Agarwal Distributors,Jansath,SM03,Amit Saini,MSG-200-75,Madhusudan Ghee 200 ml,200 ml,1,15,8995,8995
2024-11-29,GA/2024-25/00580,FY2024-25,11,ACC-103,Wadhwa Enterprises,Budhana,SM02,Sunil Tyagi,MSG-1L-15,Madhusudan Ghee 1 L,1 L,1,15,8670,8670
2024-11-30,GA/2024-25/00581,FY2024-25,11,ACC-001,Om Dubey Super Market,Muzaffarnagar,SM01,Rakesh Kumar,MSG-1L-15,Madhusudan Ghee 1 L,1 L,2,30,8670,17340
2024-11-30,GA/2024-25/00582,FY2024-25,11,ACC-101,Shri Ahuja Enterprises,Miranpur,SM04,Pankaj Verma,MSG-500-30,Madhusudan Ghee 500 ml,500 ml,1,15,8835,8835
2024-12-02,GA/2024-25/00583,FY2024-25,12,ACC-038,Krishna Saxena Provisions,Miranpur,SM04,Pankaj Verma,MSG-500-30,Madhusudan Ghee 500 ml,500 ml,1,15,8835,8835
2024-12-02,GA/2024-25/00584,FY2024-25,12,ACC-050,Jai Sachdeva & Company,Budhana,SM02,Sunil Tyagi,MSG-1L-15,Madhusudan Ghee 1 L,1 L,1,15,8670,8670
2024-12-02,GA/2024-25/00585,FY2024-25,12,ACC-055,Shree Pandey Stores,Charthawal,SM03,Amit Saini,MSG-1L-15,Madhusudan Ghee 1 L,1 L,1,15,8670,8670
2024-12-02,GA/2024-25/00585,FY2024-25,12,ACC-055,Shree Pandey Stores,Charthawal,SM03,Amit Saini,MSG-200-75,Madhusudan Ghee 200 ml,200 ml,1,15,8995,8995
2024-12-02,GA/2024-25/00586,FY2024-25,12,ACC-059,Balaji Garg Agencies,Purqazi,SM04,Pankaj Verma,MSG-1L-15,Madhusudan Ghee 1 L,1 L,2,30,8670,17340
2024-12-03,GA/2024-25/00587,FY2024-25,12,ACC-017,Maa Malik Enterprises,Kairana,SM05,Deepak Rana,MSG-1L-15,Madhusudan Ghee 1 L,1 L,1,15,8670,8670
2024-12-04,GA/2024-25/00588,FY2024-25,12,ACC-002,New Dubey Marketing,Kairana,SM05,Deepak Rana,MSG-200-75,Madhusudan Ghee 200 ml,200 ml,3,45,8995,26985
2024-12-04,GA/2024-25/00589,FY2024-25,12,ACC-133,New Singla Stores,Shamli,SM01,Rakesh Kumar,MSG-200-75,Madhusudan Ghee 200 ml,200 ml,1,15,8995,8995
2024-12-05,GA/2024-25/00590,FY2024-25,12,ACC-020,Krishna Bhardwaj Trading Co.,Khatauli,SM02,Sunil Tyagi,MSG-200-75,Madhusudan Ghee 200 ml,200 ml,1,15,8995,8995
2024-12-05,GA/2024-25/00591,FY2024-25,12,ACC-097,New Mishra Distributors,Deoband,SM05,Deepak Rana,MSG-1L-15,Madhusudan Ghee 1 L,1 L,2,30,8670,17340
2024-12-05,GA/2024-25/00592,FY2024-25,12,ACC-113,Singla Enterprises,Khatauli,SM02,Sunil Tyagi,MSG-1L-15,Madhusudan Ghee 1 L,1 L,1,15,8670,8670
2024-12-06,GA/2024-25/00593,FY2024-25,12,ACC-039,New Chopra Dairy,Deoband,SM05,Deepak Rana,MSG-1L-15,Madhusudan Ghee 1 L,1 L,1,15,8670,8670
2024-12-07,GA/2024-25/00594,FY2024-25,12,ACC-032,Goyal Super Market,Deoband,SM05,Deepak Rana,MSG-500-30,Madhusudan Ghee 500 ml,500 ml,1,15,8835,8835
2024-12-07,GA/2024-25/00595,FY2024-25,12,ACC-105,Maa Singhal Enterprises,Miranpur,SM04,Pankaj Verma,MSG-500-30,Madhusudan Ghee 500 ml,500 ml,1,15,8835,8835
2024-12-09,GA/2024-25/00596,FY2024-25,12,ACC-022,Tandon & Company,Kairana,SM05,Deepak Rana,MSG-1L-15,Madhusudan Ghee 1 L,1 L,1,15,8670,8670
2024-12-09,GA/2024-25/00597,FY2024-25,12,ACC-025,Om Chaudhary Agencies,Budhana,SM02,Sunil Tyagi,MSG-1L-15,Madhusudan Ghee 1 L,1 L,2,30,8670,17340
2024-12-09,GA/2024-25/00598,FY2024-25,12,ACC-042,Maa Sachdeva Agencies,Charthawal,SM03,Amit Saini,MSG-1L-15,Madhusudan Ghee 1 L,1 L,1,15,8670,8670
2024-12-09,GA/2024-25/00599,FY2024-25,12,ACC-067,Gupta Trading Co.,Khatauli,SM02,Sunil Tyagi,MSG-1L-15,Madhusudan Ghee 1 L,1 L,1,15,8670,8670
2024-12-10,GA/2024-25/00600,FY2024-25,12,ACC-003,Krishna Khurana Provisions,Budhana,SM02,Sunil Tyagi,MSG-500-30,Madhusudan Ghee 500 ml,500 ml,2,30,8835,17670
2024-12-10,GA/2024-25/00601,FY2024-25,12,ACC-014,Maa Chopra Kirana Store,Khatauli,SM02,Sunil Tyagi,MSG-1L-15,Madhusudan Ghee 1 L,1 L,1,15,8670,8670
2024-12-10,GA/2024-25/00602,FY2024-25,12,ACC-069,Balaji Kapoor General Store,Budhana,SM02,Sunil Tyagi,MSG-500-30,Madhusudan Ghee 500 ml,500 ml,1,15,8835,8835
2024-12-10,GA/2024-25/00603,FY2024-25,12,ACC-107,Ganesh Sachdeva Provisions,Charthawal,SM03,Amit Saini,MSG-1L-15,Madhusudan Ghee 1 L,1 L,1,15,8670,8670
2024-12-11,GA/2024-25/00604,FY2024-25,12,ACC-030,Laxmi Sharma Stores,Jansath,SM03,Amit Saini,MSG-1L-15,Madhusudan Ghee 1 L,1 L,2,30,8670,17340
2024-12-11,GA/2024-25/00605,FY2024-25,12,ACC-045,Jai Yadav Sales Corporation,Miranpur,SM04,Pankaj Verma,MSG-1L-15,Madhusudan Ghee 1 L,1 L,1,15,8670,8670
2024-12-11,GA/2024-25/00606,FY2024-25,12,ACC-060,New Ahuja Trading Co.,Jansath,SM03,Amit Saini,MSG-1L-15,Madhusudan Ghee 1 L,1 L,1,15,8670,8670
2024-12-12,GA/2024-25/00607,FY2024-25,12,ACC-009,Krishna Srivastava Agencies,Kairana,SM05,Deepak Rana,MSG-1L-15,Madhusudan Ghee 1 L,1 L,2,30,8670,17340
2024-12-12,GA/2024-25/00607,FY2024-25,12,ACC-009,Krishna Srivastava Agencies,Kairana,SM05,Deepak Rana,MSG-500-30,Madhusudan Ghee 500 ml,500 ml,1,15,8835,8835
2024-12-12,GA/2024-25/00608,FY2024-25,12,ACC-115,Sethi Super Market,Budhana,SM02,Sunil Tyagi,MSG-500-30,Madhusudan Ghee 500 ml,500 ml,1,15,8835,8835
2024-12-13,GA/2024-25/00609,FY2024-25,12,ACC-024,Maa Baliyan Super Market,Muzaffarnagar,SM01,Rakesh Kumar,MSG-200-75,Madhusudan Ghee 200 ml,200 ml,1,15,8995,8995
2024-12-13,GA/2024-25/00610,FY2024-25,12,ACC-033,Balaji Singhal Stores,Deoband,SM05,Deepak Rana,MSG-1L-15,Madhusudan Ghee 1 L,1 L,1,15,8670,8670
2024-12-13,GA/2024-25/00611,FY2024-25,12,ACC-064,Laxmi Mishra Super Market,Miranpur,SM04,Pankaj Verma,MSG-500-30,Madhusudan Ghee 500 ml,500 ml,1,15,8835,8835
2024-12-13,GA/2024-25/00612,FY2024-25,12,ACC-126,Bhatia General Store,Miranpur,SM04,Pankaj Verma,MSG-500-30,Madhusudan Ghee 500 ml,500 ml,1,15,8835,8835
2024-12-14,GA/2024-25/00613,FY2024-25,12,ACC-021,Shri Tandon Stores,Muzaffarnagar,SM01,Rakesh Kumar,MSG-200-75,Madhusudan Ghee 200 ml,200 ml,1,15,8995,8995
2024-12-14,GA/2024-25/00614,FY2024-25,12,ACC-052,Krishna Srivastava & Company,Shamli,SM01,Rakesh Kumar,MSG-500-30,Madhusudan Ghee 500 ml,500 ml,1,15,8835,8835
2024-12-14,GA/2024-25/00615,FY2024-25,12,ACC-066,Dhingra Marketing,Muzaffarnagar,SM01,Rakesh Kumar,MSG-1L-15,Madhusudan Ghee 1 L,1 L,1,15,8670,8670
2024-12-16,GA/2024-25/00616,FY2024-25,12,ACC-001,Om Dubey Super Market,Muzaffarnagar,SM01,Rakesh Kumar,MSG-1L-15,Madhusudan Ghee 1 L,1 L,2,30,8670,17340
2024-12-16,GA/2024-25/00617,FY2024-25,12,ACC-120,Ganesh Kansal Provisions,Muzaffarnagar,SM01,Rakesh Kumar,MSG-1L-15,Madhusudan Ghee 1 L,1 L,1,15,8670,8670
2024-12-16,GA/2024-25/00618,FY2024-25,12,ACC-128,Shree Saxena General Store,Deoband,SM05,Deepak Rana,MSG-500-30,Madhusudan Ghee 500 ml,500 ml,1,15,8835,8835
2024-12-16,GA/2024-25/00619,FY2024-25,12,ACC-145,Nagpal Kirana Store,Budhana,SM02,Sunil Tyagi,MSG-1L-15,Madhusudan Ghee 1 L,1 L,1,15,8670,8670
2024-12-16,GA/2024-25/00619,FY2024-25,12,ACC-145,Nagpal Kirana Store,Budhana,SM02,Sunil Tyagi,MSG-500-30,Madhusudan Ghee 500 ml,500 ml,1,15,8835,8835
2024-12-17,GA/2024-25/00620,FY2024-25,12,ACC-010,Shree Mishra Provisions,Muzaffarnagar,SM01,Rakesh Kumar,MSG-1L-15,Madhusudan Ghee 1 L,1 L,2,30,8670,17340
2024-12-17,GA/2024-25/00621,FY2024-25,12,ACC-056,Bajaj Provisions,Deoband,SM05,Deepak Rana,MSG-500-30,Madhusudan Ghee 500 ml,500 ml,1,15,8835,8835
2024-12-17,GA/2024-25/00622,FY2024-25,12,ACC-068,Ganesh Saxena General Store,Shamli,SM01,Rakesh Kumar,MSG-1L-15,Madhusudan Ghee 1 L,1 L,2,30,8670,17340
2024-12-18,GA/2024-25/00623,FY2024-25,12,ACC-016,Ganesh Bhardwaj Trading Co.,Budhana,SM02,Sunil Tyagi,MSG-500-30,Madhusudan Ghee 500 ml,500 ml,1,15,8835,8835
2024-12-18,GA/2024-25/00624,FY2024-25,12,ACC-079,Maa Khurana Agencies,Muzaffarnagar,SM01,Rakesh Kumar,MSG-1L-15,Madhusudan Ghee 1 L,1 L,1,15,8670,8670
2024-12-18,GA/2024-25/00625,FY2024-25,12,ACC-111,Dubey & Sons,Kairana,SM05,Deepak Rana,MSG-1L-15,Madhusudan Ghee 1 L,1 L,1,15,8670,8670
2024-12-18,GA/2024-25/00626,FY2024-25,12,ACC-118,Laxmi Rana & Sons,Budhana,SM02,Sunil Tyagi,MSG-1L-15,Madhusudan Ghee 1 L,1 L,3,45,8670,26010
2024-12-19,GA/2024-25/00627,FY2024-25,12,ACC-061,Jai Srivastava General Store,Muzaffarnagar,SM01,Rakesh Kumar,MSG-500-30,Madhusudan Ghee 500 ml,500 ml,1,15,8835,8835
2024-12-19,GA/2024-25/00628,FY2024-25,12,ACC-141,Shri Wadhwa Sales Corporation,Muzaffarnagar,SM01,Rakesh Kumar,MSG-500-30,Madhusudan Ghee 500 ml,500 ml,1,15,8835,8835
2024-12-20,GA/2024-25/00629,FY2024-25,12,ACC-005,Malhotra Dairy,Kairana,SM05,Deepak Rana,MSG-1L-15,Madhusudan Ghee 1 L,1 L,3,45,8670,26010
2024-12-20,GA/2024-25/00630,FY2024-25,12,ACC-028,Srivastava Distributors,Jansath,SM03,Amit Saini,MSG-1L-15,Madhusudan Ghee 1 L,1 L,1,15,8670,8670
2024-12-20,GA/2024-25/00631,FY2024-25,12,ACC-040,New Mishra Trading Co.,Shamli,SM01,Rakesh Kumar,MSG-500-30,Madhusudan Ghee 500 ml,500 ml,1,15,8835,8835
2024-12-20,GA/2024-25/00632,FY2024-25,12,ACC-093,Maa Malik & Company,Charthawal,SM03,Amit Saini,MSG-1L-15,Madhusudan Ghee 1 L,1 L,1,15,8670,8670
2024-12-20,GA/2024-25/00633,FY2024-25,12,ACC-106,Shree Ahuja & Company,Khatauli,SM02,Sunil Tyagi,MSG-1L-15,Madhusudan Ghee 1 L,1 L,1,15,8670,8670
2024-12-20,GA/2024-25/00634,FY2024-25,12,ACC-131,Jai Yadav Traders,Shamli,SM01,Rakesh Kumar,MSG-500-30,Madhusudan Ghee 500 ml,500 ml,1,15,8835,8835
2024-12-20,GA/2024-25/00635,FY2024-25,12,ACC-137,Jai Solanki Marketing,Charthawal,SM03,Amit Saini,MSG-1L-15,Madhusudan Ghee 1 L,1 L,1,15,8670,8670
2024-12-21,GA/2024-25/00636,FY2024-25,12,ACC-027,Shree Gupta & Sons,Miranpur,SM04,Pankaj Verma,MSG-1L-15,Madhusudan Ghee 1 L,1 L,2,30,8670,17340
2024-12-21,GA/2024-25/00637,FY2024-25,12,ACC-046,New Kapoor Traders,Kairana,SM05,Deepak Rana,MSG-1L-15,Madhusudan Ghee 1 L,1 L,2,30,8670,17340
2024-12-21,GA/2024-25/00638,FY2024-25,12,ACC-062,Dubey General Store,Khatauli,SM02,Sunil Tyagi,MSG-500-30,Madhusudan Ghee 500 ml,500 ml,1,15,8835,8835
2024-12-23,GA/2024-25/00639,FY2024-25,12,ACC-003,Krishna Khurana Provisions,Budhana,SM02,Sunil Tyagi,MSG-500-30,Madhusudan Ghee 500 ml,500 ml,2,30,8835,17670
2024-12-23,GA/2024-25/00640,FY2024-25,12,ACC-015,Wadhwa Super Market,Muzaffarnagar,SM01,Rakesh Kumar,MSG-500-30,Madhusudan Ghee 500 ml,500 ml,2,30,8835,17670
2024-12-23,GA/2024-25/00641,FY2024-25,12,ACC-026,Krishna Goel Marketing,Shamli,SM01,Rakesh Kumar,MSG-500-30,Madhusudan Ghee 500 ml,500 ml,1,15,8835,8835
2024-12-23,GA/2024-25/00642,FY2024-25,12,ACC-034,Mishra & Company,Khatauli,SM02,Sunil Tyagi,MSG-500-30,Madhusudan Ghee 500 ml,500 ml,1,15,8835,8835
2024-12-23,GA/2024-25/00643,FY2024-25,12,ACC-054,Jai Goyal General Store,Miranpur,SM04,Pankaj Verma,MSG-1L-15,Madhusudan Ghee 1 L,1 L,1,15,8670,8670
2024-12-23,GA/2024-25/00644,FY2024-25,12,ACC-089,Jai Sharma Provisions,Purqazi,SM04,Pankaj Verma,MSG-500-30,Madhusudan Ghee 500 ml,500 ml,1,15,8835,8835
2024-12-23,GA/2024-25/00645,FY2024-25,12,ACC-124,Shree Garg Trading Co.,Muzaffarnagar,SM01,Rakesh Kumar,MSG-500-30,Madhusudan Ghee 500 ml,500 ml,1,15,8835,8835
2024-12-23,GA/2024-25/00646,FY2024-25,12,ACC-129,Maheshwari & Sons,Miranpur,SM04,Pankaj Verma,MSG-1L-15,Madhusudan Ghee 1 L,1 L,1,15,8670,8670
2024-12-24,GA/2024-25/00647,FY2024-25,12,ACC-041,Chopra Traders,Purqazi,SM04,Pankaj Verma,MSG-1L-15,Madhusudan Ghee 1 L,1 L,1,15,8670,8670
2024-12-24,GA/2024-25/00647,FY2024-25,12,ACC-041,Chopra Traders,Purqazi,SM04,Pankaj Verma,MSG-500-30,Madhusudan Ghee 500 ml,500 ml,1,15,8835,8835
2024-12-25,GA/2024-25/00648,FY2024-25,12,ACC-011,New Maheshwari Super Market,Kairana,SM05,Deepak Rana,MSG-200-75,Madhusudan Ghee 200 ml,200 ml,1,15,8995,8995
2024-12-25,GA/2024-25/00648,FY2024-25,12,ACC-011,New Maheshwari Super Market,Kairana,SM05,Deepak Rana,MSG-500-30,Madhusudan Ghee 500 ml,500 ml,1,15,8835,8835
2024-12-25,GA/2024-25/00649,FY2024-25,12,ACC-072,Verma Agencies,Khatauli,SM02,Sunil Tyagi,MSG-500-30,Madhusudan Ghee 500 ml,500 ml,1,15,8835,8835
2024-12-26,GA/2024-25/00650,FY2024-25,12,ACC-018,Krishna Sharma Enterprises,Kairana,SM05,Deepak Rana,MSG-1L-15,Madhusudan Ghee 1 L,1 L,2,30,8670,17340
2024-12-26,GA/2024-25/00651,FY2024-25,12,ACC-023,Agarwal Distributors,Jansath,SM03,Amit Saini,MSG-1L-15,Madhusudan Ghee 1 L,1 L,1,15,8670,8670
2024-12-27,GA/2024-25/00652,FY2024-25,12,ACC-006,Ganesh Jindal Dairy,Kairana,SM05,Deepak Rana,MSG-500-30,Madhusudan Ghee 500 ml,500 ml,2,30,8835,17670
2024-12-27,GA/2024-25/00653,FY2024-25,12,ACC-012,Bhardwaj Dairy,Charthawal,SM03,Amit Saini,MSG-1L-15,Madhusudan Ghee 1 L,1 L,1,15,8670,8670
2024-12-27,GA/2024-25/00653,FY2024-25,12,ACC-012,Bhardwaj Dairy,Charthawal,SM03,Amit Saini,MSG-200-75,Madhusudan Ghee 200 ml,200 ml,1,15,8995,8995
2024-12-27,GA/2024-25/00654,FY2024-25,12,ACC-139,Goel Trading Co.,Muzaffarnagar,SM01,Rakesh Kumar,MSG-1L-15,Madhusudan Ghee 1 L,1 L,1,15,8670,8670
2024-12-28,GA/2024-25/00655,FY2024-25,12,ACC-019,Mishra Agencies,Muzaffarnagar,SM01,Rakesh Kumar,MSG-200-75,Madhusudan Ghee 200 ml,200 ml,1,15,8995,8995
2024-12-30,GA/2024-25/00656,FY2024-25,12,ACC-001,Om Dubey Super Market,Muzaffarnagar,SM01,Rakesh Kumar,MSG-1L-15,Madhusudan Ghee 1 L,1 L,1,15,8670,8670
2024-12-30,GA/2024-25/00656,FY2024-25,12,ACC-001,Om Dubey Super Market,Muzaffarnagar,SM01,Rakesh Kumar,MSG-500-30,Madhusudan Ghee 500 ml,500 ml,1,15,8835,8835
2024-12-30,GA/2024-25/00657,FY2024-25,12,ACC-007,Om Pandey Distributors,Purqazi,SM04,Pankaj Verma,MSG-500-30,Madhusudan Ghee 500 ml,500 ml,2,30,8835,17670
2024-12-30,GA/2024-25/00658,FY2024-25,12,ACC-013,Krishna Sachdeva Enterprises,Khatauli,SM02,Sunil Tyagi,MSG-1L-15,Madhusudan Ghee 1 L,1 L,1,15,8670,8670
2024-12-30,GA/2024-25/00659,FY2024-25,12,ACC-043,Shree Jain Dairy,Miranpur,SM04,Pankaj Verma,MSG-1L-15,Madhusudan Ghee 1 L,1 L,1,15,8670,8670
2024-12-30,GA/2024-25/00660,FY2024-25,12,ACC-063,Ganesh Kapoor Trading Co.,Charthawal,SM03,Amit Saini,MSG-1L-15,Madhusudan Ghee 1 L,1 L,1,15,8670,8670
2024-12-30,GA/2024-25/00661,FY2024-25,12,ACC-078,Krishna Singhal & Company,Shamli,SM01,Rakesh Kumar,MSG-200-75,Madhusudan Ghee 200 ml,200 ml,1,15,8995,8995
2024-12-30,GA/2024-25/00662,FY2024-25,12,ACC-112,Om Goyal Kirana Store,Muzaffarnagar,SM01,Rakesh Kumar,MSG-1L-15,Madhusudan Ghee 1 L,1 L,1,15,8670,8670
2024-12-30,GA/2024-25/00663,FY2024-25,12,ACC-119,Solanki Dairy,Deoband,SM05,Deepak Rana,MSG-200-75,Madhusudan Ghee 200 ml,200 ml,1,15,8995,8995
2024-12-31,GA/2024-25/00664,FY2024-25,12,ACC-004,Jai Solanki Traders,Deoband,SM05,Deepak Rana,MSG-1L-15,Madhusudan Ghee 1 L,1 L,2,30,8670,17340
2024-12-31,GA/2024-25/00664,FY2024-25,12,ACC-004,Jai Solanki Traders,Deoband,SM05,Deepak Rana,MSG-200-75,Madhusudan Ghee 200 ml,200 ml,2,30,8995,17990
2024-12-31,GA/2024-25/00665,FY2024-25,12,ACC-008,Shree Maheshwari Enterprises,Shamli,SM01,Rakesh Kumar,MSG-1L-15,Madhusudan Ghee 1 L,1 L,1,15,8670,8670
2024-12-31,GA/2024-25/00665,FY2024-25,12,ACC-008,Shree Maheshwari Enterprises,Shamli,SM01,Rakesh Kumar,MSG-200-75,Madhusudan Ghee 200 ml,200 ml,1,15,8995,8995
2024-12-31,GA/2024-25/00666,FY2024-25,12,ACC-047,Khurana Distributors,Jansath,SM03,Amit Saini,MSG-1L-15,Madhusudan Ghee 1 L,1 L,1,15,8670,8670
2025-01-01,GA/2024-25/00667,FY2024-25,1,ACC-016,Ganesh Bhardwaj Trading Co.,Budhana,SM02,Sunil Tyagi,MSG-1L-15,Madhusudan Ghee 1 L,1 L,1,15,8670,8670
2025-01-01,GA/2024-25/00668,FY2024-25,1,ACC-020,Krishna Bhardwaj Trading Co.,Khatauli,SM02,Sunil Tyagi,MSG-500-30,Madhusudan Ghee 500 ml,500 ml,1,15,8835,8835
2025-01-02,GA/2024-25/00669,FY2024-25,1,ACC-057,Balaji Bhatia Enterprises,Deoband,SM05,Deepak Rana,MSG-1L-15,Madhusudan Ghee 1 L,1 L,1,15,8670,8670
2025-01-04,GA/2024-25/00670,FY2024-25,1,ACC-038,Krishna Saxena Provisions,Miranpur,SM04,Pankaj Verma,MSG-1L-15,Madhusudan Ghee 1 L,1 L,1,15,8670,8670
2025-01-04,GA/2024-25/00671,FY2024-25,1,ACC-071,New Kansal & Sons,Muzaffarnagar,SM01,Rakesh Kumar,MSG-1L-15,Madhusudan Ghee 1 L,1 L,1,15,8670,8670
2025-01-06,GA/2024-25/00672,FY2024-25,1,ACC-004,Jai Solanki Traders,Deoband,SM05,Deepak Rana,MSG-1L-15,Madhusudan Ghee 1 L,1 L,2,30,8670,17340
2025-01-06,GA/2024-25/00673,FY2024-25,1,ACC-009,Krishna Srivastava Agencies,Kairana,SM05,Deepak Rana,MSG-500-30,Madhusudan Ghee 500 ml,500 ml,2,30,8835,17670
2025-01-06,GA/2024-25/00674,FY2024-25,1,ACC-039,New Chopra Dairy,Deoband,SM05,Deepak Rana,MSG-1L-15,Madhusudan Ghee 1 L,1 L,1,15,8670,8670
2025-01-07,GA/2024-25/00675,FY2024-25,1,ACC-007,Om Pandey Distributors,Purqazi,SM04,Pankaj Verma,MSG-1L-15,Madhusudan Ghee 1 L,1 L,2,30,8670,17340
2025-01-07,GA/2024-25/00676,FY2024-25,1,ACC-027,Shree Gupta & Sons,Miranpur,SM04,Pankaj Verma,MSG-1L-15,Madhusudan Ghee 1 L,1 L,1,15,8670,8670
2025-01-08,GA/2024-25/00677,FY2024-25,1,ACC-031,Laxmi Sirohi Super Market,Charthawal,SM03,Amit Saini,MSG-1L-15,Madhusudan Ghee 1 L,1 L,1,15,8670,8670
2025-01-09,GA/2024-25/00678,FY2024-25,1,ACC-023,Agarwal Distributors,Jansath,SM03,Amit Saini,MSG-500-30,Madhusudan Ghee 500 ml,500 ml,1,15,8835,8835
2025-01-10,GA/2024-25/00679,FY2024-25,1,ACC-008,Shree Maheshwari Enterprises,Shamli,SM01,Rakesh Kumar,MSG-200-75,Madhusudan Ghee 200 ml,200 ml,1,15,8995,8995
2025-01-10,GA/2024-25/00679,FY2024-25,1,ACC-008,Shree Maheshwari Enterprises,Shamli,SM01,Rakesh Kumar,MSG-500-30,Madhusudan Ghee 500 ml,500 ml,1,15,8835,8835
2025-01-10,GA/2024-25/00680,FY2024-25,1,ACC-047,Khurana Distributors,Jansath,SM03,Amit Saini,MSG-1L-15,Madhusudan Ghee 1 L,1 L,1,15,8670,8670
2025-01-10,GA/2024-25/00680,FY2024-25,1,ACC-047,Khurana Distributors,Jansath,SM03,Amit Saini,MSG-200-75,Madhusudan Ghee 200 ml,200 ml,1,15,8995,8995
2025-01-10,GA/2024-25/00681,FY2024-25,1,ACC-055,Shree Pandey Stores,Charthawal,SM03,Amit Saini,MSG-1L-15,Madhusudan Ghee 1 L,1 L,1,15,8670,8670
2025-01-11,GA/2024-25/00682,FY2024-25,1,ACC-014,Maa Chopra Kirana Store,Khatauli,SM02,Sunil Tyagi,MSG-1L-15,Madhusudan Ghee 1 L,1 L,1,15,8670,8670
2025-01-11,GA/2024-25/00682,FY2024-25,1,ACC-014,Maa Chopra Kirana Store,Khatauli,SM02,Sunil Tyagi,MSG-500-30,Madhusudan Ghee 500 ml,500 ml,2,30,8835,17670
2025-01-11,GA/2024-25/00683,FY2024-25,1,ACC-069,Balaji Kapoor General Store,Budhana,SM02,Sunil Tyagi,MSG-1L-15,Madhusudan Ghee 1 L,1 L,1,15,8670,8670
2025-01-11,GA/2024-25/00684,FY2024-25,1,ACC-138,Ganesh Gupta Trading Co.,Muzaffarnagar,SM01,Rakesh Kumar,MSG-500-30,Madhusudan Ghee 500 ml,500 ml,1,15,8835,8835
2025-01-13,GA/2024-25/00685,FY2024-25,1,ACC-006,Ganesh Jindal Dairy,Kairana,SM05,Deepak Rana,MSG-200-75,Madhusudan Ghee 200 ml,200 ml,1,15,8995,8995
2025-01-13,GA/2024-25/00685,FY2024-25,1,ACC-006,Ganesh Jindal Dairy,Kairana,SM05,Deepak Rana,MSG-500-30,Madhusudan Ghee 500 ml,500 ml,2,30,8835,17670
2025-01-13,GA/2024-25/00686,FY2024-25,1,ACC-040,New Mishra Trading Co.,Shamli,SM01,Rakesh Kumar,MSG-1L-15,Madhusudan Ghee 1 L,1 L,2,30,8670,17340
2025-01-13,GA/2024-25/00687,FY2024-25,1,ACC-063,Ganesh Kapoor Trading Co.,Charthawal,SM03,Amit Saini,MSG-1L-15,Madhusudan Ghee 1 L,1 L,1,15,8670,8670
2025-01-13,GA/2024-25/00688,FY2024-25,1,ACC-080,Malhotra Enterprises,Kairana,SM05,Deepak Rana,MSG-500-30,Madhusudan Ghee 500 ml,500 ml,1,15,8835,8835
2025-01-13,GA/2024-25/00689,FY2024-25,1,ACC-093,Maa Malik & Company,Charthawal,SM03,Amit Saini,MSG-1L-15,Madhusudan Ghee 1 L,1 L,1,15,8670,8670
2025-01-13,GA/2024-25/00690,FY2024-25,1,ACC-112,Om Goyal Kirana Store,Muzaffarnagar,SM01,Rakesh Kumar,MSG-1L-15,Madhusudan Ghee 1 L,1 L,1,15,8670,8670
2025-01-14,GA/2024-25/00691,FY2024-25,1,ACC-061,Jai Srivastava General Store,Muzaffarnagar,SM01,Rakesh Kumar,MSG-500-30,Madhusudan Ghee 500 ml,500 ml,1,15,8835,8835
2025-01-15,GA/2024-25/00692,FY2024-25,1,ACC-037,Maa Yadav Stores,Charthawal,SM03,Amit Saini,MSG-500-30,Madhusudan Ghee 500 ml,500 ml,1,15,8835,8835
2025-01-16,GA/2024-25/00693,FY2024-25,1,ACC-067,Gupta Trading Co.,Khatauli,SM02,Sunil Tyagi,MSG-200-75,Madhusudan Ghee 200 ml,200 ml,1,15,8995,8995
2025-01-16,GA/2024-25/00694,FY2024-25,1,ACC-095,Maa Gupta Provisions,Charthawal,SM03,Amit Saini,MSG-1L-15,Madhusudan Ghee 1 L,1 L,2,30,8670,17340
2025-01-16,GA/2024-25/00694,FY2024-25,1,ACC-095,Maa Gupta Provisions,Charthawal,SM03,Amit Saini,MSG-500-30,Madhusudan Ghee 500 ml,500 ml,1,15,8835,8835
2025-01-17,GA/2024-25/00695,FY2024-25,1,ACC-030,Laxmi Sharma Stores,Jansath,SM03,Amit Saini,MSG-1L-15,Madhusudan Ghee 1 L,1 L,1,15,8670,8670
2025-01-17,GA/2024-25/00696,FY2024-25,1,ACC-036,Shree Saini Enterprises,Budhana,SM02,Sunil Tyagi,MSG-1L-15,Madhusudan Ghee 1 L,1 L,1,15,8670,8670
2025-01-17,GA/2024-25/00697,FY2024-25,1,ACC-052,Krishna Srivastava & Company,Shamli,SM01,Rakesh Kumar,MSG-1L-15,Madhusudan Ghee 1 L,1 L,1,15,8670,8670
2025-01-17,GA/2024-25/00698,FY2024-25,1,ACC-116,Shree Singla & Company,Miranpur,SM04,Pankaj Verma,MSG-1L-15,Madhusudan Ghee 1 L,1 L,1,15,8670,8670
2025-01-18,GA/2024-25/00699,FY2024-25,1,ACC-017,Maa Malik Enterprises,Kairana,SM05,Deepak Rana,MSG-1L-15,Madhusudan Ghee 1 L,1 L,2,30,8670,17340
2025-01-18,GA/2024-25/00700,FY2024-25,1,ACC-029,Balaji Rana Agencies,Khatauli,SM02,Sunil Tyagi,MSG-1L-15,Madhusudan Ghee 1 L,1 L,1,15,8670,8670
2025-01-20,GA/2024-25/00701,FY2024-25,1,ACC-018,Krishna Sharma Enterprises,Kairana,SM05,Deepak Rana,MSG-500-30,Madhusudan Ghee 500 ml,500 ml,2,30,8835,17670
2025-01-20,GA/2024-25/00702,FY2024-25,1,ACC-073,Maa Gupta Dairy,Jansath,SM03,Amit Saini,MSG-1L-15,Madhusudan Ghee 1 L,1 L,1,15,8670,8670
2025-01-21,GA/2024-25/00703,FY2024-25,1,ACC-003,Krishna Khurana Provisions,Budhana,SM02,Sunil Tyagi,MSG-1L-15,Madhusudan Ghee 1 L,1 L,2,30,8670,17340
2025-01-21,GA/2024-25/00704,FY2024-25,1,ACC-022,Tandon & Company,Kairana,SM05,Deepak Rana,MSG-500-30,Madhusudan Ghee 500 ml,500 ml,1,15,8835,8835
2025-01-21,GA/2024-25/00705,FY2024-25,1,ACC-126,Bhatia General Store,Miranpur,SM04,Pankaj Verma,MSG-500-30,Madhusudan Ghee 500 ml,500 ml,1,15,8835,8835
2025-01-22,GA/2024-25/00706,FY2024-25,1,ACC-001,Om Dubey Super Market,Muzaffarnagar,SM01,Rakesh Kumar,MSG-1L-15,Madhusudan Ghee 1 L,1 L,2,30,8670,17340
2025-01-22,GA/2024-25/00706,FY2024-25,1,ACC-001,Om Dubey Super Market,Muzaffarnagar,SM01,Rakesh Kumar,MSG-500-30,Madhusudan Ghee 500 ml,500 ml,1,15,8835,8835
2025-01-22,GA/2024-25/00707,FY2024-25,1,ACC-013,Krishna Sachdeva Enterprises,Khatauli,SM02,Sunil Tyagi,MSG-500-30,Madhusudan Ghee 500 ml,500 ml,1,15,8835,8835
2025-01-22,GA/2024-25/00708,FY2024-25,1,ACC-034,Mishra & Company,Khatauli,SM02,Sunil Tyagi,MSG-1L-15,Madhusudan Ghee 1 L,1 L,2,30,8670,17340
2025-01-22,GA/2024-25/00709,FY2024-25,1,ACC-075,Krishna Bhardwaj Super Market,Charthawal,SM03,Amit Saini,MSG-1L-15,Madhusudan Ghee 1 L,1 L,1,15,8670,8670
2025-01-22,GA/2024-25/00710,FY2024-25,1,ACC-120,Ganesh Kansal Provisions,Muzaffarnagar,SM01,Rakesh Kumar,MSG-1L-15,Madhusudan Ghee 1 L,1 L,1,15,8670,8670
2025-01-23,GA/2024-25/00711,FY2024-25,1,ACC-002,New Dubey Marketing,Kairana,SM05,Deepak Rana,MSG-1L-15,Madhusudan Ghee 1 L,1 L,2,30,8670,17340
2025-01-23,GA/2024-25/00712,FY2024-25,1,ACC-012,Bhardwaj Dairy,Charthawal,SM03,Amit Saini,MSG-500-30,Madhusudan Ghee 500 ml,500 ml,1,15,8835,8835
2025-01-24,GA/2024-25/00713,FY2024-25,1,ACC-118,Laxmi Rana & Sons,Budhana,SM02,Sunil Tyagi,MSG-500-30,Madhusudan Ghee 500 ml,500 ml,1,15,8835,8835
2025-01-25,GA/2024-25/00714,FY2024-25,1,ACC-011,New Maheshwari Super Market,Kairana,SM05,Deepak Rana,MSG-500-30,Madhusudan Ghee 500 ml,500 ml,1,15,8835,8835
2025-01-27,GA/2024-25/00715,FY2024-25,1,ACC-005,Malhotra Dairy,Kairana,SM05,Deepak Rana,MSG-200-75,Madhusudan Ghee 200 ml,200 ml,3,45,8995,26985
2025-01-27,GA/2024-25/00716,FY2024-25,1,ACC-015,Wadhwa Super Market,Muzaffarnagar,SM01,Rakesh Kumar,MSG-500-30,Madhusudan Ghee 500 ml,500 ml,2,30,8835,17670
2025-01-27,GA/2024-25/00717,FY2024-25,1,ACC-032,Goyal Super Market,Deoband,SM05,Deepak Rana,MSG-1L-15,Madhusudan Ghee 1 L,1 L,1,15,8670,8670
2025-01-27,GA/2024-25/00718,FY2024-25,1,ACC-042,Maa Sachdeva Agencies,Charthawal,SM03,Amit Saini,MSG-200-75,Madhusudan Ghee 200 ml,200 ml,1,15,8995,8995
2025-01-27,GA/2024-25/00719,FY2024-25,1,ACC-105,Maa Singhal Enterprises,Miranpur,SM04,Pankaj Verma,MSG-500-30,Madhusudan Ghee 500 ml,500 ml,1,15,8835,8835
2025-01-28,GA/2024-25/00720,FY2024-25,1,ACC-010,Shree Mishra Provisions,Muzaffarnagar,SM01,Rakesh Kumar,MSG-1L-15,Madhusudan Ghee 1 L,1 L,1,15,8670,8670
2025-01-28,GA/2024-25/00720,FY2024-25,1,ACC-010,Shree Mishra Provisions,Muzaffarnagar,SM01,Rakesh Kumar,MSG-200-75,Madhusudan Ghee 200 ml,200 ml,1,15,8995,8995
2025-01-28,GA/2024-25/00721,FY2024-25,1,ACC-035,Ganesh Baliyan Traders,Deoband,SM05,Deepak Rana,MSG-1L-15,Madhusudan Ghee 1 L,1 L,1,15,8670,8670
2025-01-28,GA/2024-25/00722,FY2024-25,1,ACC-121,New Yadav Trading Co.,Miranpur,SM04,Pankaj Verma,MSG-500-30,Madhusudan Ghee 500 ml,500 ml,1,15,8835,8835
2025-01-29,GA/2024-25/00723,FY2024-25,1,ACC-021,Shri Tandon Stores,Muzaffarnagar,SM01,Rakesh Kumar,MSG-1L-15,Madhusudan Ghee 1 L,1 L,1,15,8670,8670
2025-01-29,GA/2024-25/00723,FY2024-25,1,ACC-021,Shri Tandon Stores,Muzaffarnagar,SM01,Rakesh Kumar,MSG-500-30,Madhusudan Ghee 500 ml,500 ml,1,15,8835,8835
2025-01-29,GA/2024-25/00724,FY2024-25,1,ACC-082,Shree Kaushik Enterprises,Charthawal,SM03,Amit Saini,MSG-200-75,Madhusudan Ghee 200 ml,200 ml,1,15,8995,8995
2025-01-29,GA/2024-25/00725,FY2024-25,1,ACC-097,New Mishra Distributors,Deoband,SM05,Deepak Rana,MSG-1L-15,Madhusudan Ghee 1 L,1 L,2,30,8670,17340
2025-01-29,GA/2024-25/00726,FY2024-25,1,ACC-119,Solanki Dairy,Deoband,SM05,Deepak Rana,MSG-1L-15,Madhusudan Ghee 1 L,1 L,1,15,8670,8670
2025-01-30,GA/2024-25/00727,FY2024-25,1,ACC-046,New Kapoor Traders,Kairana,SM05,Deepak Rana,MSG-1L-15,Madhusudan Ghee 1 L,1 L,1,15,8670,8670
2025-01-30,GA/2024-25/00728,FY2024-25,1,ACC-048,Maa Sharma Marketing,Budhana,SM02,Sunil Tyagi,MSG-500-30,Madhusudan Ghee 500 ml,500 ml,1,15,8835,8835
2025-01-31,GA/2024-25/00729,FY2024-25,1,ACC-002,New Dubey Marketing,Kairana,SM05,Deepak Rana,MSG-500-30,Madhusudan Ghee 500 ml,500 ml,1,15,8835,8835
2025-01-31,GA/2024-25/00730,FY2024-25,1,ACC-003,Krishna Khurana Provisions,Budhana,SM02,Sunil Tyagi,MSG-1L-15,Madhusudan Ghee 1 L,1 L,2,30,8670,17340
2025-01-31,GA/2024-25/00731,FY2024-25,1,ACC-044,Mittal Marketing,Khatauli,SM02,Sunil Tyagi,MSG-200-75,Madhusudan Ghee 200 ml,200 ml,1,15,8995,8995
2025-01-31,GA/2024-25/00732,FY2024-25,1,ACC-072,Verma Agencies,Khatauli,SM02,Sunil Tyagi,MSG-1L-15,Madhusudan Ghee 1 L,1 L,1,15,8670,8670
2025-01-31,GA/2024-25/00733,FY2024-25,1,ACC-117,Shri Khandelwal Sales Corporation,Deoband,SM05,Deepak Rana,MSG-1L-15,Madhusudan Ghee 1 L,1 L,1,15,8670,8670
2025-02-01,GA/2024-25/00734,FY2024-25,2,ACC-075,Krishna Bhardwaj Super Market,Charthawal,SM03,Amit Saini,MSG-500-30,Madhusudan Ghee 500 ml,500 ml,1,15,8835,8835
2025-02-03,GA/2024-25/00735,FY2024-25,2,ACC-011,New Maheshwari Super Market,Kairana,SM05,Deepak Rana,MSG-200-75,Madhusudan Ghee 200 ml,200 ml,1,15,8995,8995
2025-02-03,GA/2024-25/00736,FY2024-25,2,ACC-018,Krishna Sharma Enterprises,Kairana,SM05,Deepak Rana,MSG-500-30,Madhusudan Ghee 500 ml,500 ml,1,15,8835,8835
2025-02-03,GA/2024-25/00737,FY2024-25,2,ACC-023,Agarwal Distributors,Jansath,SM03,Amit Saini,MSG-200-75,Madhusudan Ghee 200 ml,200 ml,1,15,8995,8995
2025-02-03,GA/2024-25/00738,FY2024-25,2,ACC-067,Gupta Trading Co.,Khatauli,SM02,Sunil Tyagi,MSG-500-30,Madhusudan Ghee 500 ml,500 ml,1,15,8835,8835
2025-02-04,GA/2024-25/00739,FY2024-25,2,ACC-041,Chopra Traders,Purqazi,SM04,Pankaj Verma,MSG-1L-15,Madhusudan Ghee 1 L,1 L,1,15,8670,8670
2025-02-04,GA/2024-25/00740,FY2024-25,2,ACC-051,Laxmi Sachdeva Traders,Jansath,SM03,Amit Saini,MSG-1L-15,Madhusudan Ghee 1 L,1 L,1,15,8670,8670
2025-02-04,GA/2024-25/00741,FY2024-25,2,ACC-055,Shree Pandey Stores,Charthawal,SM03,Amit Saini,MSG-500-30,Madhusudan Ghee 500 ml,500 ml,1,15,8835,8835
2025-02-04,GA/2024-25/00742,FY2024-25,2,ACC-100,New Tandon Super Market,Khatauli,SM02,Sunil Tyagi,MSG-1L-15,Madhusudan Ghee 1 L,1 L,2,30,8670,17340
2025-02-04,GA/2024-25/00743,FY2024-25,2,ACC-135,Agarwal Traders,Khatauli,SM02,Sunil Tyagi,MSG-500-30,Madhusudan Ghee 500 ml,500 ml,1,15,8835,8835
2025-02-04,GA/2024-25/00744,FY2024-25,2,ACC-142,Om Srivastava & Company,Kairana,SM05,Deepak Rana,MSG-1L-15,Madhusudan Ghee 1 L,1 L,1,15,8670,8670
2025-02-05,GA/2024-25/00745,FY2024-25,2,ACC-081,Jai Kapoor Super Market,Charthawal,SM03,Amit Saini,MSG-1L-15,Madhusudan Ghee 1 L,1 L,1,15,8670,8670
2025-02-05,GA/2024-25/00746,FY2024-25,2,ACC-136,Shree Khandelwal Distributors,Jansath,SM03,Amit Saini,MSG-1L-15,Madhusudan Ghee 1 L,1 L,1,15,8670,8670
2025-02-06,GA/2024-25/00747,FY2024-25,2,ACC-016,Ganesh Bhardwaj Trading Co.,Budhana,SM02,Sunil Tyagi,MSG-1L-15,Madhusudan Ghee 1 L,1 L,1,15,8670,8670
2025-02-06,GA/2024-25/00748,FY2024-25,2,ACC-035,Ganesh Baliyan Traders,Deoband,SM05,Deepak Rana,MSG-1L-15,Madhusudan Ghee 1 L,1 L,1,15,8670,8670
2025-02-06,GA/2024-25/00749,FY2024-25,2,ACC-072,Verma Agencies,Khatauli,SM02,Sunil Tyagi,MSG-500-30,Madhusudan Ghee 500 ml,500 ml,1,15,8835,8835
2025-02-06,GA/2024-25/00750,FY2024-25,2,ACC-103,Wadhwa Enterprises,Budhana,SM02,Sunil Tyagi,MSG-1L-15,Madhusudan Ghee 1 L,1 L,1,15,8670,8670
2025-02-06,GA/2024-25/00751,FY2024-25,2,ACC-105,Maa Singhal Enterprises,Miranpur,SM04,Pankaj Verma,MSG-500-30,Madhusudan Ghee 500 ml,500 ml,1,15,8835,8835
2025-02-06,GA/2024-25/00752,FY2024-25,2,ACC-106,Shree Ahuja & Company,Khatauli,SM02,Sunil Tyagi,MSG-200-75,Madhusudan Ghee 200 ml,200 ml,1,15,8995,8995
2025-02-06,GA/2024-25/00753,FY2024-25,2,ACC-130,Maa Nagpal & Company,Deoband,SM05,Deepak Rana,MSG-1L-15,Madhusudan Ghee 1 L,1 L,1,15,8670,8670
2025-02-07,GA/2024-25/00754,FY2024-25,2,ACC-026,Krishna Goel Marketing,Shamli,SM01,Rakesh Kumar,MSG-1L-15,Madhusudan Ghee 1 L,1 L,2,30,8670,17340
2025-02-07,GA/2024-25/00755,FY2024-25,2,ACC-042,Maa Sachdeva Agencies,Charthawal,SM03,Amit Saini,MSG-1L-15,Madhusudan Ghee 1 L,1 L,2,30,8670,17340
2025-02-07,GA/2024-25/00756,FY2024-25,2,ACC-101,Shri Ahuja Enterprises,Miranpur,SM04,Pankaj Verma,MSG-1L-15,Madhusudan Ghee 1 L,1 L,1,15,8670,8670
2025-02-08,GA/2024-25/00757,FY2024-25,2,ACC-012,Bhardwaj Dairy,Charthawal,SM03,Amit Saini,MSG-1L-15,Madhusudan Ghee 1 L,1 L,1,15,8670,8670
2025-02-08,GA/2024-25/00758,FY2024-25,2,ACC-029,Balaji Rana Agencies,Khatauli,SM02,Sunil Tyagi,MSG-200-75,Madhusudan Ghee 200 ml,200 ml,1,15,8995,8995
2025-02-08,GA/2024-25/00759,FY2024-25,2,ACC-062,Dubey General Store,Khatauli,SM02,Sunil Tyagi,MSG-1L-15,Madhusudan Ghee 1 L,1 L,1,15,8670,8670
2025-02-08,GA/2024-25/00760,FY2024-25,2,ACC-069,Balaji Kapoor General Store,Budhana,SM02,Sunil Tyagi,MSG-1L-15,Madhusudan Ghee 1 L,1 L,2,30,8670,17340
2025-02-10,GA/2024-25/00761,FY2024-25,2,ACC-039,New Chopra Dairy,Deoband,SM05,Deepak Rana,MSG-200-75,Madhusudan Ghee 200 ml,200 ml,1,15,8995,8995
2025-02-10,GA/2024-25/00762,FY2024-25,2,ACC-040,New Mishra Trading Co.,Shamli,SM01,Rakesh Kumar,MSG-1L-15,Madhusudan Ghee 1 L,1 L,1,15,8670,8670
2025-02-10,GA/2024-25/00763,FY2024-25,2,ACC-052,Krishna Srivastava & Company,Shamli,SM01,Rakesh Kumar,MSG-500-30,Madhusudan Ghee 500 ml,500 ml,1,15,8835,8835
2025-02-10,GA/2024-25/00764,FY2024-25,2,ACC-073,Maa Gupta Dairy,Jansath,SM03,Amit Saini,MSG-1L-15,Madhusudan Ghee 1 L,1 L,1,15,8670,8670
2025-02-10,GA/2024-25/00765,FY2024-25,2,ACC-122,Balaji Agarwal Traders,Miranpur,SM04,Pankaj Verma,MSG-1L-15,Madhusudan Ghee 1 L,1 L,1,15,8670,8670
2025-02-10,GA/2024-25/00766,FY2024-25,2,ACC-144,Shree Ahuja Provisions,Shamli,SM01,Rakesh Kumar,MSG-1L-15,Madhusudan Ghee 1 L,1 L,1,15,8670,8670
2025-02-11,GA/2024-25/00767,FY2024-25,2,ACC-056,Bajaj Provisions,Deoband,SM05,Deepak Rana,MSG-500-30,Madhusudan Ghee 500 ml,500 ml,1,15,8835,8835
2025-02-12,GA/2024-25/00768,FY2024-25,2,ACC-050,Jai Sachdeva & Company,Budhana,SM02,Sunil Tyagi,MSG-500-30,Madhusudan Ghee 500 ml,500 ml,1,15,8835,8835
2025-02-12,GA/2024-25/00769,FY2024-25,2,ACC-096,Maheshwari Stores,Deoband,SM05,Deepak Rana,MSG-500-30,Madhusudan Ghee 500 ml,500 ml,1,15,8835,8835
2025-02-13,GA/2024-25/00770,FY2024-25,2,ACC-025,Om Chaudhary Agencies,Budhana,SM02,Sunil Tyagi,MSG-1L-15,Madhusudan Ghee 1 L,1 L,1,15,8670,8670
2025-02-13,GA/2024-25/00771,FY2024-25,2,ACC-102,Shree Solanki Distributors,Kairana,SM05,Deepak Rana,MSG-500-30,Madhusudan Ghee 500 ml,500 ml,2,30,8835,17670
2025-02-14,GA/2024-25/00772,FY2024-25,2,ACC-046,New Kapoor Traders,Kairana,SM05,Deepak Rana,MSG-1L-15,Madhusudan Ghee 1 L,1 L,1,15,8670,8670
2025-02-14,GA/2024-25/00773,FY2024-25,2,ACC-143,Garg Marketing,Muzaffarnagar,SM01,Rakesh Kumar,MSG-1L-15,Madhusudan Ghee 1 L,1 L,1,15,8670,8670
2025-02-15,GA/2024-25/00774,FY2024-25,2,ACC-005,Malhotra Dairy,Kairana,SM05,Deepak Rana,MSG-500-30,Madhusudan Ghee 500 ml,500 ml,3,45,8835,26505
2025-02-15,GA/2024-25/00775,FY2024-25,2,ACC-118,Laxmi Rana & Sons,Budhana,SM02,Sunil Tyagi,MSG-500-30,Madhusudan Ghee 500 ml,500 ml,1,15,8835,8835
2025-02-17,GA/2024-25/00776,FY2024-25,2,ACC-003,Krishna Khurana Provisions,Budhana,SM02,Sunil Tyagi,MSG-1L-15,Madhusudan Ghee 1 L,1 L,1,15,8670,8670
2025-02-17,GA/2024-25/00776,FY2024-25,2,ACC-003,Krishna Khurana Provisions,Budhana,SM02,Sunil Tyagi,MSG-500-30,Madhusudan Ghee 500 ml,500 ml,1,15,8835,8835
2025-02-17,GA/2024-25/00777,FY2024-25,2,ACC-022,Tandon & Company,Kairana,SM05,Deepak Rana,MSG-1L-15,Madhusudan Ghee 1 L,1 L,2,30,8670,17340
2025-02-17,GA/2024-25/00778,FY2024-25,2,ACC-061,Jai Srivastava General Store,Muzaffarnagar,SM01,Rakesh Kumar,MSG-500-30,Madhusudan Ghee 500 ml,500 ml,1,15,8835,8835
2025-02-17,GA/2024-25/00779,FY2024-25,2,ACC-071,New Kansal & Sons,Muzaffarnagar,SM01,Rakesh Kumar,MSG-500-30,Madhusudan Ghee 500 ml,500 ml,1,15,8835,8835
2025-02-17,GA/2024-25/00780,FY2024-25,2,ACC-145,Nagpal Kirana Store,Budhana,SM02,Sunil Tyagi,MSG-1L-15,Madhusudan Ghee 1 L,1 L,1,15,8670,8670
2025-02-18,GA/2024-25/00781,FY2024-25,2,ACC-007,Om Pandey Distributors,Purqazi,SM04,Pankaj Verma,MSG-1L-15,Madhusudan Ghee 1 L,1 L,1,15,8670,8670
2025-02-18,GA/2024-25/00781,FY2024-25,2,ACC-007,Om Pandey Distributors,Purqazi,SM04,Pankaj Verma,MSG-500-30,Madhusudan Ghee 500 ml,500 ml,1,15,8835,8835
2025-02-18,GA/2024-25/00782,FY2024-25,2,ACC-047,Khurana Distributors,Jansath,SM03,Amit Saini,MSG-1L-15,Madhusudan Ghee 1 L,1 L,1,15,8670,8670
2025-02-18,GA/2024-25/00783,FY2024-25,2,ACC-080,Malhotra Enterprises,Kairana,SM05,Deepak Rana,MSG-500-30,Madhusudan Ghee 500 ml,500 ml,1,15,8835,8835
2025-02-19,GA/2024-25/00784,FY2024-25,2,ACC-006,Ganesh Jindal Dairy,Kairana,SM05,Deepak Rana,MSG-1L-15,Madhusudan Ghee 1 L,1 L,1,15,8670,8670
2025-02-19,GA/2024-25/00784,FY2024-25,2,ACC-006,Ganesh Jindal Dairy,Kairana,SM05,Deepak Rana,MSG-500-30,Madhusudan Ghee 500 ml,500 ml,1,15,8835,8835
2025-02-19,GA/2024-25/00785,FY2024-25,2,ACC-037,Maa Yadav Stores,Charthawal,SM03,Amit Saini,MSG-1L-15,Madhusudan Ghee 1 L,1 L,2,30,8670,17340
2025-02-19,GA/2024-25/00786,FY2024-25,2,ACC-044,Mittal Marketing,Khatauli,SM02,Sunil Tyagi,MSG-1L-15,Madhusudan Ghee 1 L,1 L,1,15,8670,8670
2025-02-19,GA/2024-25/00786,FY2024-25,2,ACC-044,Mittal Marketing,Khatauli,SM02,Sunil Tyagi,MSG-500-30,Madhusudan Ghee 500 ml,500 ml,1,15,8835,8835
2025-02-19,GA/2024-25/00787,FY2024-25,2,ACC-107,Ganesh Sachdeva Provisions,Charthawal,SM03,Amit Saini,MSG-1L-15,Madhusudan Ghee 1 L,1 L,1,15,8670,8670
2025-02-19,GA/2024-25/00788,FY2024-25,2,ACC-121,New Yadav Trading Co.,Miranpur,SM04,Pankaj Verma,MSG-200-75,Madhusudan Ghee 200 ml,200 ml,1,15,8995,8995
2025-02-20,GA/2024-25/00789,FY2024-25,2,ACC-001,Om Dubey Super Market,Muzaffarnagar,SM01,Rakesh Kumar,MSG-500-30,Madhusudan Ghee 500 ml,500 ml,3,45,8835,26505
2025-02-20,GA/2024-25/00790,FY2024-25,2,ACC-004,Jai Solanki Traders,Deoband,SM05,Deepak Rana,MSG-1L-15,Madhusudan Ghee 1 L,1 L,3,45,8670,26010
2025-02-20,GA/2024-25/00791,FY2024-25,2,ACC-030,Laxmi Sharma Stores,Jansath,SM03,Amit Saini,MSG-200-75,Madhusudan Ghee 200 ml,200 ml,1,15,8995,8995
2025-02-20,GA/2024-25/00792,FY2024-25,2,ACC-049,Goyal General Store,Muzaffarnagar,SM01,Rakesh Kumar,MSG-200-75,Madhusudan Ghee 200 ml,200 ml,1,15,8995,8995
2025-02-20,GA/2024-25/00793,FY2024-25,2,ACC-099,Balaji Garg Distributors,Khatauli,SM02,Sunil Tyagi,MSG-1L-15,Madhusudan Ghee 1 L,1 L,2,30,8670,17340
2025-02-21,GA/2024-25/00794,FY2024-25,2,ACC-017,Maa Malik Enterprises,Kairana,SM05,Deepak Rana,MSG-1L-15,Madhusudan Ghee 1 L,1 L,1,15,8670,8670
2025-02-21,GA/2024-25/00795,FY2024-25,2,ACC-032,Goyal Super Market,Deoband,SM05,Deepak Rana,MSG-1L-15,Madhusudan Ghee 1 L,1 L,1,15,8670,8670
2025-02-22,GA/2024-25/00796,FY2024-25,2,ACC-009,Krishna Srivastava Agencies,Kairana,SM05,Deepak Rana,MSG-1L-15,Madhusudan Ghee 1 L,1 L,2,30,8670,17340
2025-02-22,GA/2024-25/00797,FY2024-25,2,ACC-015,Wadhwa Super Market,Muzaffarnagar,SM01,Rakesh Kumar,MSG-500-30,Madhusudan Ghee 500 ml,500 ml,1,15,8835,8835
2025-02-22,GA/2024-25/00798,FY2024-25,2,ACC-109,Laxmi Goel Traders,Purqazi,SM04,Pankaj Verma,MSG-200-75,Madhusudan Ghee 200 ml,200 ml,1,15,8995,8995
2025-02-22,GA/2024-25/00799,FY2024-25,2,ACC-124,Shree Garg Trading Co.,Muzaffarnagar,SM01,Rakesh Kumar,MSG-200-75,Madhusudan Ghee 200 ml,200 ml,1,15,8995,8995
2025-02-24,GA/2024-25/00800,FY2024-25,2,ACC-031,Laxmi Sirohi Super Market,Charthawal,SM03,Amit Saini,MSG-500-30,Madhusudan Ghee 500 ml,500 ml,1,15,8835,8835
2025-02-24,GA/2024-25/00801,FY2024-25,2,ACC-054,Jai Goyal General Store,Miranpur,SM04,Pankaj Verma,MSG-1L-15,Madhusudan Ghee 1 L,1 L,1,15,8670,8670
2025-02-24,GA/2024-25/00802,FY2024-25,2,ACC-064,Laxmi Mishra Super Market,Miranpur,SM04,Pankaj Verma,MSG-500-30,Madhusudan Ghee 500 ml,500 ml,2,30,8835,17670
2025-02-24,GA/2024-25/00803,FY2024-25,2,ACC-113,Singla Enterprises,Khatauli,SM02,Sunil Tyagi,MSG-1L-15,Madhusudan Ghee 1 L,1 L,1,15,8670,8670
2025-02-26,GA/2024-25/00804,FY2024-25,2,ACC-002,New Dubey Marketing,Kairana,SM05,Deepak Rana,MSG-1L-15,Madhusudan Ghee 1 L,1 L,3,45,8670,26010
2025-02-26,GA/2024-25/00805,FY2024-25,2,ACC-008,Shree Maheshwari Enterprises,Shamli,SM01,Rakesh Kumar,MSG-1L-15,Madhusudan Ghee 1 L,1 L,1,15,8670,8670
2025-02-26,GA/2024-25/00805,FY2024-25,2,ACC-008,Shree Maheshwari Enterprises,Shamli,SM01,Rakesh Kumar,MSG-200-75,Madhusudan Ghee 200 ml,200 ml,2,30,8995,17990
2025-02-26,GA/2024-25/00806,FY2024-25,2,ACC-021,Shri Tandon Stores,Muzaffarnagar,SM01,Rakesh Kumar,MSG-1L-15,Madhusudan Ghee 1 L,1 L,1,15,8670,8670
2025-02-26,GA/2024-25/00807,FY2024-25,2,ACC-078,Krishna Singhal & Company,Shamli,SM01,Rakesh Kumar,MSG-1L-15,Madhusudan Ghee 1 L,1 L,1,15,8670,8670
2025-02-26,GA/2024-25/00808,FY2024-25,2,ACC-097,New Mishra Distributors,Deoband,SM05,Deepak Rana,MSG-200-75,Madhusudan Ghee 200 ml,200 ml,1,15,8995,8995
2025-02-26,GA/2024-25/00809,FY2024-25,2,ACC-119,Solanki Dairy,Deoband,SM05,Deepak Rana,MSG-500-30,Madhusudan Ghee 500 ml,500 ml,1,15,8835,8835
2025-02-27,GA/2024-25/00810,FY2024-25,2,ACC-013,Krishna Sachdeva Enterprises,Khatauli,SM02,Sunil Tyagi,MSG-1L-15,Madhusudan Ghee 1 L,1 L,1,15,8670,8670
2025-02-27,GA/2024-25/00811,FY2024-25,2,ACC-014,Maa Chopra Kirana Store,Khatauli,SM02,Sunil Tyagi,MSG-500-30,Madhusudan Ghee 500 ml,500 ml,1,15,8835,8835
2025-02-28,GA/2024-25/00812,FY2024-25,2,ACC-020,Krishna Bhardwaj Trading Co.,Khatauli,SM02,Sunil Tyagi,MSG-1L-15,Madhusudan Ghee 1 L,1 L,1,15,8670,8670
2025-02-28,GA/2024-25/00813,FY2024-25,2,ACC-090,Malik Stores,Miranpur,SM04,Pankaj Verma,MSG-200-75,Madhusudan Ghee 200 ml,200 ml,1,15,8995,8995
2025-03-03,GA/2024-25/00814,FY2024-25,3,ACC-002,New Dubey Marketing,Kairana,SM05,Deepak Rana,MSG-200-75,Madhusudan Ghee 200 ml,200 ml,2,30,8995,17990
2025-03-03,GA/2024-25/00815,FY2024-25,3,ACC-007,Om Pandey Distributors,Purqazi,SM04,Pankaj Verma,MSG-1L-15,Madhusudan Ghee 1 L,1 L,2,30,8670,17340
2025-03-03,GA/2024-25/00816,FY2024-25,3,ACC-016,Ganesh Bhardwaj Trading Co.,Budhana,SM02,Sunil Tyagi,MSG-1L-15,Madhusudan Ghee 1 L,1 L,1,15,8670,8670
2025-03-03,GA/2024-25/00817,FY2024-25,3,ACC-023,Agarwal Distributors,Jansath,SM03,Amit Saini,MSG-1L-15,Madhusudan Ghee 1 L,1 L,2,30,8670,17340
2025-03-03,GA/2024-25/00818,FY2024-25,3,ACC-097,New Mishra Distributors,Deoband,SM05,Deepak Rana,MSG-500-30,Madhusudan Ghee 500 ml,500 ml,1,15,8835,8835
2025-03-03,GA/2024-25/00819,FY2024-25,3,ACC-103,Wadhwa Enterprises,Budhana,SM02,Sunil Tyagi,MSG-200-75,Madhusudan Ghee 200 ml,200 ml,1,15,8995,8995
2025-03-03,GA/2024-25/00820,FY2024-25,3,ACC-104,Bajaj Agencies,Budhana,SM02,Sunil Tyagi,MSG-500-30,Madhusudan Ghee 500 ml,500 ml,1,15,8835,8835
2025-03-04,GA/2024-25/00821,FY2024-25,3,ACC-030,Laxmi Sharma Stores,Jansath,SM03,Amit Saini,MSG-500-30,Madhusudan Ghee 500 ml,500 ml,1,15,8835,8835
2025-03-06,GA/2024-25/00822,FY2024-25,3,ACC-009,Krishna Srivastava Agencies,Kairana,SM05,Deepak Rana,MSG-1L-15,Madhusudan Ghee 1 L,1 L,1,15,8670,8670
2025-03-06,GA/2024-25/00823,FY2024-25,3,ACC-017,Maa Malik Enterprises,Kairana,SM05,Deepak Rana,MSG-200-75,Madhusudan Ghee 200 ml,200 ml,1,15,8995,8995
2025-03-07,GA/2024-25/00824,FY2024-25,3,ACC-048,Maa Sharma Marketing,Budhana,SM02,Sunil Tyagi,MSG-200-75,Madhusudan Ghee 200 ml,200 ml,1,15,8995,8995
2025-03-07,GA/2024-25/00825,FY2024-25,3,ACC-073,Maa Gupta Dairy,Jansath,SM03,Amit Saini,MSG-1L-15,Madhusudan Ghee 1 L,1 L,2,30,8670,17340
2025-03-07,GA/2024-25/00826,FY2024-25,3,ACC-090,Malik Stores,Miranpur,SM04,Pankaj Verma,MSG-200-75,Madhusudan Ghee 200 ml,200 ml,1,15,8995,8995
2025-03-08,GA/2024-25/00827,FY2024-25,3,ACC-039,New Chopra Dairy,Deoband,SM05,Deepak Rana,MSG-500-30,Madhusudan Ghee 500 ml,500 ml,1,15,8835,8835
2025-03-10,GA/2024-25/00828,FY2024-25,3,ACC-011,New Maheshwari Super Market,Kairana,SM05,Deepak Rana,MSG-200-75,Madhusudan Ghee 200 ml,200 ml,1,15,8995,8995
2025-03-10,GA/2024-25/00829,FY2024-25,3,ACC-013,Krishna Sachdeva Enterprises,Khatauli,SM02,Sunil Tyagi,MSG-1L-15,Madhusudan Ghee 1 L,1 L,1,15,8670,8670
2025-03-10,GA/2024-25/00829,FY2024-25,3,ACC-013,Krishna Sachdeva Enterprises,Khatauli,SM02,Sunil Tyagi,MSG-200-75,Madhusudan Ghee 200 ml,200 ml,1,15,8995,8995
2025-03-10,GA/2024-25/00830,FY2024-25,3,ACC-022,Tandon & Company,Kairana,SM05,Deepak Rana,MSG-200-75,Madhusudan Ghee 200 ml,200 ml,1,15,8995,8995
2025-03-10,GA/2024-25/00831,FY2024-25,3,ACC-134,Jai Wadhwa Sales Corporation,Kairana,SM05,Deepak Rana,MSG-1L-15,Madhusudan Ghee 1 L,1 L,1,15,8670,8670
2025-03-11,GA/2024-25/00832,FY2024-25,3,ACC-042,Maa Sachdeva Agencies,Charthawal,SM03,Amit Saini,MSG-1L-15,Madhusudan Ghee 1 L,1 L,1,15,8670,8670
2025-03-11,GA/2024-25/00833,FY2024-25,3,ACC-068,Ganesh Saxena General Store,Shamli,SM01,Rakesh Kumar,MSG-500-30,Madhusudan Ghee 500 ml,500 ml,1,15,8835,8835
2025-03-11,GA/2024-25/00834,FY2024-25,3,ACC-109,Laxmi Goel Traders,Purqazi,SM04,Pankaj Verma,MSG-1L-15,Madhusudan Ghee 1 L,1 L,1,15,8670,8670
2025-03-11,GA/2024-25/00835,FY2024-25,3,ACC-113,Singla Enterprises,Khatauli,SM02,Sunil Tyagi,MSG-500-30,Madhusudan Ghee 500 ml,500 ml,1,15,8835,8835
2025-03-12,GA/2024-25/00836,FY2024-25,3,ACC-034,Mishra & Company,Khatauli,SM02,Sunil Tyagi,MSG-200-75,Madhusudan Ghee 200 ml,200 ml,1,15,8995,8995
2025-03-12,GA/2024-25/00837,FY2024-25,3,ACC-041,Chopra Traders,Purqazi,SM04,Pankaj Verma,MSG-1L-15,Madhusudan Ghee 1 L,1 L,1,15,8670,8670
2025-03-12,GA/2024-25/00838,FY2024-25,3,ACC-056,Bajaj Provisions,Deoband,SM05,Deepak Rana,MSG-1L-15,Madhusudan Ghee 1 L,1 L,1,15,8670,8670
2025-03-12,GA/2024-25/00839,FY2024-25,3,ACC-098,Balaji Rana Distributors,Shamli,SM01,Rakesh Kumar,MSG-1L-15,Madhusudan Ghee 1 L,1 L,1,15,8670,8670
2025-03-13,GA/2024-25/00840,FY2024-25,3,ACC-012,Bhardwaj Dairy,Charthawal,SM03,Amit Saini,MSG-1L-15,Madhusudan Ghee 1 L,1 L,2,30,8670,17340
2025-03-13,GA/2024-25/00841,FY2024-25,3,ACC-067,Gupta Trading Co.,Khatauli,SM02,Sunil Tyagi,MSG-1L-15,Madhusudan Ghee 1 L,1 L,1,15,8670,8670
2025-03-13,GA/2024-25/00842,FY2024-25,3,ACC-072,Verma Agencies,Khatauli,SM02,Sunil Tyagi,MSG-500-30,Madhusudan Ghee 500 ml,500 ml,1,15,8835,8835
2025-03-14,GA/2024-25/00843,FY2024-25,3,ACC-033,Balaji Singhal Stores,Deoband,SM05,Deepak Rana,MSG-1L-15,Madhusudan Ghee 1 L,1 L,2,30,8670,17340
2025-03-14,GA/2024-25/00844,FY2024-25,3,ACC-107,Ganesh Sachdeva Provisions,Charthawal,SM03,Amit Saini,MSG-1L-15,Madhusudan Ghee 1 L,1 L,1,15,8670,8670
2025-03-15,GA/2024-25/00845,FY2024-25,3,ACC-049,Goyal General Store,Muzaffarnagar,SM01,Rakesh Kumar,MSG-500-30,Madhusudan Ghee 500 ml,500 ml,1,15,8835,8835
2025-03-17,GA/2024-25/00846,FY2024-25,3,ACC-005,Malhotra Dairy,Kairana,SM05,Deepak Rana,MSG-200-75,Madhusudan Ghee 200 ml,200 ml,2,30,8995,17990
2025-03-17,GA/2024-25/00847,FY2024-25,3,ACC-008,Shree Maheshwari Enterprises,Shamli,SM01,Rakesh Kumar,MSG-1L-15,Madhusudan Ghee 1 L,1 L,2,30,8670,17340
2025-03-17,GA/2024-25/00847,FY2024-25,3,ACC-008,Shree Maheshwari Enterprises,Shamli,SM01,Rakesh Kumar,MSG-200-75,Madhusudan Ghee 200 ml,200 ml,2,30,8995,17990
2025-03-17,GA/2024-25/00848,FY2024-25,3,ACC-043,Shree Jain Dairy,Miranpur,SM04,Pankaj Verma,MSG-1L-15,Madhusudan Ghee 1 L,1 L,1,15,8670,8670
2025-03-17,GA/2024-25/00849,FY2024-25,3,ACC-046,New Kapoor Traders,Kairana,SM05,Deepak Rana,MSG-1L-15,Madhusudan Ghee 1 L,1 L,1,15,8670,8670
2025-03-17,GA/2024-25/00850,FY2024-25,3,ACC-055,Shree Pandey Stores,Charthawal,SM03,Amit Saini,MSG-1L-15,Madhusudan Ghee 1 L,1 L,1,15,8670,8670
2025-03-17,GA/2024-25/00851,FY2024-25,3,ACC-110,Laxmi Kansal & Sons,Kairana,SM05,Deepak Rana,MSG-500-30,Madhusudan Ghee 500 ml,500 ml,1,15,8835,8835
2025-03-18,GA/2024-25/00852,FY2024-25,3,ACC-003,Krishna Khurana Provisions,Budhana,SM02,Sunil Tyagi,MSG-1L-15,Madhusudan Ghee 1 L,1 L,2,30,8670,17340
2025-03-18,GA/2024-25/00853,FY2024-25,3,ACC-019,Mishra Agencies,Muzaffarnagar,SM01,Rakesh Kumar,MSG-200-75,Madhusudan Ghee 200 ml,200 ml,1,15,8995,8995
2025-03-18,GA/2024-25/00854,FY2024-25,3,ACC-035,Ganesh Baliyan Traders,Deoband,SM05,Deepak Rana,MSG-1L-15,Madhusudan Ghee 1 L,1 L,1,15,8670,8670
2025-03-18,GA/2024-25/00855,FY2024-25,3,ACC-037,Maa Yadav Stores,Charthawal,SM03,Amit Saini,MSG-500-30,Madhusudan Ghee 500 ml,500 ml,2,30,8835,17670
2025-03-18,GA/2024-25/00856,FY2024-25,3,ACC-071,New Kansal & Sons,Muzaffarnagar,SM01,Rakesh Kumar,MSG-500-30,Madhusudan Ghee 500 ml,500 ml,1,15,8835,8835
2025-03-19,GA/2024-25/00857,FY2024-25,3,ACC-001,Om Dubey Super Market,Muzaffarnagar,SM01,Rakesh Kumar,MSG-1L-15,Madhusudan Ghee 1 L,1 L,2,30,8670,17340
2025-03-19,GA/2024-25/00858,FY2024-25,3,ACC-020,Krishna Bhardwaj Trading Co.,Khatauli,SM02,Sunil Tyagi,MSG-200-75,Madhusudan Ghee 200 ml,200 ml,1,15,8995,8995
2025-03-19,GA/2024-25/00859,FY2024-25,3,ACC-063,Ganesh Kapoor Trading Co.,Charthawal,SM03,Amit Saini,MSG-1L-15,Madhusudan Ghee 1 L,1 L,1,15,8670,8670
2025-03-19,GA/2024-25/00860,FY2024-25,3,ACC-099,Balaji Garg Distributors,Khatauli,SM02,Sunil Tyagi,MSG-1L-15,Madhusudan Ghee 1 L,1 L,1,15,8670,8670
2025-03-20,GA/2024-25/00861,FY2024-25,3,ACC-003,Krishna Khurana Provisions,Budhana,SM02,Sunil Tyagi,MSG-1L-15,Madhusudan Ghee 1 L,1 L,2,30,8670,17340
2025-03-20,GA/2024-25/00862,FY2024-25,3,ACC-060,New Ahuja Trading Co.,Jansath,SM03,Amit Saini,MSG-1L-15,Madhusudan Ghee 1 L,1 L,1,15,8670,8670
2025-03-20,GA/2024-25/00863,FY2024-25,3,ACC-062,Dubey General Store,Khatauli,SM02,Sunil Tyagi,MSG-200-75,Madhusudan Ghee 200 ml,200 ml,1,15,8995,8995
2025-03-21,GA/2024-25/00864,FY2024-25,3,ACC-004,Jai Solanki Traders,Deoband,SM05,Deepak Rana,MSG-1L-15,Madhusudan Ghee 1 L,1 L,1,15,8670,8670
2025-03-21,GA/2024-25/00864,FY2024-25,3,ACC-004,Jai Solanki Traders,Deoband,SM05,Deepak Rana,MSG-500-30,Madhusudan Ghee 500 ml,500 ml,1,15,8835,8835
2025-03-22,GA/2024-25/00865,FY2024-25,3,ACC-025,Om Chaudhary Agencies,Budhana,SM02,Sunil Tyagi,MSG-200-75,Madhusudan Ghee 200 ml,200 ml,1,15,8995,8995
2025-03-24,GA/2024-25/00866,FY2024-25,3,ACC-021,Shri Tandon Stores,Muzaffarnagar,SM01,Rakesh Kumar,MSG-1L-15,Madhusudan Ghee 1 L,1 L,1,15,8670,8670
2025-03-24,GA/2024-25/00867,FY2024-25,3,ACC-026,Krishna Goel Marketing,Shamli,SM01,Rakesh Kumar,MSG-200-75,Madhusudan Ghee 200 ml,200 ml,1,15,8995,8995
2025-03-25,GA/2024-25/00868,FY2024-25,3,ACC-102,Shree Solanki Distributors,Kairana,SM05,Deepak Rana,MSG-1L-15,Madhusudan Ghee 1 L,1 L,1,15,8670,8670
2025-03-25,GA/2024-25/00869,FY2024-25,3,ACC-120,Ganesh Kansal Provisions,Muzaffarnagar,SM01,Rakesh Kumar,MSG-500-30,Madhusudan Ghee 500 ml,500 ml,1,15,8835,8835
2025-03-26,GA/2024-25/00870,FY2024-25,3,ACC-027,Shree Gupta & Sons,Miranpur,SM04,Pankaj Verma,MSG-1L-15,Madhusudan Ghee 1 L,1 L,1,15,8670,8670
2025-03-26,GA/2024-25/00871,FY2024-25,3,ACC-029,Balaji Rana Agencies,Khatauli,SM02,Sunil Tyagi,MSG-1L-15,Madhusudan Ghee 1 L,1 L,1,15,8670,8670
2025-03-27,GA/2024-25/00872,FY2024-25,3,ACC-032,Goyal Super Market,Deoband,SM05,Deepak Rana,MSG-500-30,Madhusudan Ghee 500 ml,500 ml,1,15,8835,8835
2025-03-27,GA/2024-25/00873,FY2024-25,3,ACC-074,Jai Bajaj Stores,Khatauli,SM02,Sunil Tyagi,MSG-1L-15,Madhusudan Ghee 1 L,1 L,1,15,8670,8670
2025-03-27,GA/2024-25/00874,FY2024-25,3,ACC-078,Krishna Singhal & Company,Shamli,SM01,Rakesh Kumar,MSG-1L-15,Madhusudan Ghee 1 L,1 L,2,30,8670,17340
2025-03-27,GA/2024-25/00875,FY2024-25,3,ACC-143,Garg Marketing,Muzaffarnagar,SM01,Rakesh Kumar,MSG-1L-15,Madhusudan Ghee 1 L,1 L,1,15,8670,8670
2025-03-28,GA/2024-25/00876,FY2024-25,3,ACC-052,Krishna Srivastava & Company,Shamli,SM01,Rakesh Kumar,MSG-1L-15,Madhusudan Ghee 1 L,1 L,1,15,8670,8670
2025-03-28,GA/2024-25/00877,FY2024-25,3,ACC-092,Bhardwaj Distributors,Purqazi,SM04,Pankaj Verma,MSG-500-30,Madhusudan Ghee 500 ml,500 ml,1,15,8835,8835
2025-03-28,GA/2024-25/00878,FY2024-25,3,ACC-115,Sethi Super Market,Budhana,SM02,Sunil Tyagi,MSG-1L-15,Madhusudan Ghee 1 L,1 L,1,15,8670,8670
2025-03-29,GA/2024-25/00879,FY2024-25,3,ACC-036,Shree Saini Enterprises,Budhana,SM02,Sunil Tyagi,MSG-1L-15,Madhusudan Ghee 1 L,1 L,1,15,8670,8670
2025-03-29,GA/2024-25/00880,FY2024-25,3,ACC-100,New Tandon Super Market,Khatauli,SM02,Sunil Tyagi,MSG-200-75,Madhusudan Ghee 200 ml,200 ml,1,15,8995,8995
2025-03-31,GA/2024-25/00881,FY2024-25,3,ACC-006,Ganesh Jindal Dairy,Kairana,SM05,Deepak Rana,MSG-1L-15,Madhusudan Ghee 1 L,1 L,2,30,8670,17340
2025-03-31,GA/2024-25/00882,FY2024-25,3,ACC-053,Tandon Trading Co.,Charthawal,SM03,Amit Saini,MSG-1L-15,Madhusudan Ghee 1 L,1 L,1,15,8670,8670
2025-03-31,GA/2024-25/00883,FY2024-25,3,ACC-054,Jai Goyal General Store,Miranpur,SM04,Pankaj Verma,MSG-200-75,Madhusudan Ghee 200 ml,200 ml,1,15,8995,8995
2025-03-31,GA/2024-25/00884,FY2024-25,3,ACC-095,Maa Gupta Provisions,Charthawal,SM03,Amit Saini,MSG-1L-15,Madhusudan Ghee 1 L,1 L,1,15,8670,8670
