invoice_date,invoice_no,account_code,sku,cartons,litres,rate_per_carton,sales_amount
2022-04-01,GA/2022-23/00001,ACC-112,MSG-1L-15,1,15,8100,8100
2022-04-01,GA/2022-23/00002,ACC-127,MSG-1L-15,2,30,8100,16200
2022-04-01,GA/2022-23/00003,ACC-131,MSG-500-30,2,30,8250,16500
2022-04-02,GA/2022-23/00004,ACC-042,MSG-200-75,2,30,8400,16800
2022-04-04,GA/2022-23/00005,ACC-018,MSG-1L-15,1,15,8100,8100
2022-04-05,GA/2022-23/00006,ACC-001,MSG-500-30,1,15,8250,8250
2022-04-05,GA/2022-23/00007,ACC-005,MSG-1L-15,1,15,8100,8100
2022-04-05,GA/2022-23/00007,ACC-005,MSG-500-30,1,15,8250,8250
2022-04-05,GA/2022-23/00008,ACC-093,MSG-1L-15,1,15,8100,8100
2022-04-05,GA/2022-23/00009,ACC-098,MSG-1L-15,1,15,8100,8100
2022-04-06,GA/2022-23/00010,ACC-056,MSG-500-30,1,15,8250,8250
2022-04-06,GA/2022-23/00011,ACC-062,MSG-1L-15,1,15,8100,8100
2022-04-06,GA/2022-23/00012,ACC-119,MSG-1L-15,2,30,8100,16200
2022-04-07,GA/2022-23/00013,ACC-031,MSG-1L-15,1,15,8100,8100
2022-04-07,GA/2022-23/00014,ACC-061,MSG-1L-15,1,15,8100,8100
2022-04-08,GA/2022-23/00015,ACC-114,MSG-200-75,1,15,8400,8400
2022-04-09,GA/2022-23/00016,ACC-010,MSG-200-75,1,15,8400,8400
2022-04-09,GA/2022-23/00016,ACC-010,MSG-500-30,1,15,8250,8250
2022-04-09,GA/2022-23/00017,ACC-021,MSG-1L-15,1,15,8100,8100
2022-04-09,GA/2022-23/00018,ACC-074,MSG-200-75,1,15,8400,8400
2022-04-11,GA/2022-23/00019,ACC-002,MSG-1L-15,3,45,8100,24300
2022-04-11,GA/2022-23/00020,ACC-008,MSG-1L-15,3,45,8100,24300
2022-04-11,GA/2022-23/00021,ACC-023,MSG-1L-15,1,15,8100,8100
2022-04-11,GA/2022-23/00021,ACC-023,MSG-500-30,1,15,8250,8250
2022-04-11,GA/2022-23/00022,ACC-066,MSG-1L-15,1,15,8100,8100
2022-04-11,GA/2022-23/00023,ACC-073,MSG-1L-15,1,15,8100,8100
2022-04-11,GA/2022-23/00023,ACC-073,MSG-200-75,1,15,8400,8400
2022-04-11,GA/2022-23/00024,ACC-118,MSG-1L-15,1,15,8100,8100
2022-04-12,GA/2022-23/00025,ACC-007,MSG-1L-15,2,30,8100,16200
2022-04-12,GA/2022-23/00026,ACC-014,MSG-1L-15,2,30,8100,16200
2022-04-12,GA/2022-23/00027,ACC-106,MSG-1L-15,2,30,8100,16200
2022-04-12,GA/2022-23/00028,ACC-108,MSG-500-30,1,15,8250,8250
2022-04-12,GA/2022-23/00029,ACC-110,MSG-1L-15,1,15,8100,8100
2022-04-12,GA/2022-23/00030,ACC-139,MSG-500-30,1,15,8250,8250
2022-04-13,GA/2022-23/00031,ACC-027,MSG-1L-15,1,15,8100,8100
2022-04-14,GA/2022-23/00032,ACC-030,MSG-1L-15,1,15,8100,8100
2022-04-14,GA/2022-23/00032,ACC-030,MSG-200-75,1,15,8400,8400
2022-04-14,GA/2022-23/00033,ACC-082,MSG-500-30,1,15,8250,8250
2022-04-15,GA/2022-23/00034,ACC-006,MSG-1L-15,2,30,8100,16200
2022-04-15,GA/2022-23/00035,ACC-032,MSG-500-30,1,15,8250,8250
2022-04-15,GA/2022-23/00036,ACC-081,MSG-1L-15,1,15,8100,8100
2022-04-15,GA/2022-23/00037,ACC-142,MSG-1L-15,1,15,8100,8100
2022-04-16,GA/2022-23/00038,ACC-058,MSG-500-30,1,15,8250,8250
2022-04-18,GA/2022-23/00039,ACC-045,MSG-1L-15,1,15,8100,8100
2022-04-18,GA/2022-23/00039,ACC-045,MSG-500-30,1,15,8250,8250
2022-04-18,GA/2022-23/00040,ACC-048,MSG-500-30,1,15,8250,8250
2022-04-18,GA/2022-23/00041,ACC-054,MSG-1L-15,1,15,8100,8100
2022-04-18,GA/2022-23/00042,ACC-063,MSG-1L-15,1,15,8100,8100
2022-04-18,GA/2022-23/00043,ACC-125,MSG-200-75,1,15,8400,8400
2022-04-19,GA/2022-23/00044,ACC-015,MSG-1L-15,1,15,8100,8100
2022-04-19,GA/2022-23/00045,ACC-065,MSG-1L-15,1,15,8100,8100
2022-04-20,GA/2022-23/00046,ACC-038,MSG-1L-15,1,15,8100,8100
2022-04-20,GA/2022-23/00047,ACC-136,MSG-1L-15,1,15,8100,8100
2022-04-21,GA/2022-23/00048,ACC-001,MSG-1L-15,2,30,8100,16200
2022-04-21,GA/2022-23/00048,ACC-001,MSG-200-75,1,15,8400,8400
2022-04-21,GA/2022-23/00049,ACC-019,MSG-500-30,2,30,8250,16500
2022-04-21,GA/2022-23/00050,ACC-033,MSG-500-30,1,15,8250,8250
2022-04-21,GA/2022-23/00051,ACC-072,MSG-1L-15,1,15,8100,8100
2022-04-22,GA/2022-23/00052,ACC-009,MSG-1L-15,1,15,8100,8100
2022-04-22,GA/2022-23/00053,ACC-130,MSG-200-75,1,15,8400,8400
2022-04-23,GA/2022-23/00054,ACC-003,MSG-1L-15,2,30,8100,16200
2022-04-25,GA/2022-23/00055,ACC-011,MSG-500-30,1,15,8250,8250
2022-04-25,GA/2022-23/00056,ACC-013,MSG-1L-15,1,15,8100,8100
2022-04-25,GA/2022-23/00057,ACC-016,MSG-1L-15,1,15,8100,8100
2022-04-26,GA/2022-23/00058,ACC-012,MSG-500-30,1,15,8250,8250
2022-04-26,GA/2022-23/00059,ACC-022,MSG-1L-15,1,15,8100,8100
2022-04-26,GA/2022-23/00059,ACC-022,MSG-500-30,1,15,8250,8250
2022-04-27,GA/2022-23/00060,ACC-029,MSG-1L-15,1,15,8100,8100
2022-04-28,GA/2022-23/00061,ACC-025,MSG-1L-15,1,15,8100,8100
2022-04-28,GA/2022-23/00062,ACC-039,MSG-500-30,1,15,8250,8250
2022-04-28,GA/2022-23/00063,ACC-103,MSG-1L-15,1,15,8100,8100
2022-04-28,GA/2022-23/00063,ACC-103,MSG-500-30,2,30,8250,16500
2022-04-29,GA/2022-23/00064,ACC-046,MSG-500-30,1,15,8250,8250
2022-04-29,GA/2022-23/00065,ACC-049,MSG-1L-15,1,15,8100,8100
2022-04-29,GA/2022-23/00066,ACC-120,MSG-500-30,1,15,8250,8250
2022-04-29,GA/2022-23/00067,ACC-138,MSG-1L-15,1,15,8100,8100
2022-04-30,GA/2022-23/00068,ACC-105,MSG-1L-15,1,15,8100,8100
2022-04-30,GA/2022-23/00069,ACC-132,MSG-1L-15,2,30,8100,16200
2022-04-30,GA/2022-23/00069,ACC-132,MSG-500-30,1,15,8250,8250
2022-05-02,GA/2022-23/00070,ACC-008,MSG-1L-15,2,30,8150,16300
2022-05-02,GA/2022-23/00071,ACC-045,MSG-1L-15,1,15,8150,8150
2022-05-02,GA/2022-23/00072,ACC-046,MSG-500-30,1,15,8300,8300
2022-05-02,GA/2022-23/00073,ACC-133,MSG-500-30,1,15,8300,8300
2022-05-03,GA/2022-23/00074,ACC-017,MSG-1L-15,1,15,8150,8150
2022-05-03,GA/2022-23/00074,ACC-017,MSG-200-75,1,15,8450,8450
2022-05-03,GA/2022-23/00075,ACC-088,MSG-500-30,2,30,8300,16600
2022-05-03,GA/2022-23/00076,ACC-128,MSG-1L-15,1,15,8150,8150
2022-05-04,GA/2022-23/00077,ACC-090,MSG-200-75,1,15,8450,8450
2022-05-05,GA/2022-23/00078,ACC-109,MSG-1L-15,1,15,8150,8150
2022-05-06,GA/2022-23/00079,ACC-016,MSG-1L-15,1,15,8150,8150
2022-05-06,GA/2022-23/00080,ACC-106,MSG-1L-15,1,15,8150,8150
2022-05-06,GA/2022-23/00081,ACC-108,MSG-1L-15,1,15,8150,8150
2022-05-07,GA/2022-23/00082,ACC-006,MSG-1L-15,1,15,8150,8150
2022-05-07,GA/2022-23/00082,ACC-006,MSG-500-30,1,15,8300,8300
2022-05-07,GA/2022-23/00083,ACC-058,MSG-1L-15,1,15,8150,8150
2022-05-07,GA/2022-23/00084,ACC-081,MSG-500-30,1,15,8300,8300
2022-05-09,GA/2022-23/00085,ACC-032,MSG-1L-15,1,15,8150,8150
2022-05-09,GA/2022-23/00085,ACC-032,MSG-500-30,1,15,8300,8300
2022-05-09,GA/2022-23/00086,ACC-098,MSG-1L-15,1,15,8150,8150
2022-05-09,GA/2022-23/00087,ACC-105,MSG-1L-15,1,15,8150,8150
2022-05-10,GA/2022-23/00088,ACC-042,MSG-1L-15,1,15,8150,8150
2022-05-10,GA/2022-23/00089,ACC-062,MSG-1L-15,2,30,8150,16300
2022-05-11,GA/2022-23/00090,ACC-019,MSG-1L-15,1,15,8150,8150
2022-05-11,GA/2022-23/00090,ACC-019,MSG-500-30,1,15,8300,8300
2022-05-12,GA/2022-23/00091,ACC-005,MSG-1L-15,2,30,8150,16300
2022-05-12,GA/2022-23/00092,ACC-072,MSG-1L-15,1,15,8150,8150
2022-05-13,GA/2022-23/00093,ACC-018,MSG-1L-15,2,30,8150,16300
2022-05-13,GA/2022-23/00094,ACC-135,MSG-500-30,1,15,8300,8300
2022-05-14,GA/2022-23/00095,ACC-021,MSG-1L-15,1,15,8150,8150
2022-05-16,GA/2022-23/00096,ACC-003,MSG-1L-15,1,15,8150,8150
2022-05-16,GA/2022-23/00096,ACC-003,MSG-500-30,1,15,8300,8300
2022-05-16,GA/2022-23/00097,ACC-038,MSG-1L-15,1,15,8150,8150
2022-05-16,GA/2022-23/00098,ACC-044,MSG-1L-15,1,15,8150,8150
2022-05-16,GA/2022-23/00099,ACC-083,MSG-500-30,1,15,8300,8300
2022-05-16,GA/2022-23/00100,ACC-134,MSG-1L-15,1,15,8150,8150
2022-05-17,GA/2022-23/00101,ACC-010,MSG-1L-15,2,30,8150,16300
2022-05-17,GA/2022-23/00102,ACC-022,MSG-200-75,1,15,8450,8450
2022-05-17,GA/2022-23/00103,ACC-091,MSG-1L-15,1,15,8150,8150
2022-05-17,GA/2022-23/00104,ACC-119,MSG-1L-15,1,15,8150,8150
2022-05-18,GA/2022-23/00105,ACC-001,MSG-500-30,2,30,8300,16600
2022-05-18,GA/2022-23/00106,ACC-014,MSG-200-75,1,15,8450,8450
2022-05-18,GA/2022-23/00107,ACC-047,MSG-1L-15,2,30,8150,16300
2022-05-18,GA/2022-23/00108,ACC-049,MSG-1L-15,2,30,8150,16300
2022-05-18,GA/2022-23/00109,ACC-097,MSG-1L-15,2,30,8150,16300
2022-05-19,GA/2022-23/00110,ACC-112,MSG-1L-15,1,15,8150,8150
2022-05-20,GA/2022-23/00111,ACC-001,MSG-500-30,3,45,8300,24900
2022-05-23,GA/2022-23/00112,ACC-002,MSG-500-30,2,30,8300,16600
2022-05-23,GA/2022-23/00113,ACC-007,MSG-500-30,3,45,8300,24900
2022-05-23,GA/2022-23/00114,ACC-031,MSG-1L-15,1,15,8150,8150
2022-05-23,GA/2022-23/00115,ACC-059,MSG-1L-15,1,15,8150,8150
2022-05-23,GA/2022-23/00116,ACC-066,MSG-500-30,1,15,8300,8300
2022-05-23,GA/2022-23/00117,ACC-068,MSG-1L-15,1,15,8150,8150
2022-05-23,GA/2022-23/00118,ACC-101,MSG-500-30,1,15,8300,8300
2022-05-24,GA/2022-23/00119,ACC-015,MSG-1L-15,1,15,8150,8150
2022-05-24,GA/2022-23/00120,ACC-041,MSG-1L-15,1,15,8150,8150
2022-05-25,GA/2022-23/00121,ACC-099,MSG-1L-15,1,15,8150,8150
2022-05-25,GA/2022-23/00121,ACC-099,MSG-500-30,1,15,8300,8300
2022-05-26,GA/2022-23/00122,ACC-004,MSG-200-75,1,15,8450,8450
2022-05-26,GA/2022-23/00122,ACC-004,MSG-500-30,2,30,8300,16600
2022-05-26,GA/2022-23/00123,ACC-009,MSG-1L-15,2,30,8150,16300
2022-05-26,GA/2022-23/00124,ACC-056,MSG-1L-15,1,15,8150,8150
2022-05-27,GA/2022-23/00125,ACC-033,MSG-1L-15,1,15,8150,8150
2022-05-27,GA/2022-23/00126,ACC-087,MSG-1L-15,1,15,8150,8150
2022-05-30,GA/2022-23/00127,ACC-138,MSG-1L-15,1,15,8150,8150
2022-05-31,GA/2022-23/00128,ACC-012,MSG-200-75,1,15,8450,8450
2022-06-02,GA/2022-23/00129,ACC-013,MSG-1L-15,1,15,8150,8150
2022-06-02,GA/2022-23/00130,ACC-039,MSG-500-30,1,15,8300,8300
2022-06-02,GA/2022-23/00131,ACC-044,MSG-200-75,1,15,8450,8450
2022-06-02,GA/2022-23/00131,ACC-044,MSG-500-30,1,15,8300,8300
2022-06-02,GA/2022-23/00132,ACC-083,MSG-200-75,1,15,8450,8450
2022-06-03,GA/2022-23/00133,ACC-004,MSG-1L-15,2,30,8150,16300
2022-06-03,GA/2022-23/00134,ACC-050,MSG-500-30,1,15,8300,8300
2022-06-03,GA/2022-23/00135,ACC-097,MSG-500-30,1,15,8300,8300
2022-06-03,GA/2022-23/00136,ACC-116,MSG-1L-15,1,15,8150,8150
2022-06-04,GA/2022-23/00137,ACC-001,MSG-1L-15,1,15,8150,8150
2022-06-04,GA/2022-23/00137,ACC-001,MSG-200-75,1,15,8450,8450
2022-06-04,GA/2022-23/00138,ACC-046,MSG-500-30,1,15,8300,8300
2022-06-06,GA/2022-23/00139,ACC-003,MSG-1L-15,2,30,8150,16300
2022-06-06,GA/2022-23/00139,ACC-003,MSG-200-75,1,15,8450,8450
2022-06-06,GA/2022-23/00140,ACC-032,MSG-1L-15,1,15,8150,8150
2022-06-06,GA/2022-23/00141,ACC-048,MSG-200-75,1,15,8450,8450
2022-06-06,GA/2022-23/00142,ACC-074,MSG-500-30,1,15,8300,8300
2022-06-06,GA/2022-23/00143,ACC-075,MSG-1L-15,1,15,8150,8150
2022-06-07,GA/2022-23/00144,ACC-023,MSG-1L-15,2,30,8150,16300
2022-06-08,GA/2022-23/00145,ACC-020,MSG-1L-15,1,15,8150,8150
2022-06-08,GA/2022-23/00146,ACC-029,MSG-500-30,1,15,8300,8300
2022-06-08,GA/2022-23/00147,ACC-036,MSG-1L-15,1,15,8150,8150
2022-06-08,GA/2022-23/00148,ACC-081,MSG-1L-15,1,15,8150,8150
2022-06-09,GA/2022-23/00149,ACC-002,MSG-500-30,2,30,8300,16600
2022-06-09,GA/2022-23/00150,ACC-033,MSG-1L-15,1,15,8150,8150
2022-06-09,GA/2022-23/00151,ACC-133,MSG-1L-15,1,15,8150,8150
2022-06-13,GA/2022-23/00152,ACC-017,MSG-1L-15,1,15,8150,8150
2022-06-13,GA/2022-23/00153,ACC-058,MSG-500-30,1,15,8300,8300
2022-06-13,GA/2022-23/00154,ACC-106,MSG-200-75,1,15,8450,8450
2022-06-14,GA/2022-23/00155,ACC-021,MSG-200-75,1,15,8450,8450
2022-06-14,GA/2022-23/00156,ACC-041,MSG-200-75,1,15,8450,8450
2022-06-14,GA/2022-23/00157,ACC-082,MSG-1L-15,1,15,8150,8150
2022-06-14,GA/2022-23/00158,ACC-084,MSG-200-75,1,15,8450,8450
2022-06-14,GA/2022-23/00159,ACC-099,MSG-1L-15,1,15,8150,8150
2022-06-14,GA/2022-23/00160,ACC-115,MSG-500-30,1,15,8300,8300
2022-06-15,GA/2022-23/00161,ACC-014,MSG-200-75,1,15,8450,8450
2022-06-16,GA/2022-23/00162,ACC-108,MSG-200-75,1,15,8450,8450
2022-06-18,GA/2022-23/00163,ACC-065,MSG-500-30,1,15,8300,8300
2022-06-20,GA/2022-23/00164,ACC-004,MSG-200-75,3,45,8450,25350
2022-06-20,GA/2022-23/00165,ACC-011,MSG-200-75,1,15,8450,8450
2022-06-20,GA/2022-23/00165,ACC-011,MSG-500-30,1,15,8300,8300
2022-06-20,GA/2022-23/00166,ACC-072,MSG-1L-15,1,15,8150,8150
2022-06-21,GA/2022-23/00167,ACC-068,MSG-200-75,1,15,8450,8450
2022-06-22,GA/2022-23/00168,ACC-019,MSG-1L-15,1,15,8150,8150
2022-06-22,GA/2022-23/00169,ACC-054,MSG-500-30,1,15,8300,8300
2022-06-23,GA/2022-23/00170,ACC-006,MSG-500-30,2,30,8300,16600
2022-06-23,GA/2022-23/00171,ACC-066,MSG-1L-15,1,15,8150,8150
2022-06-23,GA/2022-23/00172,ACC-112,MSG-200-75,1,15,8450,8450
2022-06-23,GA/2022-23/00173,ACC-132,MSG-1L-15,1,15,8150,8150
2022-06-24,GA/2022-23/00174,ACC-139,MSG-1L-15,1,15,8150,8150
2022-06-25,GA/2022-23/00175,ACC-049,MSG-1L-15,1,15,8150,8150
2022-06-25,GA/2022-23/00176,ACC-061,MSG-500-30,1,15,8300,8300
2022-06-27,GA/2022-23/00177,ACC-007,MSG-500-30,2,30,8300,16600
2022-06-27,GA/2022-23/00178,ACC-018,MSG-1L-15,1,15,8150,8150
2022-06-27,GA/2022-23/00179,ACC-031,MSG-200-75,1,15,8450,8450
2022-06-27,GA/2022-23/00180,ACC-107,MSG-1L-15,1,15,8150,8150
2022-06-28,GA/2022-23/00181,ACC-051,MSG-1L-15,1,15,8150,8150
2022-06-28,GA/2022-23/00181,ACC-051,MSG-500-30,1,15,8300,8300
2022-06-29,GA/2022-23/00182,ACC-010,MSG-1L-15,1,15,8150,8150
2022-06-30,GA/2022-23/00183,ACC-005,MSG-200-75,2,30,8450,16900
2022-06-30,GA/2022-23/00183,ACC-005,MSG-500-30,2,30,8300,16600
2022-06-30,GA/2022-23/00184,ACC-008,MSG-1L-15,2,30,8150,16300
2022-07-01,GA/2022-23/00185,ACC-098,MSG-500-30,1,15,8300,8300
2022-07-02,GA/2022-23/00186,ACC-018,MSG-1L-15,1,15,8150,8150
2022-07-02,GA/2022-23/00187,ACC-032,MSG-500-30,2,30,8300,16600
2022-07-04,GA/2022-23/00188,ACC-017,MSG-200-75,1,15,8450,8450
2022-07-04,GA/2022-23/00189,ACC-042,MSG-500-30,1,15,8300,8300
2022-07-04,GA/2022-23/00190,ACC-049,MSG-500-30,1,15,8300,8300
2022-07-04,GA/2022-23/00191,ACC-085,MSG-1L-15,2,30,8150,16300
2022-07-05,GA/2022-23/00192,ACC-014,MSG-1L-15,1,15,8150,8150
2022-07-05,GA/2022-23/00193,ACC-068,MSG-1L-15,1,15,8150,8150
2022-07-05,GA/2022-23/00194,ACC-118,MSG-1L-15,1,15,8150,8150
2022-07-06,GA/2022-23/00195,ACC-094,MSG-1L-15,1,15,8150,8150
2022-07-06,GA/2022-23/00196,ACC-102,MSG-500-30,1,15,8300,8300
2022-07-07,GA/2022-23/00197,ACC-020,MSG-500-30,1,15,8300,8300
2022-07-07,GA/2022-23/00198,ACC-029,MSG-1L-15,1,15,8150,8150
2022-07-07,GA/2022-23/00198,ACC-029,MSG-500-30,1,15,8300,8300
2022-07-08,GA/2022-23/00199,ACC-066,MSG-1L-15,2,30,8150,16300
2022-07-09,GA/2022-23/00200,ACC-015,MSG-1L-15,2,30,8150,16300
2022-07-11,GA/2022-23/00201,ACC-012,MSG-500-30,2,30,8300,16600
2022-07-11,GA/2022-23/00202,ACC-040,MSG-1L-15,1,15,8150,8150
2022-07-11,GA/2022-23/00203,ACC-048,MSG-1L-15,1,15,8150,8150
2022-07-11,GA/2022-23/00204,ACC-058,MSG-500-30,1,15,8300,8300
2022-07-11,GA/2022-23/00205,ACC-091,MSG-1L-15,1,15,8150,8150
2022-07-11,GA/2022-23/00206,ACC-099,MSG-1L-15,1,15,8150,8150
2022-07-12,GA/2022-23/00207,ACC-006,MSG-1L-15,2,30,8150,16300
2022-07-12,GA/2022-23/00208,ACC-019,MSG-1L-15,1,15,8150,8150
2022-07-13,GA/2022-23/00209,ACC-114,MSG-200-75,1,15,8450,8450
2022-07-13,GA/2022-23/00210,ACC-128,MSG-1L-15,1,15,8150,8150
2022-07-14,GA/2022-23/00211,ACC-008,MSG-1L-15,2,30,8150,16300
2022-07-15,GA/2022-23/00212,ACC-039,MSG-1L-15,1,15,8150,8150
2022-07-15,GA/2022-23/00213,ACC-056,MSG-1L-15,1,15,8150,8150
2022-07-15,GA/2022-23/00214,ACC-135,MSG-200-75,1,15,8450,8450
2022-07-16,GA/2022-23/00215,ACC-001,MSG-1L-15,2,30,8150,16300
2022-07-16,GA/2022-23/00215,ACC-001,MSG-200-75,1,15,8450,8450
2022-07-16,GA/2022-23/00216,ACC-044,MSG-1L-15,1,15,8150,8150
2022-07-16,GA/2022-23/00217,ACC-142,MSG-500-30,1,15,8300,8300
2022-07-18,GA/2022-23/00218,ACC-003,MSG-1L-15,3,45,8150,24450
2022-07-18,GA/2022-23/00219,ACC-028,MSG-500-30,1,15,8300,8300
2022-07-18,GA/2022-23/00220,ACC-062,MSG-1L-15,1,15,8150,8150
2022-07-18,GA/2022-23/00221,ACC-079,MSG-1L-15,1,15,8150,8150
2022-07-18,GA/2022-23/00222,ACC-100,MSG-1L-15,1,15,8150,8150
2022-07-18,GA/2022-23/00223,ACC-119,MSG-1L-15,1,15,8150,8150
2022-07-19,GA/2022-23/00224,ACC-025,MSG-1L-15,1,15,8150,8150
2022-07-21,GA/2022-23/00225,ACC-004,MSG-1L-15,2,30,8150,16300
2022-07-21,GA/2022-23/00226,ACC-092,MSG-200-75,1,15,8450,8450
2022-07-22,GA/2022-23/00227,ACC-041,MSG-500-30,1,15,8300,8300
2022-07-22,GA/2022-23/00228,ACC-117,MSG-500-30,1,15,8300,8300
2022-07-23,GA/2022-23/00229,ACC-002,MSG-1L-15,3,45,8150,24450
2022-07-23,GA/2022-23/00230,ACC-110,MSG-200-75,1,15,8450,8450
2022-07-25,GA/2022-23/00231,ACC-031,MSG-200-75,1,15,8450,8450
2022-07-25,GA/2022-23/00232,ACC-054,MSG-1L-15,1,15,8150,8150
2022-07-25,GA/2022-23/00233,ACC-132,MSG-1L-15,1,15,8150,8150
2022-07-26,GA/2022-23/00234,ACC-063,MSG-1L-15,2,30,8150,16300
2022-07-26,GA/2022-23/00235,ACC-081,MSG-500-30,1,15,8300,8300
2022-07-26,GA/2022-23/00236,ACC-138,MSG-1L-15,1,15,8150,8150
2022-07-27,GA/2022-23/00237,ACC-009,MSG-1L-15,1,15,8150,8150
2022-07-27,GA/2022-23/00238,ACC-016,MSG-500-30,2,30,8300,16600
2022-07-28,GA/2022-23/00239,ACC-005,MSG-500-30,3,45,8300,24900
2022-07-28,GA/2022-23/00240,ACC-023,MSG-1L-15,1,15,8150,8150
2022-07-29,GA/2022-23/00241,ACC-007,MSG-1L-15,1,15,8150,8150
2022-07-29,GA/2022-23/00241,ACC-007,MSG-200-75,1,15,8450,8450
2022-07-29,GA/2022-23/00242,ACC-010,MSG-1L-15,1,15,8150,8150
2022-07-29,GA/2022-23/00243,ACC-123,MSG-500-30,1,15,8300,8300
2022-07-30,GA/2022-23/00244,ACC-021,MSG-1L-15,1,15,8150,8150
2022-07-30,GA/2022-23/00245,ACC-036,MSG-200-75,1,15,8450,8450
2022-07-30,GA/2022-23/00246,ACC-074,MSG-500-30,1,15,8300,8300
2022-07-30,GA/2022-23/00247,ACC-097,MSG-1L-15,1,15,8150,8150
2022-07-30,GA/2022-23/00248,ACC-144,MSG-1L-15,1,15,8150,8150
2022-08-01,GA/2022-23/00249,ACC-011,MSG-200-75,1,15,8450,8450
2022-08-01,GA/2022-23/00250,ACC-020,MSG-1L-15,1,15,8150,8150
2022-08-01,GA/2022-23/00251,ACC-128,MSG-1L-15,2,30,8150,16300
2022-08-02,GA/2022-23/00252,ACC-030,MSG-500-30,1,15,8300,8300
2022-08-04,GA/2022-23/00253,ACC-028,MSG-1L-15,1,15,8150,8150
2022-08-04,GA/2022-23/00254,ACC-040,MSG-200-75,1,15,8450,8450
2022-08-04,GA/2022-23/00255,ACC-107,MSG-500-30,2,30,8300,16600
2022-08-05,GA/2022-23/00256,ACC-019,MSG-1L-15,1,15,8150,8150
2022-08-05,GA/2022-23/00257,ACC-031,MSG-1L-15,1,15,8150,8150
2022-08-05,GA/2022-23/00257,ACC-031,MSG-200-75,1,15,8450,8450
2022-08-05,GA/2022-23/00258,ACC-059,MSG-200-75,1,15,8450,8450
2022-08-05,GA/2022-23/00259,ACC-103,MSG-1L-15,1,15,8150,8150
2022-08-06,GA/2022-23/00260,ACC-005,MSG-1L-15,3,45,8150,24450
2022-08-08,GA/2022-23/00261,ACC-009,MSG-1L-15,2,30,8150,16300
2022-08-08,GA/2022-23/00262,ACC-027,MSG-1L-15,1,15,8150,8150
2022-08-08,GA/2022-23/00263,ACC-041,MSG-1L-15,1,15,8150,8150
2022-08-08,GA/2022-23/00264,ACC-048,MSG-500-30,1,15,8300,8300
2022-08-08,GA/2022-23/00265,ACC-100,MSG-500-30,1,15,8300,8300
2022-08-08,GA/2022-23/00266,ACC-101,MSG-1L-15,1,15,8150,8150
2022-08-08,GA/2022-23/00266,ACC-101,MSG-200-75,1,15,8450,8450
2022-08-08,GA/2022-23/00267,ACC-118,MSG-500-30,1,15,8300,8300
2022-08-09,GA/2022-23/00268,ACC-093,MSG-1L-15,1,15,8150,8150
2022-08-10,GA/2022-23/00269,ACC-008,MSG-1L-15,2,30,8150,16300
2022-08-10,GA/2022-23/00270,ACC-022,MSG-1L-15,1,15,8150,8150
2022-08-10,GA/2022-23/00271,ACC-123,MSG-200-75,1,15,8450,8450
2022-08-10,GA/2022-23/00271,ACC-123,MSG-500-30,1,15,8300,8300
2022-08-11,GA/2022-23/00272,ACC-007,MSG-1L-15,3,45,8150,24450
2022-08-11,GA/2022-23/00273,ACC-091,MSG-200-75,1,15,8450,8450
2022-08-11,GA/2022-23/00274,ACC-094,MSG-500-30,1,15,8300,8300
2022-08-12,GA/2022-23/00275,ACC-018,MSG-500-30,2,30,8300,16600
2022-08-12,GA/2022-23/00276,ACC-136,MSG-200-75,1,15,8450,8450
2022-08-15,GA/2022-23/00277,ACC-016,MSG-1L-15,1,15,8150,8150
2022-08-15,GA/2022-23/00278,ACC-017,MSG-200-75,1,15,8450,8450
2022-08-15,GA/2022-23/00279,ACC-114,MSG-500-30,1,15,8300,8300
2022-08-15,GA/2022-23/00280,ACC-115,MSG-1L-15,1,15,8150,8150
2022-08-15,GA/2022-23/00281,ACC-131,MSG-1L-15,1,15,8150,8150
2022-08-17,GA/2022-23/00282,ACC-032,MSG-1L-15,1,15,8150,8150
2022-08-17,GA/2022-23/00282,ACC-032,MSG-200-75,1,15,8450,8450
2022-08-18,GA/2022-23/00283,ACC-014,MSG-1L-15,1,15,8150,8150
2022-08-18,GA/2022-23/00284,ACC-026,MSG-200-75,1,15,8450,8450
2022-08-19,GA/2022-23/00285,ACC-003,MSG-200-75,2,30,8450,16900
2022-08-19,GA/2022-23/00285,ACC-003,MSG-500-30,2,30,8300,16600
2022-08-19,GA/2022-23/00286,ACC-004,MSG-1L-15,1,15,8150,8150
2022-08-19,GA/2022-23/00286,ACC-004,MSG-200-75,1,15,8450,8450
2022-08-19,GA/2022-23/00287,ACC-006,MSG-1L-15,2,30,8150,16300
2022-08-19,GA/2022-23/00288,ACC-119,MSG-500-30,1,15,8300,8300
2022-08-20,GA/2022-23/00289,ACC-004,MSG-1L-15,3,45,8150,24450
2022-08-22,GA/2022-23/00290,ACC-012,MSG-1L-15,2,30,8150,16300
2022-08-22,GA/2022-23/00291,ACC-050,MSG-1L-15,1,15,8150,8150
2022-08-22,GA/2022-23/00291,ACC-050,MSG-500-30,1,15,8300,8300
2022-08-23,GA/2022-23/00292,ACC-084,MSG-1L-15,1,15,8150,8150
2022-08-24,GA/2022-23/00293,ACC-025,MSG-1L-15,1,15,8150,8150
2022-08-24,GA/2022-23/00294,ACC-046,MSG-1L-15,1,15,8150,8150
2022-08-24,GA/2022-23/00295,ACC-049,MSG-200-75,1,15,8450,8450
2022-08-25,GA/2022-23/00296,ACC-013,MSG-1L-15,1,15,8150,8150
2022-08-25,GA/2022-23/00297,ACC-044,MSG-200-75,1,15,8450,8450
2022-08-25,GA/2022-23/00298,ACC-054,MSG-500-30,3,45,8300,24900
2022-08-25,GA/2022-23/00299,ACC-087,MSG-1L-15,1,15,8150,8150
2022-08-26,GA/2022-23/00300,ACC-002,MSG-500-30,3,45,8300,24900
2022-08-26,GA/2022-23/00301,ACC-015,MSG-500-30,2,30,8300,16600
2022-08-26,GA/2022-23/00302,ACC-021,MSG-1L-15,1,15,8150,8150
2022-08-26,GA/2022-23/00303,ACC-075,MSG-500-30,1,15,8300,8300
2022-08-26,GA/2022-23/00304,ACC-117,MSG-500-30,1,15,8300,8300
2022-08-26,GA/2022-23/00305,ACC-132,MSG-1L-15,1,15,8150,8150
2022-08-27,GA/2022-23/00306,ACC-001,MSG-1L-15,2,30,8150,16300
2022-08-27,GA/2022-23/00306,ACC-001,MSG-200-75,1,15,8450,8450
2022-08-27,GA/2022-23/00307,ACC-033,MSG-500-30,1,15,8300,8300
2022-08-27,GA/2022-23/00308,ACC-036,MSG-1L-15,1,15,8150,8150
2022-08-29,GA/2022-23/00309,ACC-023,MSG-500-30,1,15,8300,8300
2022-08-29,GA/2022-23/00310,ACC-029,MSG-1L-15,1,15,8150,8150
2022-08-29,GA/2022-23/00311,ACC-056,MSG-1L-15,1,15,8150,8150
2022-08-29,GA/2022-23/00312,ACC-062,MSG-500-30,1,15,8300,8300
2022-08-30,GA/2022-23/00313,ACC-066,MSG-1L-15,1,15,8150,8150
2022-08-30,GA/2022-23/00314,ACC-068,MSG-500-30,1,15,8300,8300
2022-09-01,GA/2022-23/00315,ACC-025,MSG-500-30,1,15,8300,8300
2022-09-01,GA/2022-23/00316,ACC-102,MSG-200-75,1,15,8450,8450
2022-09-03,GA/2022-23/00317,ACC-072,MSG-1L-15,1,15,8150,8150
2022-09-03,GA/2022-23/00318,ACC-112,MSG-1L-15,2,30,8150,16300
2022-09-03,GA/2022-23/00319,ACC-130,MSG-1L-15,1,15,8150,8150
2022-09-05,GA/2022-23/00320,ACC-015,MSG-200-75,1,15,8450,8450
2022-09-05,GA/2022-23/00320,ACC-015,MSG-500-30,1,15,8300,8300
2022-09-05,GA/2022-23/00321,ACC-123,MSG-200-75,1,15,8450,8450
2022-09-06,GA/2022-23/00322,ACC-026,MSG-1L-15,1,15,8150,8150
2022-09-06,GA/2022-23/00323,ACC-029,MSG-500-30,1,15,8300,8300
2022-09-07,GA/2022-23/00324,ACC-016,MSG-1L-15,2,30,8150,16300
2022-09-07,GA/2022-23/00325,ACC-084,MSG-200-75,1,15,8450,8450
2022-09-08,GA/2022-23/00326,ACC-021,MSG-1L-15,2,30,8150,16300
2022-09-08,GA/2022-23/00327,ACC-107,MSG-1L-15,2,30,8150,16300
2022-09-08,GA/2022-23/00328,ACC-132,MSG-1L-15,1,15,8150,8150
2022-09-09,GA/2022-23/00329,ACC-001,MSG-500-30,4,60,8300,33200
2022-09-09,GA/2022-23/00330,ACC-032,MSG-1L-15,2,30,8150,16300
2022-09-10,GA/2022-23/00331,ACC-061,MSG-1L-15,1,15,8150,8150
2022-09-12,GA/2022-23/00332,ACC-028,MSG-1L-15,1,15,8150,8150
2022-09-12,GA/2022-23/00333,ACC-088,MSG-500-30,1,15,8300,8300
2022-09-12,GA/2022-23/00334,ACC-103,MSG-500-30,1,15,8300,8300
2022-09-12,GA/2022-23/00335,ACC-125,MSG-500-30,2,30,8300,16600
2022-09-12,GA/2022-23/00336,ACC-133,MSG-1L-15,1,15,8150,8150
2022-09-13,GA/2022-23/00337,ACC-010,MSG-1L-15,2,30,8150,16300
2022-09-13,GA/2022-23/00338,ACC-014,MSG-1L-15,1,15,8150,8150
2022-09-13,GA/2022-23/00338,ACC-014,MSG-500-30,1,15,8300,8300
2022-09-13,GA/2022-23/00339,ACC-020,MSG-1L-15,1,15,8150,8150
2022-09-13,GA/2022-23/00340,ACC-048,MSG-1L-15,1,15,8150,8150
2022-09-14,GA/2022-23/00341,ACC-004,MSG-1L-15,2,30,8150,16300
2022-09-14,GA/2022-23/00342,ACC-013,MSG-1L-15,2,30,8150,16300
2022-09-14,GA/2022-23/00343,ACC-059,MSG-500-30,1,15,8300,8300
2022-09-14,GA/2022-23/00344,ACC-075,MSG-500-30,1,15,8300,8300
2022-09-14,GA/2022-23/00345,ACC-109,MSG-1L-15,1,15,8150,8150
2022-09-15,GA/2022-23/00346,ACC-002,MSG-500-30,3,45,8300,24900
2022-09-15,GA/2022-23/00347,ACC-044,MSG-1L-15,1,15,8150,8150
2022-09-16,GA/2022-23/00348,ACC-093,MSG-200-75,2,30,8450,16900
2022-09-16,GA/2022-23/00349,ACC-105,MSG-1L-15,2,30,8150,16300
2022-09-16,GA/2022-23/00350,ACC-108,MSG-1L-15,1,15,8150,8150
2022-09-17,GA/2022-23/00351,ACC-002,MSG-1L-15,2,30,8150,16300
2022-09-17,GA/2022-23/00352,ACC-022,MSG-1L-15,1,15,8150,8150
2022-09-19,GA/2022-23/00353,ACC-001,MSG-1L-15,3,45,8150,24450
2022-09-19,GA/2022-23/00354,ACC-033,MSG-500-30,1,15,8300,8300
2022-09-19,GA/2022-23/00355,ACC-058,MSG-500-30,1,15,8300,8300
2022-09-19,GA/2022-23/00356,ACC-127,MSG-200-75,2,30,8450,16900
2022-09-20,GA/2022-23/00357,ACC-110,MSG-1L-15,1,15,8150,8150
2022-09-21,GA/2022-23/00358,ACC-041,MSG-1L-15,1,15,8150,8150
2022-09-21,GA/2022-23/00359,ACC-081,MSG-1L-15,1,15,8150,8150
2022-09-22,GA/2022-23/00360,ACC-051,MSG-200-75,1,15,8450,8450
2022-09-22,GA/2022-23/00361,ACC-099,MSG-1L-15,1,15,8150,8150
2022-09-23,GA/2022-23/00362,ACC-045,MSG-1L-15,1,15,8150,8150
2022-09-23,GA/2022-23/00363,ACC-046,MSG-1L-15,1,15,8150,8150
2022-09-24,GA/2022-23/00364,ACC-004,MSG-1L-15,2,30,8150,16300
2022-09-24,GA/2022-23/00365,ACC-005,MSG-1L-15,3,45,8150,24450
2022-09-24,GA/2022-23/00366,ACC-012,MSG-500-30,1,15,8300,8300
2022-09-24,GA/2022-23/00367,ACC-073,MSG-1L-15,1,15,8150,8150
2022-09-26,GA/2022-23/00368,ACC-009,MSG-1L-15,3,45,8150,24450
2022-09-26,GA/2022-23/00369,ACC-068,MSG-1L-15,1,15,8150,8150
2022-09-26,GA/2022-23/00370,ACC-092,MSG-1L-15,1,15,8150,8150
2022-09-26,GA/2022-23/00371,ACC-114,MSG-1L-15,1,15,8150,8150
2022-09-26,GA/2022-23/00372,ACC-120,MSG-500-30,2,30,8300,16600
2022-09-26,GA/2022-23/00373,ACC-141,MSG-1L-15,1,15,8150,8150
2022-09-28,GA/2022-23/00374,ACC-006,MSG-1L-15,3,45,8150,24450
2022-09-28,GA/2022-23/00375,ACC-054,MSG-500-30,1,15,8300,8300
2022-09-29,GA/2022-23/00376,ACC-019,MSG-1L-15,1,15,8150,8150
2022-09-29,GA/2022-23/00377,ACC-036,MSG-200-75,1,15,8450,8450
2022-09-29,GA/2022-23/00378,ACC-040,MSG-200-75,1,15,8450,8450
2022-09-29,GA/2022-23/00379,ACC-117,MSG-1L-15,1,15,8150,8150
2022-09-30,GA/2022-23/00380,ACC-017,MSG-1L-15,1,15,8150,8150
2022-09-30,GA/2022-23/00381,ACC-039,MSG-200-75,1,15,8450,8450
2022-09-30,GA/2022-23/00382,ACC-049,MSG-200-75,1,15,8450,8450
2022-10-01,GA/2022-23/00383,ACC-059,MSG-500-30,1,15,8365,8365
2022-10-01,GA/2022-23/00384,ACC-092,MSG-500-30,2,30,8365,16730
2022-10-04,GA/2022-23/00385,ACC-030,MSG-1L-15,1,15,8215,8215
2022-10-04,GA/2022-23/00386,ACC-106,MSG-200-75,1,15,8520,8520
2022-10-05,GA/2022-23/00387,ACC-045,MSG-500-30,1,15,8365,8365
2022-10-05,GA/2022-23/00388,ACC-047,MSG-200-75,1,15,8520,8520
2022-10-05,GA/2022-23/00389,ACC-068,MSG-200-75,1,15,8520,8520
2022-10-05,GA/2022-23/00390,ACC-100,MSG-500-30,1,15,8365,8365
2022-10-05,GA/2022-23/00391,ACC-103,MSG-200-75,1,15,8520,8520
2022-10-05,GA/2022-23/00391,ACC-103,MSG-500-30,1,15,8365,8365
2022-10-05,GA/2022-23/00392,ACC-128,MSG-500-30,1,15,8365,8365
2022-10-06,GA/2022-23/00393,ACC-102,MSG-500-30,1,15,8365,8365
2022-10-06,GA/2022-23/00394,ACC-119,MSG-1L-15,2,30,8215,16430
2022-10-06,GA/2022-23/00394,ACC-119,MSG-500-30,1,15,8365,8365
2022-10-07,GA/2022-23/00395,ACC-029,MSG-200-75,1,15,8520,8520
2022-10-07,GA/2022-23/00396,ACC-033,MSG-500-30,2,30,8365,16730
2022-10-08,GA/2022-23/00397,ACC-108,MSG-1L-15,1,15,8215,8215
2022-10-10,GA/2022-23/00398,ACC-007,MSG-200-75,3,45,8520,25560
2022-10-10,GA/2022-23/00399,ACC-031,MSG-500-30,2,30,8365,16730
2022-10-10,GA/2022-23/00400,ACC-066,MSG-1L-15,2,30,8215,16430
2022-10-10,GA/2022-23/00401,ACC-097,MSG-1L-15,1,15,8215,8215
2022-10-10,GA/2022-23/00402,ACC-098,MSG-200-75,1,15,8520,8520
2022-10-10,GA/2022-23/00403,ACC-131,MSG-1L-15,1,15,8215,8215
2022-10-11,GA/2022-23/00404,ACC-005,MSG-500-30,3,45,8365,25095
2022-10-11,GA/2022-23/00405,ACC-013,MSG-500-30,2,30,8365,16730
2022-10-11,GA/2022-23/00406,ACC-109,MSG-1L-15,2,30,8215,16430
2022-10-12,GA/2022-23/00407,ACC-011,MSG-1L-15,2,30,8215,16430
2022-10-13,GA/2022-23/00408,ACC-027,MSG-200-75,1,15,8520,8520
2022-10-13,GA/2022-23/00409,ACC-065,MSG-200-75,1,15,8520,8520
2022-10-14,GA/2022-23/00410,ACC-003,MSG-1L-15,2,30,8215,16430
2022-10-14,GA/2022-23/00411,ACC-012,MSG-1L-15,1,15,8215,8215
2022-10-14,GA/2022-23/00411,ACC-012,MSG-500-30,1,15,8365,8365
2022-10-14,GA/2022-23/00412,ACC-041,MSG-1L-15,1,15,8215,8215
2022-10-14,GA/2022-23/00413,ACC-079,MSG-200-75,1,15,8520,8520
2022-10-14,GA/2022-23/00414,ACC-083,MSG-200-75,1,15,8520,8520
2022-10-15,GA/2022-23/00415,ACC-017,MSG-200-75,1,15,8520,8520
2022-10-15,GA/2022-23/00415,ACC-017,MSG-500-30,2,30,8365,16730
2022-10-15,GA/2022-23/00416,ACC-036,MSG-200-75,1,15,8520,8520
2022-10-15,GA/2022-23/00416,ACC-036,MSG-500-30,1,15,8365,8365
2022-10-15,GA/2022-23/00417,ACC-085,MSG-200-75,1,15,8520,8520
2022-10-17,GA/2022-23/00418,ACC-001,MSG-500-30,3,45,8365,25095
2022-10-17,GA/2022-23/00419,ACC-002,MSG-200-75,2,30,8520,17040
2022-10-17,GA/2022-23/00420,ACC-009,MSG-1L-15,1,15,8215,8215
2022-10-17,GA/2022-23/00420,ACC-009,MSG-200-75,1,15,8520,8520
2022-10-17,GA/2022-23/00421,ACC-015,MSG-200-75,1,15,8520,8520
2022-10-17,GA/2022-23/00421,ACC-015,MSG-500-30,1,15,8365,8365
2022-10-17,GA/2022-23/00422,ACC-123,MSG-1L-15,1,15,8215,8215
2022-10-18,GA/2022-23/00423,ACC-063,MSG-1L-15,1,15,8215,8215
2022-10-19,GA/2022-23/00424,ACC-048,MSG-500-30,1,15,8365,8365
2022-10-19,GA/2022-23/00425,ACC-091,MSG-1L-15,1,15,8215,8215
2022-10-19,GA/2022-23/00426,ACC-094,MSG-500-30,1,15,8365,8365
2022-10-20,GA/2022-23/00427,ACC-001,MSG-1L-15,3,45,8215,24645
2022-10-20,GA/2022-23/00428,ACC-004,MSG-200-75,3,45,8520,25560
2022-10-20,GA/2022-23/00429,ACC-044,MSG-500-30,1,15,8365,8365
2022-10-20,GA/2022-23/00430,ACC-062,MSG-1L-15,1,15,8215,8215
2022-10-20,GA/2022-23/00431,ACC-125,MSG-500-30,1,15,8365,8365
2022-10-21,GA/2022-23/00432,ACC-003,MSG-1L-15,1,15,8215,8215
2022-10-21,GA/2022-23/00432,ACC-003,MSG-500-30,1,15,8365,8365
2022-10-21,GA/2022-23/00433,ACC-016,MSG-1L-15,2,30,8215,16430
2022-10-21,GA/2022-23/00434,ACC-135,MSG-200-75,1,15,8520,8520
2022-10-22,GA/2022-23/00435,ACC-032,MSG-1L-15,1,15,8215,8215
2022-10-22,GA/2022-23/00436,ACC-042,MSG-1L-15,1,15,8215,8215
2022-10-24,GA/2022-23/00437,ACC-005,MSG-200-75,3,45,8520,25560
2022-10-24,GA/2022-23/00438,ACC-038,MSG-1L-15,1,15,8215,8215
2022-10-24,GA/2022-23/00439,ACC-049,MSG-1L-15,2,30,8215,16430
2022-10-24,GA/2022-23/00440,ACC-056,MSG-1L-15,1,15,8215,8215
2022-10-24,GA/2022-23/00441,ACC-058,MSG-1L-15,1,15,8215,8215
2022-10-24,GA/2022-23/00442,ACC-132,MSG-1L-15,1,15,8215,8215
2022-10-25,GA/2022-23/00443,ACC-006,MSG-1L-15,2,30,8215,16430
2022-10-25,GA/2022-23/00444,ACC-020,MSG-500-30,1,15,8365,8365
2022-10-25,GA/2022-23/00445,ACC-051,MSG-500-30,1,15,8365,8365
2022-10-25,GA/2022-23/00446,ACC-093,MSG-200-75,3,45,8520,25560
2022-10-25,GA/2022-23/00447,ACC-101,MSG-200-75,1,15,8520,8520
2022-10-25,GA/2022-23/00447,ACC-101,MSG-500-30,1,15,8365,8365
2022-10-25,GA/2022-23/00448,ACC-110,MSG-1L-15,3,45,8215,24645
2022-10-25,GA/2022-23/00449,ACC-134,MSG-1L-15,1,15,8215,8215
2022-10-25,GA/2022-23/00449,ACC-134,MSG-500-30,1,15,8365,8365
2022-10-26,GA/2022-23/00450,ACC-002,MSG-500-30,2,30,8365,16730
2022-10-26,GA/2022-23/00451,ACC-014,MSG-1L-15,1,15,8215,8215
2022-10-26,GA/2022-23/00451,ACC-014,MSG-500-30,1,15,8365,8365
2022-10-26,GA/2022-23/00452,ACC-018,MSG-1L-15,2,30,8215,16430
2022-10-26,GA/2022-23/00453,ACC-022,MSG-200-75,1,15,8520,8520
2022-10-26,GA/2022-23/00454,ACC-050,MSG-1L-15,1,15,8215,8215
2022-10-26,GA/2022-23/00455,ACC-061,MSG-1L-15,1,15,8215,8215
2022-10-27,GA/2022-23/00456,ACC-006,MSG-200-75,3,45,8520,25560
2022-10-27,GA/2022-23/00457,ACC-008,MSG-1L-15,1,15,8215,8215
2022-10-27,GA/2022-23/00457,ACC-008,MSG-500-30,2,30,8365,16730
2022-10-28,GA/2022-23/00458,ACC-021,MSG-200-75,2,30,8520,17040
2022-10-28,GA/2022-23/00458,ACC-021,MSG-500-30,1,15,8365,8365
2022-10-28,GA/2022-23/00459,ACC-028,MSG-500-30,1,15,8365,8365
2022-10-28,GA/2022-23/00460,ACC-136,MSG-1L-15,1,15,8215,8215
2022-10-28,GA/2022-23/00461,ACC-139,MSG-500-30,1,15,8365,8365
2022-10-29,GA/2022-23/00462,ACC-025,MSG-500-30,1,15,8365,8365
2022-10-29,GA/2022-23/00463,ACC-090,MSG-500-30,1,15,8365,8365
2022-10-31,GA/2022-23/00464,ACC-004,MSG-1L-15,3,45,8215,24645
2022-10-31,GA/2022-23/00464,ACC-004,MSG-500-30,2,30,8365,16730
2022-10-31,GA/2022-23/00465,ACC-010,MSG-1L-15,2,30,8215,16430
2022-10-31,GA/2022-23/00466,ACC-075,MSG-1L-15,2,30,8215,16430
2022-10-31,GA/2022-23/00467,ACC-082,MSG-500-30,1,15,8365,8365
2022-10-31,GA/2022-23/00468,ACC-107,MSG-1L-15,1,15,8215,8215
2022-10-31,GA/2022-23/00469,ACC-116,MSG-500-30,1,15,8365,8365
2022-11-01,GA/2022-23/00470,ACC-017,MSG-1L-15,1,15,8245,8245
2022-11-01,GA/2022-23/00471,ACC-036,MSG-1L-15,1,15,8245,8245
2022-11-01,GA/2022-23/00472,ACC-041,MSG-1L-15,1,15,8245,8245
2022-11-02,GA/2022-23/00473,ACC-059,MSG-500-30,1,15,8395,8395
2022-11-02,GA/2022-23/00474,ACC-132,MSG-200-75,1,15,8550,8550
2022-11-02,GA/2022-23/00474,ACC-132,MSG-500-30,1,15,8395,8395
2022-11-03,GA/2022-23/00475,ACC-014,MSG-1L-15,1,15,8245,8245
2022-11-03,GA/2022-23/00476,ACC-019,MSG-1L-15,2,30,8245,16490
2022-11-03,GA/2022-23/00477,ACC-068,MSG-200-75,1,15,8550,8550
2022-11-04,GA/2022-23/00478,ACC-045,MSG-200-75,2,30,8550,17100
2022-11-04,GA/2022-23/00479,ACC-101,MSG-500-30,1,15,8395,8395
2022-11-05,GA/2022-23/00480,ACC-136,MSG-500-30,1,15,8395,8395
2022-11-07,GA/2022-23/00481,ACC-010,MSG-1L-15,2,30,8245,16490
2022-11-07,GA/2022-23/00482,ACC-040,MSG-1L-15,1,15,8245,8245
2022-11-07,GA/2022-23/00483,ACC-051,MSG-200-75,1,15,8550,8550
2022-11-07,GA/2022-23/00484,ACC-075,MSG-200-75,1,15,8550,8550
2022-11-07,GA/2022-23/00485,ACC-093,MSG-1L-15,1,15,8245,8245
2022-11-07,GA/2022-23/00486,ACC-105,MSG-200-75,1,15,8550,8550
2022-11-07,GA/2022-23/00487,ACC-123,MSG-500-30,1,15,8395,8395
2022-11-08,GA/2022-23/00488,ACC-061,MSG-200-75,1,15,8550,8550
2022-11-08,GA/2022-23/00489,ACC-141,MSG-1L-15,2,30,8245,16490
2022-11-09,GA/2022-23/00490,ACC-001,MSG-200-75,3,45,8550,25650
2022-11-09,GA/2022-23/00491,ACC-018,MSG-500-30,1,15,8395,8395
2022-11-09,GA/2022-23/00492,ACC-042,MSG-500-30,1,15,8395,8395
2022-11-09,GA/2022-23/00493,ACC-044,MSG-1L-15,1,15,8245,8245
2022-11-10,GA/2022-23/00494,ACC-066,MSG-500-30,1,15,8395,8395
2022-11-11,GA/2022-23/00495,ACC-020,MSG-1L-15,1,15,8245,8245
2022-11-11,GA/2022-23/00496,ACC-032,MSG-1L-15,1,15,8245,8245
2022-11-11,GA/2022-23/00496,ACC-032,MSG-500-30,1,15,8395,8395
2022-11-11,GA/2022-23/00497,ACC-135,MSG-200-75,1,15,8550,8550
2022-11-12,GA/2022-23/00498,ACC-103,MSG-500-30,1,15,8395,8395
2022-11-12,GA/2022-23/00499,ACC-109,MSG-200-75,1,15,8550,8550
2022-11-14,GA/2022-23/00500,ACC-007,MSG-1L-15,3,45,8245,24735
2022-11-14,GA/2022-23/00501,ACC-049,MSG-200-75,1,15,8550,8550
2022-11-14,GA/2022-23/00502,ACC-083,MSG-1L-15,1,15,8245,8245
2022-11-14,GA/2022-23/00503,ACC-118,MSG-1L-15,1,15,8245,8245
2022-11-14,GA/2022-23/00504,ACC-119,MSG-500-30,1,15,8395,8395
2022-11-15,GA/2022-23/00505,ACC-002,MSG-1L-15,3,45,8245,24735
2022-11-15,GA/2022-23/00506,ACC-130,MSG-200-75,1,15,8550,8550
2022-11-16,GA/2022-23/00507,ACC-009,MSG-1L-15,2,30,8245,16490
2022-11-16,GA/2022-23/00508,ACC-013,MSG-1L-15,2,30,8245,16490
2022-11-16,GA/2022-23/00509,ACC-016,MSG-1L-15,1,15,8245,8245
2022-11-16,GA/2022-23/00510,ACC-084,MSG-1L-15,1,15,8245,8245
2022-11-16,GA/2022-23/00511,ACC-100,MSG-1L-15,1,15,8245,8245
2022-11-17,GA/2022-23/00512,ACC-114,MSG-1L-15,1,15,8245,8245
2022-11-18,GA/2022-23/00513,ACC-006,MSG-1L-15,2,30,8245,16490
2022-11-18,GA/2022-23/00514,ACC-079,MSG-200-75,2,30,8550,17100
2022-11-19,GA/2022-23/00515,ACC-033,MSG-200-75,2,30,8550,17100
2022-11-19,GA/2022-23/00516,ACC-038,MSG-1L-15,1,15,8245,8245
2022-11-21,GA/2022-23/00517,ACC-003,MSG-500-30,3,45,8395,25185
2022-11-21,GA/2022-23/00518,ACC-005,MSG-1L-15,2,30,8245,16490
2022-11-21,GA/2022-23/00518,ACC-005,MSG-500-30,2,30,8395,16790
2022-11-21,GA/2022-23/00519,ACC-011,MSG-200-75,1,15,8550,8550
2022-11-21,GA/2022-23/00520,ACC-015,MSG-200-75,1,15,8550,8550
2022-11-21,GA/2022-23/00521,ACC-025,MSG-1L-15,1,15,8245,8245
2022-11-21,GA/2022-23/00522,ACC-108,MSG-200-75,1,15,8550,8550
2022-11-22,GA/2022-23/00523,ACC-063,MSG-1L-15,1,15,8245,8245
2022-11-22,GA/2022-23/00524,ACC-102,MSG-200-75,1,15,8550,8550
2022-11-23,GA/2022-23/00525,ACC-022,MSG-200-75,1,15,8550,8550
2022-11-23,GA/2022-23/00526,ACC-065,MSG-1L-15,1,15,8245,8245
2022-11-23,GA/2022-23/00526,ACC-065,MSG-500-30,1,15,8395,8395
2022-11-23,GA/2022-23/00527,ACC-085,MSG-1L-15,1,15,8245,8245
2022-11-23,GA/2022-23/00528,ACC-091,MSG-200-75,1,15,8550,8550
2022-11-24,GA/2022-23/00529,ACC-008,MSG-500-30,4,60,8395,33580
2022-11-25,GA/2022-23/00530,ACC-021,MSG-1L-15,1,15,8245,8245
2022-11-25,GA/2022-23/00531,ACC-027,MSG-500-30,1,15,8395,8395
2022-11-25,GA/2022-23/00532,ACC-029,MSG-1L-15,1,15,8245,8245
2022-11-25,GA/2022-23/00533,ACC-054,MSG-1L-15,1,15,8245,8245
2022-11-25,GA/2022-23/00534,ACC-107,MSG-500-30,1,15,8395,8395
2022-11-25,GA/2022-23/00535,ACC-127,MSG-1L-15,1,15,8245,8245
2022-11-26,GA/2022-23/00536,ACC-026,MSG-500-30,1,15,8395,8395
2022-11-28,GA/2022-23/00537,ACC-012,MSG-1L-15,1,15,8245,8245
2022-11-28,GA/2022-23/00537,ACC-012,MSG-500-30,1,15,8395,8395
2022-11-28,GA/2022-23/00538,ACC-023,MSG-500-30,1,15,8395,8395
2022-11-28,GA/2022-23/00539,ACC-031,MSG-1L-15,3,45,8245,24735
2022-11-28,GA/2022-23/00540,ACC-074,MSG-200-75,1,15,8550,8550
2022-11-28,GA/2022-23/00541,ACC-128,MSG-1L-15,1,15,8245,8245
2022-11-29,GA/2022-23/00542,ACC-087,MSG-500-30,1,15,8395,8395
2022-11-29,GA/2022-23/00543,ACC-112,MSG-1L-15,1,15,8245,8245
2022-11-30,GA/2022-23/00544,ACC-028,MSG-200-75,1,15,8550,8550
2022-11-30,GA/2022-23/00545,ACC-097,MSG-500-30,1,15,8395,8395
2022-12-01,GA/2022-23/00546,ACC-051,MSG-1L-15,1,15,8245,8245
2022-12-02,GA/2022-23/00547,ACC-028,MSG-1L-15,1,15,8245,8245
2022-12-02,GA/2022-23/00548,ACC-042,MSG-1L-15,1,15,8245,8245
2022-12-02,GA/2022-23/00549,ACC-068,MSG-1L-15,1,15,8245,8245
2022-12-02,GA/2022-23/00550,ACC-100,MSG-1L-15,1,15,8245,8245
2022-12-03,GA/2022-23/00551,ACC-027,MSG-1L-15,1,15,8245,8245
2022-12-03,GA/2022-23/00552,ACC-062,MSG-1L-15,2,30,8245,16490
2022-12-03,GA/2022-23/00553,ACC-114,MSG-200-75,1,15,8550,8550
2022-12-05,GA/2022-23/00554,ACC-019,MSG-1L-15,1,15,8245,8245
2022-12-05,GA/2022-23/00555,ACC-021,MSG-1L-15,1,15,8245,8245
2022-12-05,GA/2022-23/00556,ACC-056,MSG-1L-15,1,15,8245,8245
2022-12-05,GA/2022-23/00557,ACC-061,MSG-200-75,1,15,8550,8550
2022-12-06,GA/2022-23/00558,ACC-013,MSG-1L-15,1,15,8245,8245
2022-12-06,GA/2022-23/00558,ACC-013,MSG-500-30,1,15,8395,8395
2022-12-06,GA/2022-23/00559,ACC-015,MSG-1L-15,1,15,8245,8245
2022-12-06,GA/2022-23/00560,ACC-050,MSG-500-30,1,15,8395,8395
2022-12-06,GA/2022-23/00561,ACC-058,MSG-200-75,1,15,8550,8550
2022-12-06,GA/2022-23/00562,ACC-101,MSG-200-75,1,15,8550,8550
2022-12-07,GA/2022-23/00563,ACC-007,MSG-1L-15,3,45,8245,24735
2022-12-07,GA/2022-23/00564,ACC-020,MSG-1L-15,1,15,8245,8245
2022-12-08,GA/2022-23/00565,ACC-031,MSG-500-30,2,30,8395,16790
2022-12-08,GA/2022-23/00566,ACC-103,MSG-1L-15,1,15,8245,8245
2022-12-09,GA/2022-23/00567,ACC-047,MSG-1L-15,1,15,8245,8245
2022-12-09,GA/2022-23/00568,ACC-135,MSG-1L-15,1,15,8245,8245
2022-12-10,GA/2022-23/00569,ACC-001,MSG-1L-15,2,30,8245,16490
2022-12-10,GA/2022-23/00570,ACC-018,MSG-1L-15,1,15,8245,8245
2022-12-12,GA/2022-23/00571,ACC-003,MSG-500-30,3,45,8395,25185
2022-12-12,GA/2022-23/00572,ACC-004,MSG-1L-15,2,30,8245,16490
2022-12-12,GA/2022-23/00573,ACC-083,MSG-1L-15,1,15,8245,8245
2022-12-12,GA/2022-23/00574,ACC-091,MSG-1L-15,1,15,8245,8245
2022-12-12,GA/2022-23/00574,ACC-091,MSG-200-75,1,15,8550,8550
2022-12-12,GA/2022-23/00575,ACC-142,MSG-200-75,1,15,8550,8550
2022-12-13,GA/2022-23/00576,ACC-079,MSG-500-30,1,15,8395,8395
2022-12-14,GA/2022-23/00577,ACC-049,MSG-1L-15,1,15,8245,8245
2022-12-14,GA/2022-23/00577,ACC-049,MSG-500-30,1,15,8395,8395
2022-12-14,GA/2022-23/00578,ACC-102,MSG-1L-15,1,15,8245,8245
2022-12-14,GA/2022-23/00579,ACC-108,MSG-1L-15,1,15,8245,8245
2022-12-14,GA/2022-23/00579,ACC-108,MSG-500-30,1,15,8395,8395
2022-12-14,GA/2022-23/00580,ACC-118,MSG-1L-15,1,15,8245,8245
2022-12-16,GA/2022-23/00581,ACC-121,MSG-500-30,1,15,8395,8395
2022-12-16,GA/2022-23/00582,ACC-125,MSG-1L-15,1,15,8245,8245
2022-12-17,GA/2022-23/00583,ACC-115,MSG-500-30,2,30,8395,16790
2022-12-19,GA/2022-23/00584,ACC-022,MSG-1L-15,1,15,8245,8245
2022-12-19,GA/2022-23/00585,ACC-029,MSG-500-30,1,15,8395,8395
2022-12-19,GA/2022-23/00586,ACC-032,MSG-1L-15,1,15,8245,8245
2022-12-19,GA/2022-23/00586,ACC-032,MSG-500-30,1,15,8395,8395
2022-12-19,GA/2022-23/00587,ACC-048,MSG-1L-15,1,15,8245,8245
2022-12-19,GA/2022-23/00588,ACC-059,MSG-1L-15,1,15,8245,8245
2022-12-19,GA/2022-23/00589,ACC-063,MSG-200-75,1,15,8550,8550
2022-12-19,GA/2022-23/00589,ACC-063,MSG-500-30,1,15,8395,8395
2022-12-19,GA/2022-23/00590,ACC-081,MSG-1L-15,1,15,8245,8245
2022-12-19,GA/2022-23/00591,ACC-110,MSG-1L-15,1,15,8245,8245
2022-12-19,GA/2022-23/00592,ACC-127,MSG-1L-15,1,15,8245,8245
2022-12-20,GA/2022-23/00593,ACC-001,MSG-500-30,2,30,8395,16790
2022-12-20,GA/2022-23/00594,ACC-004,MSG-200-75,4,60,8550,34200
2022-12-20,GA/2022-23/00595,ACC-009,MSG-200-75,1,15,8550,8550
2022-12-20,GA/2022-23/00595,ACC-009,MSG-500-30,1,15,8395,8395
2022-12-20,GA/2022-23/00596,ACC-012,MSG-200-75,1,15,8550,8550
2022-12-20,GA/2022-23/00597,ACC-023,MSG-500-30,1,15,8395,8395
2022-12-20,GA/2022-23/00598,ACC-038,MSG-500-30,1,15,8395,8395
2022-12-20,GA/2022-23/00599,ACC-040,MSG-1L-15,1,15,8245,8245
2022-12-20,GA/2022-23/00600,ACC-041,MSG-1L-15,1,15,8245,8245
2022-12-20,GA/2022-23/00601,ACC-054,MSG-500-30,1,15,8395,8395
2022-12-21,GA/2022-23/00602,ACC-099,MSG-200-75,1,15,8550,8550
2022-12-22,GA/2022-23/00603,ACC-005,MSG-1L-15,5,75,8245,41225
2022-12-22,GA/2022-23/00604,ACC-010,MSG-200-75,2,30,8550,17100
2022-12-24,GA/2022-23/00605,ACC-080,MSG-500-30,2,30,8395,16790
2022-12-24,GA/2022-23/00606,ACC-120,MSG-1L-15,1,15,8245,8245
2022-12-26,GA/2022-23/00607,ACC-008,MSG-1L-15,2,30,8245,16490
2022-12-26,GA/2022-23/00608,ACC-138,MSG-1L-15,1,15,8245,8245
2022-12-27,GA/2022-23/00609,ACC-016,MSG-200-75,1,15,8550,8550
2022-12-27,GA/2022-23/00610,ACC-039,MSG-200-75,1,15,8550,8550
2022-12-27,GA/2022-23/00611,ACC-066,MSG-1L-15,2,30,8245,16490
2022-12-28,GA/2022-23/00612,ACC-109,MSG-1L-15,1,15,8245,8245
2022-12-29,GA/2022-23/00613,ACC-006,MSG-500-30,3,45,8395,25185
2022-12-29,GA/2022-23/00614,ACC-036,MSG-1L-15,1,15,8245,8245
2022-12-29,GA/2022-23/00615,ACC-116,MSG-1L-15,1,15,8245,8245
2022-12-30,GA/2022-23/00616,ACC-011,MSG-500-30,1,15,8395,8395
2022-12-30,GA/2022-23/00617,ACC-033,MSG-1L-15,1,15,8245,8245
2022-12-30,GA/2022-23/00617,ACC-033,MSG-500-30,1,15,8395,8395
2022-12-31,GA/2022-23/00618,ACC-129,MSG-1L-15,1,15,8245,8245
2023-01-02,GA/2022-23/00619,ACC-008,MSG-500-30,2,30,8395,16790
2023-01-02,GA/2022-23/00620,ACC-075,MSG-200-75,2,30,8550,17100
2023-01-02,GA/2022-23/00621,ACC-083,MSG-500-30,1,15,8395,8395
2023-01-03,GA/2022-23/00622,ACC-032,MSG-1L-15,1,15,8245,8245
2023-01-03,GA/2022-23/00623,ACC-085,MSG-1L-15,1,15,8245,8245
2023-01-03,GA/2022-23/00624,ACC-123,MSG-1L-15,1,15,8245,8245
2023-01-04,GA/2022-23/00625,ACC-028,MSG-500-30,1,15,8395,8395
2023-01-05,GA/2022-23/00626,ACC-018,MSG-500-30,1,15,8395,8395
2023-01-05,GA/2022-23/00627,ACC-039,MSG-1L-15,1,15,8245,8245
2023-01-05,GA/2022-23/00628,ACC-056,MSG-500-30,1,15,8395,8395
2023-01-05,GA/2022-23/00629,ACC-091,MSG-1L-15,1,15,8245,8245
2023-01-06,GA/2022-23/00630,ACC-042,MSG-500-30,1,15,8395,8395
2023-01-09,GA/2022-23/00631,ACC-004,MSG-1L-15,2,30,8245,16490
2023-01-09,GA/2022-23/00632,ACC-005,MSG-1L-15,2,30,8245,16490
2023-01-09,GA/2022-23/00633,ACC-050,MSG-1L-15,2,30,8245,16490
2023-01-09,GA/2022-23/00634,ACC-101,MSG-500-30,2,30,8395,16790
2023-01-09,GA/2022-23/00635,ACC-118,MSG-500-30,1,15,8395,8395
2023-01-10,GA/2022-23/00636,ACC-061,MSG-500-30,1,15,8395,8395
2023-01-10,GA/2022-23/00637,ACC-120,MSG-1L-15,1,15,8245,8245
2023-01-11,GA/2022-23/00638,ACC-006,MSG-1L-15,3,45,8245,24735
2023-01-11,GA/2022-23/00639,ACC-016,MSG-200-75,1,15,8550,8550
2023-01-11,GA/2022-23/00639,ACC-016,MSG-500-30,1,15,8395,8395
2023-01-11,GA/2022-23/00640,ACC-031,MSG-1L-15,1,15,8245,8245
2023-01-11,GA/2022-23/00641,ACC-044,MSG-200-75,1,15,8550,8550
2023-01-11,GA/2022-23/00641,ACC-044,MSG-500-30,1,15,8395,8395
2023-01-11,GA/2022-23/00642,ACC-097,MSG-1L-15,1,15,8245,8245
2023-01-13,GA/2022-23/00643,ACC-022,MSG-1L-15,1,15,8245,8245
2023-01-14,GA/2022-23/00644,ACC-001,MSG-1L-15,3,45,8245,24735
2023-01-14,GA/2022-23/00645,ACC-004,MSG-1L-15,2,30,8245,16490
2023-01-14,GA/2022-23/00646,ACC-063,MSG-200-75,1,15,8550,8550
2023-01-14,GA/2022-23/00647,ACC-144,MSG-200-75,1,15,8550,8550
2023-01-16,GA/2022-23/00648,ACC-017,MSG-1L-15,1,15,8245,8245
2023-01-16,GA/2022-23/00649,ACC-128,MSG-1L-15,1,15,8245,8245
2023-01-16,GA/2022-23/00650,ACC-133,MSG-500-30,1,15,8395,8395
2023-01-17,GA/2022-23/00651,ACC-138,MSG-1L-15,1,15,8245,8245
2023-01-18,GA/2022-23/00652,ACC-003,MSG-500-30,3,45,8395,25185
2023-01-18,GA/2022-23/00653,ACC-102,MSG-1L-15,1,15,8245,8245
2023-01-19,GA/2022-23/00654,ACC-036,MSG-1L-15,2,30,8245,16490
2023-01-19,GA/2022-23/00655,ACC-062,MSG-500-30,1,15,8395,8395
2023-01-19,GA/2022-23/00656,ACC-108,MSG-500-30,1,15,8395,8395
2023-01-21,GA/2022-23/00657,ACC-002,MSG-1L-15,2,30,8245,16490
2023-01-21,GA/2022-23/00658,ACC-007,MSG-1L-15,3,45,8245,24735
2023-01-21,GA/2022-23/00659,ACC-009,MSG-1L-15,2,30,8245,16490
2023-01-21,GA/2022-23/00659,ACC-009,MSG-200-75,1,15,8550,8550
2023-01-21,GA/2022-23/00660,ACC-126,MSG-1L-15,1,15,8245,8245
2023-01-21,GA/2022-23/00661,ACC-132,MSG-1L-15,1,15,8245,8245
2023-01-23,GA/2022-23/00662,ACC-002,MSG-200-75,2,30,8550,17100
2023-01-23,GA/2022-23/00663,ACC-011,MSG-1L-15,1,15,8245,8245
2023-01-23,GA/2022-23/00663,ACC-011,MSG-200-75,1,15,8550,8550
2023-01-23,GA/2022-23/00664,ACC-014,MSG-1L-15,2,30,8245,16490
2023-01-23,GA/2022-23/00665,ACC-041,MSG-1L-15,2,30,8245,16490
2023-01-23,GA/2022-23/00666,ACC-093,MSG-500-30,1,15,8395,8395
2023-01-24,GA/2022-23/00667,ACC-001,MSG-1L-15,2,30,8245,16490
2023-01-24,GA/2022-23/00668,ACC-013,MSG-1L-15,1,15,8245,8245
2023-01-24,GA/2022-23/00669,ACC-025,MSG-200-75,1,15,8550,8550
2023-01-26,GA/2022-23/00670,ACC-012,MSG-1L-15,3,45,8245,24735
2023-01-26,GA/2022-23/00671,ACC-074,MSG-1L-15,1,15,8245,8245
2023-01-26,GA/2022-23/00672,ACC-116,MSG-500-30,1,15,8395,8395
2023-01-27,GA/2022-23/00673,ACC-021,MSG-200-75,1,15,8550,8550
2023-01-27,GA/2022-23/00674,ACC-092,MSG-1L-15,1,15,8245,8245
2023-01-28,GA/2022-23/00675,ACC-005,MSG-1L-15,2,30,8245,16490
2023-01-28,GA/2022-23/00676,ACC-010,MSG-1L-15,2,30,8245,16490
2023-01-28,GA/2022-23/00677,ACC-045,MSG-500-30,1,15,8395,8395
2023-01-28,GA/2022-23/00678,ACC-048,MSG-1L-15,1,15,8245,8245
2023-01-28,GA/2022-23/00678,ACC-048,MSG-200-75,1,15,8550,8550
2023-01-30,GA/2022-23/00679,ACC-015,MSG-200-75,1,15,8550,8550
2023-01-30,GA/2022-23/00679,ACC-015,MSG-500-30,1,15,8395,8395
2023-01-30,GA/2022-23/00680,ACC-020,MSG-1L-15,1,15,8245,8245
2023-01-30,GA/2022-23/00681,ACC-026,MSG-500-30,2,30,8395,16790
2023-01-30,GA/2022-23/00682,ACC-054,MSG-1L-15,1,15,8245,8245
2023-01-30,GA/2022-23/00683,ACC-058,MSG-1L-15,1,15,8245,8245
2023-01-31,GA/2022-23/00684,ACC-007,MSG-1L-15,2,30,8245,16490
2023-01-31,GA/2022-23/00685,ACC-072,MSG-1L-15,1,15,8245,8245
2023-02-01,GA/2022-23/00686,ACC-020,MSG-200-75,1,15,8550,8550
2023-02-01,GA/2022-23/00687,ACC-039,MSG-1L-15,1,15,8245,8245
2023-02-03,GA/2022-23/00688,ACC-006,MSG-500-30,2,30,8395,16790
2023-02-04,GA/2022-23/00689,ACC-038,MSG-500-30,1,15,8395,8395
2023-02-04,GA/2022-23/00690,ACC-040,MSG-1L-15,1,15,8245,8245
2023-02-04,GA/2022-23/00691,ACC-051,MSG-1L-15,1,15,8245,8245
2023-02-04,GA/2022-23/00692,ACC-061,MSG-200-75,1,15,8550,8550
2023-02-06,GA/2022-23/00693,ACC-003,MSG-1L-15,3,45,8245,24735
2023-02-06,GA/2022-23/00694,ACC-016,MSG-500-30,1,15,8395,8395
2023-02-06,GA/2022-23/00695,ACC-101,MSG-500-30,1,15,8395,8395
2023-02-06,GA/2022-23/00696,ACC-108,MSG-500-30,1,15,8395,8395
2023-02-07,GA/2022-23/00697,ACC-021,MSG-1L-15,1,15,8245,8245
2023-02-07,GA/2022-23/00698,ACC-022,MSG-1L-15,2,30,8245,16490
2023-02-08,GA/2022-23/00699,ACC-010,MSG-1L-15,1,15,8245,8245
2023-02-08,GA/2022-23/00700,ACC-066,MSG-500-30,1,15,8395,8395
2023-02-08,GA/2022-23/00701,ACC-103,MSG-1L-15,1,15,8245,8245
2023-02-09,GA/2022-23/00702,ACC-013,MSG-500-30,2,30,8395,16790
2023-02-10,GA/2022-23/00703,ACC-112,MSG-500-30,1,15,8395,8395
2023-02-11,GA/2022-23/00704,ACC-012,MSG-1L-15,1,15,8245,8245
2023-02-11,GA/2022-23/00705,ACC-030,MSG-1L-15,1,15,8245,8245
2023-02-11,GA/2022-23/00706,ACC-121,MSG-1L-15,1,15,8245,8245
2023-02-13,GA/2022-23/00707,ACC-004,MSG-200-75,2,30,8550,17100
2023-02-13,GA/2022-23/00708,ACC-007,MSG-1L-15,4,60,8245,32980
2023-02-13,GA/2022-23/00709,ACC-050,MSG-1L-15,1,15,8245,8245
2023-02-13,GA/2022-23/00710,ACC-082,MSG-500-30,1,15,8395,8395
2023-02-13,GA/2022-23/00711,ACC-087,MSG-1L-15,1,15,8245,8245
2023-02-14,GA/2022-23/00712,ACC-025,MSG-500-30,1,15,8395,8395
2023-02-14,GA/2022-23/00713,ACC-041,MSG-500-30,1,15,8395,8395
2023-02-14,GA/2022-23/00714,ACC-072,MSG-1L-15,1,15,8245,8245
2023-02-15,GA/2022-23/00715,ACC-031,MSG-1L-15,1,15,8245,8245
2023-02-15,GA/2022-23/00716,ACC-044,MSG-1L-15,1,15,8245,8245
2023-02-16,GA/2022-23/00717,ACC-097,MSG-1L-15,1,15,8245,8245
2023-02-17,GA/2022-23/00718,ACC-009,MSG-1L-15,2,30,8245,16490
2023-02-17,GA/2022-23/00719,ACC-011,MSG-1L-15,2,30,8245,16490
2023-02-17,GA/2022-23/00720,ACC-090,MSG-500-30,1,15,8395,8395
2023-02-18,GA/2022-23/00721,ACC-002,MSG-500-30,3,45,8395,25185
2023-02-18,GA/2022-23/00722,ACC-018,MSG-1L-15,2,30,8245,16490
2023-02-18,GA/2022-23/00723,ACC-032,MSG-500-30,1,15,8395,8395
2023-02-18,GA/2022-23/00724,ACC-063,MSG-500-30,1,15,8395,8395
2023-02-18,GA/2022-23/00725,ACC-110,MSG-1L-15,1,15,8245,8245
2023-02-20,GA/2022-23/00726,ACC-004,MSG-1L-15,1,15,8245,8245
2023-02-20,GA/2022-23/00727,ACC-015,MSG-1L-15,1,15,8245,8245
2023-02-20,GA/2022-23/00728,ACC-023,MSG-1L-15,1,15,8245,8245
2023-02-20,GA/2022-23/00729,ACC-033,MSG-200-75,3,45,8550,25650
2023-02-20,GA/2022-23/00730,ACC-109,MSG-200-75,1,15,8550,8550
2023-02-20,GA/2022-23/00731,ACC-129,MSG-500-30,1,15,8395,8395
2023-02-21,GA/2022-23/00732,ACC-005,MSG-1L-15,4,60,8245,32980
2023-02-21,GA/2022-23/00733,ACC-079,MSG-200-75,1,15,8550,8550
2023-02-22,GA/2022-23/00734,ACC-049,MSG-500-30,1,15,8395,8395
2023-02-23,GA/2022-23/00735,ACC-017,MSG-1L-15,1,15,8245,8245
2023-02-24,GA/2022-23/00736,ACC-005,MSG-1L-15,2,30,8245,16490
2023-02-24,GA/2022-23/00737,ACC-065,MSG-500-30,1,15,8395,8395
2023-02-24,GA/2022-23/00738,ACC-138,MSG-1L-15,1,15,8245,8245
2023-02-25,GA/2022-23/00739,ACC-048,MSG-200-75,1,15,8550,8550
2023-02-25,GA/2022-23/00740,ACC-062,MSG-500-30,1,15,8395,8395
2023-02-25,GA/2022-23/00741,ACC-088,MSG-500-30,1,15,8395,8395
2023-02-25,GA/2022-23/00742,ACC-125,MSG-1L-15,1,15,8245,8245
2023-02-27,GA/2022-23/00743,ACC-092,MSG-1L-15,1,15,8245,8245
2023-02-27,GA/2022-23/00744,ACC-102,MSG-1L-15,1,15,8245,8245
2023-02-27,GA/2022-23/00745,ACC-120,MSG-200-75,1,15,8550,8550
2023-02-28,GA/2022-23/00746,ACC-019,MSG-1L-15,1,15,8245,8245
2023-02-28,GA/2022-23/00747,ACC-042,MSG-500-30,1,15,8395,8395
2023-03-01,GA/2022-23/00748,ACC-001,MSG-500-30,2,30,8395,16790
2023-03-01,GA/2022-23/00749,ACC-008,MSG-200-75,3,45,8550,25650
2023-03-02,GA/2022-23/00750,ACC-004,MSG-1L-15,1,15,8245,8245
2023-03-02,GA/2022-23/00750,ACC-004,MSG-500-30,1,15,8395,8395
2023-03-03,GA/2022-23/00751,ACC-002,MSG-500-30,2,30,8395,16790
2023-03-03,GA/2022-23/00752,ACC-003,MSG-1L-15,2,30,8245,16490
2023-03-03,GA/2022-23/00753,ACC-015,MSG-1L-15,1,15,8245,8245
2023-03-03,GA/2022-23/00754,ACC-030,MSG-500-30,2,30,8395,16790
2023-03-03,GA/2022-23/00755,ACC-062,MSG-500-30,1,15,8395,8395
2023-03-03,GA/2022-23/00756,ACC-102,MSG-500-30,1,15,8395,8395
2023-03-03,GA/2022-23/00757,ACC-132,MSG-500-30,1,15,8395,8395
2023-03-04,GA/2022-23/00758,ACC-002,MSG-1L-15,2,30,8245,16490
2023-03-04,GA/2022-23/00759,ACC-007,MSG-1L-15,2,30,8245,16490
2023-03-04,GA/2022-23/00760,ACC-056,MSG-500-30,2,30,8395,16790
2023-03-04,GA/2022-23/00761,ACC-117,MSG-1L-15,1,15,8245,8245
2023-03-06,GA/2022-23/00762,ACC-006,MSG-1L-15,2,30,8245,16490
2023-03-06,GA/2022-23/00763,ACC-019,MSG-1L-15,2,30,8245,16490
2023-03-06,GA/2022-23/00764,ACC-074,MSG-500-30,2,30,8395,16790
2023-03-06,GA/2022-23/00765,ACC-084,MSG-1L-15,1,15,8245,8245
2023-03-06,GA/2022-23/00766,ACC-100,MSG-1L-15,1,15,8245,8245
2023-03-06,GA/2022-23/00767,ACC-121,MSG-1L-15,1,15,8245,8245
2023-03-07,GA/2022-23/00768,ACC-001,MSG-500-30,2,30,8395,16790
2023-03-07,GA/2022-23/00769,ACC-009,MSG-1L-15,1,15,8245,8245
2023-03-07,GA/2022-23/00769,ACC-009,MSG-500-30,1,15,8395,8395
2023-03-07,GA/2022-23/00770,ACC-131,MSG-1L-15,1,15,8245,8245
2023-03-08,GA/2022-23/00771,ACC-023,MSG-500-30,1,15,8395,8395
2023-03-08,GA/2022-23/00772,ACC-036,MSG-500-30,1,15,8395,8395
2023-03-08,GA/2022-23/00773,ACC-038,MSG-500-30,1,15,8395,8395
2023-03-08,GA/2022-23/00774,ACC-041,MSG-500-30,1,15,8395,8395
2023-03-08,GA/2022-23/00775,ACC-047,MSG-200-75,1,15,8550,8550
2023-03-09,GA/2022-23/00776,ACC-010,MSG-500-30,1,15,8395,8395
2023-03-09,GA/2022-23/00777,ACC-018,MSG-1L-15,1,15,8245,8245
2023-03-10,GA/2022-23/00778,ACC-004,MSG-1L-15,2,30,8245,16490
2023-03-10,GA/2022-23/00779,ACC-014,MSG-1L-15,1,15,8245,8245
2023-03-10,GA/2022-23/00780,ACC-027,MSG-1L-15,1,15,8245,8245
2023-03-11,GA/2022-23/00781,ACC-051,MSG-1L-15,2,30,8245,16490
2023-03-11,GA/2022-23/00782,ACC-058,MSG-500-30,1,15,8395,8395
2023-03-13,GA/2022-23/00783,ACC-016,MSG-200-75,2,30,8550,17100
2023-03-13,GA/2022-23/00784,ACC-026,MSG-200-75,1,15,8550,8550
2023-03-13,GA/2022-23/00785,ACC-059,MSG-500-30,1,15,8395,8395
2023-03-13,GA/2022-23/00786,ACC-093,MSG-1L-15,1,15,8245,8245
2023-03-14,GA/2022-23/00787,ACC-042,MSG-1L-15,1,15,8245,8245
2023-03-15,GA/2022-23/00788,ACC-011,MSG-1L-15,3,45,8245,24735
2023-03-15,GA/2022-23/00789,ACC-048,MSG-500-30,1,15,8395,8395
2023-03-15,GA/2022-23/00790,ACC-129,MSG-1L-15,1,15,8245,8245
2023-03-17,GA/2022-23/00791,ACC-032,MSG-200-75,1,15,8550,8550
2023-03-17,GA/2022-23/00792,ACC-082,MSG-1L-15,1,15,8245,8245
2023-03-17,GA/2022-23/00793,ACC-123,MSG-1L-15,1,15,8245,8245
2023-03-20,GA/2022-23/00794,ACC-017,MSG-500-30,1,15,8395,8395
2023-03-20,GA/2022-23/00795,ACC-025,MSG-200-75,1,15,8550,8550
2023-03-20,GA/2022-23/00796,ACC-054,MSG-500-30,1,15,8395,8395
2023-03-20,GA/2022-23/00797,ACC-094,MSG-200-75,1,15,8550,8550
2023-03-20,GA/2022-23/00798,ACC-107,MSG-1L-15,1,15,8245,8245
2023-03-20,GA/2022-23/00799,ACC-133,MSG-1L-15,1,15,8245,8245
2023-03-21,GA/2022-23/00800,ACC-012,MSG-500-30,1,15,8395,8395
2023-03-21,GA/2022-23/00801,ACC-098,MSG-500-30,1,15,8395,8395
2023-03-22,GA/2022-23/00802,ACC-005,MSG-200-75,3,45,8550,25650
2023-03-22,GA/2022-23/00803,ACC-031,MSG-1L-15,1,15,8245,8245
2023-03-22,GA/2022-23/00804,ACC-073,MSG-1L-15,1,15,8245,8245
2023-03-22,GA/2022-23/00805,ACC-128,MSG-1L-15,1,15,8245,8245
2023-03-23,GA/2022-23/00806,ACC-022,MSG-1L-15,2,30,8245,16490
2023-03-23,GA/2022-23/00807,ACC-072,MSG-500-30,1,15,8395,8395
2023-03-24,GA/2022-23/00808,ACC-020,MSG-500-30,1,15,8395,8395
2023-03-24,GA/2022-23/00809,ACC-109,MSG-500-30,1,15,8395,8395
2023-03-25,GA/2022-23/00810,ACC-045,MSG-500-30,1,15,8395,8395
2023-03-25,GA/2022-23/00811,ACC-101,MSG-200-75,1,15,8550,8550
2023-03-27,GA/2022-23/00812,ACC-007,MSG-1L-15,1,15,8245,8245
2023-03-27,GA/2022-23/00813,ACC-116,MSG-1L-15,1,15,8245,8245
2023-03-27,GA/2022-23/00814,ACC-125,MSG-1L-15,1,15,8245,8245
2023-03-28,GA/2022-23/00815,ACC-044,MSG-1L-15,1,15,8245,8245
2023-03-29,GA/2022-23/00816,ACC-110,MSG-1L-15,1,15,8245,8245
2023-03-30,GA/2022-23/00817,ACC-028,MSG-200-75,1,15,8550,8550
2023-03-31,GA/2022-23/00818,ACC-040,MSG-1L-15,1,15,8245,8245
2023-03-31,GA/2022-23/00819,ACC-088,MSG-500-30,1,15,8395,8395
2023-04-01,GA/2023-24/00001,ACC-106,MSG-500-30,1,15,8460,8460
2023-04-03,GA/2023-24/00002,ACC-025,MSG-200-75,1,15,8615,8615
2023-04-03,GA/2023-24/00003,ACC-092,MSG-1L-15,1,15,8310,8310
2023-04-03,GA/2023-24/00004,ACC-097,MSG-1L-15,1,15,8310,8310
2023-04-04,GA/2023-24/00005,ACC-030,MSG-200-75,1,15,8615,8615
2023-04-04,GA/2023-24/00005,ACC-030,MSG-500-30,1,15,8460,8460
2023-04-04,GA/2023-24/00006,ACC-036,MSG-500-30,1,15,8460,8460
2023-04-04,GA/2023-24/00007,ACC-046,MSG-1L-15,2,30,8310,16620
2023-04-04,GA/2023-24/00008,ACC-072,MSG-500-30,1,15,8460,8460
2023-04-05,GA/2023-24/00009,ACC-093,MSG-1L-15,1,15,8310,8310
2023-04-06,GA/2023-24/00010,ACC-002,MSG-1L-15,1,15,8310,8310
2023-04-06,GA/2023-24/00010,ACC-002,MSG-200-75,1,15,8615,8615
2023-04-06,GA/2023-24/00011,ACC-083,MSG-500-30,2,30,8460,16920
2023-04-06,GA/2023-24/00012,ACC-126,MSG-500-30,1,15,8460,8460
2023-04-07,GA/2023-24/00013,ACC-003,MSG-500-30,2,30,8460,16920
2023-04-07,GA/2023-24/00014,ACC-011,MSG-200-75,1,15,8615,8615
2023-04-07,GA/2023-24/00015,ACC-096,MSG-500-30,1,15,8460,8460
2023-04-08,GA/2023-24/00016,ACC-039,MSG-1L-15,1,15,8310,8310
2023-04-08,GA/2023-24/00017,ACC-131,MSG-1L-15,1,15,8310,8310
2023-04-08,GA/2023-24/00017,ACC-131,MSG-500-30,1,15,8460,8460
2023-04-10,GA/2023-24/00018,ACC-009,MSG-200-75,2,30,8615,17230
2023-04-10,GA/2023-24/00018,ACC-009,MSG-500-30,1,15,8460,8460
2023-04-10,GA/2023-24/00019,ACC-067,MSG-500-30,1,15,8460,8460
2023-04-10,GA/2023-24/00020,ACC-070,MSG-1L-15,1,15,8310,8310
2023-04-11,GA/2023-24/00021,ACC-138,MSG-500-30,1,15,8460,8460
2023-04-12,GA/2023-24/00022,ACC-006,MSG-1L-15,2,30,8310,16620
2023-04-12,GA/2023-24/00022,ACC-006,MSG-500-30,1,15,8460,8460
2023-04-13,GA/2023-24/00023,ACC-004,MSG-1L-15,2,30,8310,16620
2023-04-13,GA/2023-24/00023,ACC-004,MSG-500-30,1,15,8460,8460
2023-04-13,GA/2023-24/00024,ACC-037,MSG-1L-15,2,30,8310,16620
2023-04-14,GA/2023-24/00025,ACC-005,MSG-500-30,3,45,8460,25380
2023-04-14,GA/2023-24/00026,ACC-013,MSG-1L-15,2,30,8310,16620
2023-04-14,GA/2023-24/00027,ACC-026,MSG-500-30,1,15,8460,8460
2023-04-14,GA/2023-24/00028,ACC-123,MSG-1L-15,1,15,8310,8310
2023-04-15,GA/2023-24/00029,ACC-044,MSG-1L-15,1,15,8310,8310
2023-04-17,GA/2023-24/00030,ACC-023,MSG-200-75,1,15,8615,8615
2023-04-17,GA/2023-24/00031,ACC-028,MSG-1L-15,1,15,8310,8310
2023-04-17,GA/2023-24/00032,ACC-045,MSG-500-30,1,15,8460,8460
2023-04-17,GA/2023-24/00033,ACC-113,MSG-1L-15,1,15,8310,8310
2023-04-17,GA/2023-24/00034,ACC-121,MSG-500-30,2,30,8460,16920
2023-04-17,GA/2023-24/00035,ACC-134,MSG-1L-15,2,30,8310,16620
2023-04-18,GA/2023-24/00036,ACC-007,MSG-200-75,3,45,8615,25845
2023-04-18,GA/2023-24/00037,ACC-027,MSG-1L-15,1,15,8310,8310
2023-04-18,GA/2023-24/00037,ACC-027,MSG-500-30,1,15,8460,8460
2023-04-18,GA/2023-24/00038,ACC-087,MSG-200-75,1,15,8615,8615
2023-04-19,GA/2023-24/00039,ACC-002,MSG-1L-15,2,30,8310,16620
2023-04-19,GA/2023-24/00040,ACC-021,MSG-1L-15,1,15,8310,8310
2023-04-19,GA/2023-24/00040,ACC-021,MSG-500-30,1,15,8460,8460
2023-04-20,GA/2023-24/00041,ACC-012,MSG-1L-15,1,15,8310,8310
2023-04-20,GA/2023-24/00042,ACC-075,MSG-1L-15,2,30,8310,16620
2023-04-20,GA/2023-24/00043,ACC-079,MSG-500-30,1,15,8460,8460
2023-04-21,GA/2023-24/00044,ACC-055,MSG-1L-15,1,15,8310,8310
2023-04-22,GA/2023-24/00045,ACC-008,MSG-1L-15,2,30,8310,16620
2023-04-22,GA/2023-24/00046,ACC-022,MSG-1L-15,1,15,8310,8310
2023-04-22,GA/2023-24/00047,ACC-133,MSG-1L-15,2,30,8310,16620
2023-04-24,GA/2023-24/00048,ACC-003,MSG-200-75,2,30,8615,17230
2023-04-24,GA/2023-24/00048,ACC-003,MSG-500-30,2,30,8460,16920
2023-04-24,GA/2023-24/00049,ACC-056,MSG-500-30,1,15,8460,8460
2023-04-24,GA/2023-24/00050,ACC-063,MSG-500-30,1,15,8460,8460
2023-04-27,GA/2023-24/00051,ACC-018,MSG-200-75,1,15,8615,8615
2023-04-27,GA/2023-24/00052,ACC-029,MSG-1L-15,1,15,8310,8310
2023-04-27,GA/2023-24/00053,ACC-033,MSG-1L-15,1,15,8310,8310
2023-04-27,GA/2023-24/00054,ACC-128,MSG-1L-15,1,15,8310,8310
2023-04-27,GA/2023-24/00055,ACC-130,MSG-1L-15,2,30,8310,16620
2023-04-29,GA/2023-24/00056,ACC-010,MSG-1L-15,1,15,8310,8310
2023-04-29,GA/2023-24/00057,ACC-014,MSG-500-30,1,15,8460,8460
2023-04-29,GA/2023-24/00058,ACC-017,MSG-500-30,2,30,8460,16920
2023-04-29,GA/2023-24/00059,ACC-019,MSG-200-75,1,15,8615,8615
2023-04-29,GA/2023-24/00060,ACC-020,MSG-1L-15,1,15,8310,8310
2023-04-29,GA/2023-24/00061,ACC-031,MSG-500-30,1,15,8460,8460
2023-04-29,GA/2023-24/00062,ACC-042,MSG-200-75,1,15,8615,8615
2023-04-29,GA/2023-24/00063,ACC-101,MSG-1L-15,1,15,8310,8310
2023-05-01,GA/2023-24/00064,ACC-002,MSG-1L-15,2,30,8360,16720
2023-05-01,GA/2023-24/00065,ACC-013,MSG-500-30,1,15,8515,8515
2023-05-01,GA/2023-24/00066,ACC-080,MSG-1L-15,1,15,8360,8360
2023-05-02,GA/2023-24/00067,ACC-006,MSG-1L-15,2,30,8360,16720
2023-05-02,GA/2023-24/00067,ACC-006,MSG-500-30,2,30,8515,17030
2023-05-02,GA/2023-24/00068,ACC-082,MSG-1L-15,1,15,8360,8360
2023-05-03,GA/2023-24/00069,ACC-032,MSG-200-75,1,15,8670,8670
2023-05-03,GA/2023-24/00070,ACC-055,MSG-500-30,2,30,8515,17030
2023-05-05,GA/2023-24/00071,ACC-031,MSG-500-30,1,15,8515,8515
2023-05-05,GA/2023-24/00072,ACC-068,MSG-1L-15,1,15,8360,8360
2023-05-05,GA/2023-24/00073,ACC-108,MSG-1L-15,1,15,8360,8360
2023-05-06,GA/2023-24/00074,ACC-144,MSG-500-30,1,15,8515,8515
2023-05-08,GA/2023-24/00075,ACC-009,MSG-200-75,2,30,8670,17340
2023-05-08,GA/2023-24/00076,ACC-017,MSG-1L-15,1,15,8360,8360
2023-05-08,GA/2023-24/00077,ACC-027,MSG-500-30,1,15,8515,8515
2023-05-08,GA/2023-24/00078,ACC-046,MSG-1L-15,2,30,8360,16720
2023-05-08,GA/2023-24/00079,ACC-051,MSG-1L-15,1,15,8360,8360
2023-05-08,GA/2023-24/00080,ACC-069,MSG-1L-15,1,15,8360,8360
2023-05-09,GA/2023-24/00081,ACC-033,MSG-1L-15,1,15,8360,8360
2023-05-09,GA/2023-24/00082,ACC-093,MSG-500-30,1,15,8515,8515
2023-05-10,GA/2023-24/00083,ACC-061,MSG-500-30,1,15,8515,8515
2023-05-11,GA/2023-24/00084,ACC-007,MSG-1L-15,1,15,8360,8360
2023-05-11,GA/2023-24/00085,ACC-015,MSG-1L-15,1,15,8360,8360
2023-05-15,GA/2023-24/00086,ACC-056,MSG-500-30,1,15,8515,8515
2023-05-15,GA/2023-24/00087,ACC-107,MSG-1L-15,1,15,8360,8360
2023-05-16,GA/2023-24/00088,ACC-005,MSG-500-30,3,45,8515,25545
2023-05-16,GA/2023-24/00089,ACC-023,MSG-1L-15,1,15,8360,8360
2023-05-16,GA/2023-24/00090,ACC-048,MSG-1L-15,1,15,8360,8360
2023-05-17,GA/2023-24/00091,ACC-011,MSG-500-30,1,15,8515,8515
2023-05-17,GA/2023-24/00092,ACC-012,MSG-1L-15,1,15,8360,8360
2023-05-19,GA/2023-24/00093,ACC-008,MSG-1L-15,2,30,8360,16720
2023-05-19,GA/2023-24/00094,ACC-096,MSG-500-30,1,15,8515,8515
2023-05-20,GA/2023-24/00095,ACC-016,MSG-500-30,1,15,8515,8515
2023-05-20,GA/2023-24/00096,ACC-029,MSG-1L-15,1,15,8360,8360
2023-05-20,GA/2023-24/00097,ACC-067,MSG-500-30,1,15,8515,8515
2023-05-20,GA/2023-24/00098,ACC-097,MSG-1L-15,1,15,8360,8360
2023-05-20,GA/2023-24/00099,ACC-098,MSG-200-75,1,15,8670,8670
2023-05-22,GA/2023-24/00100,ACC-010,MSG-1L-15,1,15,8360,8360
2023-05-22,GA/2023-24/00101,ACC-042,MSG-1L-15,1,15,8360,8360
2023-05-22,GA/2023-24/00102,ACC-125,MSG-1L-15,1,15,8360,8360
2023-05-23,GA/2023-24/00103,ACC-003,MSG-500-30,5,75,8515,42575
2023-05-24,GA/2023-24/00104,ACC-004,MSG-1L-15,3,45,8360,25080
2023-05-24,GA/2023-24/00105,ACC-059,MSG-500-30,1,15,8515,8515
2023-05-24,GA/2023-24/00106,ACC-081,MSG-1L-15,1,15,8360,8360
2023-05-25,GA/2023-24/00107,ACC-040,MSG-1L-15,1,15,8360,8360
2023-05-25,GA/2023-24/00108,ACC-089,MSG-1L-15,1,15,8360,8360
2023-05-27,GA/2023-24/00109,ACC-002,MSG-1L-15,2,30,8360,16720
2023-05-27,GA/2023-24/00110,ACC-072,MSG-200-75,1,15,8670,8670
2023-05-27,GA/2023-24/00111,ACC-075,MSG-200-75,1,15,8670,8670
2023-05-27,GA/2023-24/00111,ACC-075,MSG-500-30,1,15,8515,8515
2023-05-29,GA/2023-24/00112,ACC-001,MSG-500-30,3,45,8515,25545
2023-05-29,GA/2023-24/00113,ACC-026,MSG-1L-15,1,15,8360,8360
2023-05-29,GA/2023-24/00114,ACC-101,MSG-1L-15,1,15,8360,8360
2023-05-29,GA/2023-24/00114,ACC-101,MSG-500-30,1,15,8515,8515
2023-05-29,GA/2023-24/00115,ACC-135,MSG-200-75,1,15,8670,8670
2023-05-30,GA/2023-24/00116,ACC-018,MSG-500-30,3,45,8515,25545
2023-05-31,GA/2023-24/00117,ACC-037,MSG-1L-15,1,15,8360,8360
2023-05-31,GA/2023-24/00118,ACC-106,MSG-500-30,1,15,8515,8515
2023-05-31,GA/2023-24/00119,ACC-110,MSG-1L-15,1,15,8360,8360
2023-05-31,GA/2023-24/00120,ACC-119,MSG-1L-15,1,15,8360,8360
2023-06-02,GA/2023-24/00121,ACC-018,MSG-500-30,1,15,8515,8515
2023-06-02,GA/2023-24/00122,ACC-041,MSG-500-30,1,15,8515,8515
2023-06-02,GA/2023-24/00123,ACC-072,MSG-500-30,1,15,8515,8515
2023-06-03,GA/2023-24/00124,ACC-040,MSG-1L-15,1,15,8360,8360
2023-06-03,GA/2023-24/00125,ACC-048,MSG-1L-15,1,15,8360,8360
2023-06-03,GA/2023-24/00126,ACC-079,MSG-500-30,1,15,8515,8515
2023-06-03,GA/2023-24/00127,ACC-094,MSG-1L-15,2,30,8360,16720
2023-06-05,GA/2023-24/00128,ACC-006,MSG-1L-15,2,30,8360,16720
2023-06-05,GA/2023-24/00129,ACC-008,MSG-500-30,2,30,8515,17030
2023-06-05,GA/2023-24/00130,ACC-020,MSG-1L-15,1,15,8360,8360
2023-06-05,GA/2023-24/00131,ACC-029,MSG-1L-15,1,15,8360,8360
2023-06-05,GA/2023-24/00132,ACC-037,MSG-500-30,1,15,8515,8515
2023-06-05,GA/2023-24/00133,ACC-046,MSG-500-30,1,15,8515,8515
2023-06-05,GA/2023-24/00134,ACC-059,MSG-1L-15,1,15,8360,8360
2023-06-06,GA/2023-24/00135,ACC-002,MSG-1L-15,1,15,8360,8360
2023-06-06,GA/2023-24/00135,ACC-002,MSG-500-30,2,30,8515,17030
2023-06-06,GA/2023-24/00136,ACC-016,MSG-1L-15,1,15,8360,8360
2023-06-06,GA/2023-24/00137,ACC-140,MSG-500-30,1,15,8515,8515
2023-06-07,GA/2023-24/00138,ACC-045,MSG-1L-15,1,15,8360,8360
2023-06-07,GA/2023-24/00138,ACC-045,MSG-500-30,1,15,8515,8515
2023-06-07,GA/2023-24/00139,ACC-061,MSG-500-30,1,15,8515,8515
2023-06-07,GA/2023-24/00140,ACC-063,MSG-500-30,1,15,8515,8515
2023-06-07,GA/2023-24/00141,ACC-099,MSG-200-75,1,15,8670,8670
2023-06-08,GA/2023-24/00142,ACC-131,MSG-500-30,1,15,8515,8515
2023-06-10,GA/2023-24/00143,ACC-017,MSG-500-30,1,15,8515,8515
2023-06-10,GA/2023-24/00144,ACC-054,MSG-500-30,1,15,8515,8515
2023-06-10,GA/2023-24/00145,ACC-066,MSG-1L-15,1,15,8360,8360
2023-06-10,GA/2023-24/00146,ACC-135,MSG-500-30,2,30,8515,17030
2023-06-12,GA/2023-24/00147,ACC-007,MSG-1L-15,1,15,8360,8360
2023-06-12,GA/2023-24/00148,ACC-019,MSG-1L-15,1,15,8360,8360
2023-06-12,GA/2023-24/00149,ACC-036,MSG-1L-15,1,15,8360,8360
2023-06-12,GA/2023-24/00150,ACC-115,MSG-1L-15,2,30,8360,16720
2023-06-13,GA/2023-24/00151,ACC-014,MSG-1L-15,1,15,8360,8360
2023-06-13,GA/2023-24/00152,ACC-042,MSG-200-75,2,30,8670,17340
2023-06-13,GA/2023-24/00153,ACC-138,MSG-500-30,1,15,8515,8515
2023-06-14,GA/2023-24/00154,ACC-118,MSG-1L-15,1,15,8360,8360
2023-06-14,GA/2023-24/00155,ACC-119,MSG-1L-15,2,30,8360,16720
2023-06-15,GA/2023-24/00156,ACC-003,MSG-500-30,3,45,8515,25545
2023-06-16,GA/2023-24/00157,ACC-087,MSG-1L-15,1,15,8360,8360
2023-06-19,GA/2023-24/00158,ACC-056,MSG-1L-15,2,30,8360,16720
2023-06-19,GA/2023-24/00159,ACC-083,MSG-1L-15,1,15,8360,8360
2023-06-19,GA/2023-24/00160,ACC-108,MSG-1L-15,1,15,8360,8360
2023-06-20,GA/2023-24/00161,ACC-012,MSG-1L-15,1,15,8360,8360
2023-06-20,GA/2023-24/00162,ACC-080,MSG-500-30,2,30,8515,17030
2023-06-21,GA/2023-24/00163,ACC-004,MSG-1L-15,3,45,8360,25080
2023-06-22,GA/2023-24/00164,ACC-009,MSG-500-30,1,15,8515,8515
2023-06-22,GA/2023-24/00165,ACC-027,MSG-200-75,1,15,8670,8670
2023-06-22,GA/2023-24/00166,ACC-116,MSG-1L-15,1,15,8360,8360
2023-06-23,GA/2023-24/00167,ACC-022,MSG-1L-15,1,15,8360,8360
2023-06-23,GA/2023-24/00168,ACC-033,MSG-200-75,1,15,8670,8670
2023-06-23,GA/2023-24/00169,ACC-097,MSG-1L-15,1,15,8360,8360
2023-06-23,GA/2023-24/00170,ACC-113,MSG-500-30,1,15,8515,8515
2023-06-24,GA/2023-24/00171,ACC-044,MSG-500-30,1,15,8515,8515
2023-06-26,GA/2023-24/00172,ACC-005,MSG-1L-15,3,45,8360,25080
2023-06-26,GA/2023-24/00173,ACC-015,MSG-500-30,1,15,8515,8515
2023-06-27,GA/2023-24/00174,ACC-120,MSG-200-75,1,15,8670,8670
2023-06-28,GA/2023-24/00175,ACC-117,MSG-1L-15,1,15,8360,8360
2023-06-29,GA/2023-24/00176,ACC-010,MSG-1L-15,1,15,8360,8360
2023-06-29,GA/2023-24/00177,ACC-047,MSG-1L-15,1,15,8360,8360
2023-06-29,GA/2023-24/00178,ACC-051,MSG-200-75,1,15,8670,8670
2023-06-29,GA/2023-24/00179,ACC-139,MSG-200-75,2,30,8670,17340
2023-06-30,GA/2023-24/00180,ACC-013,MSG-1L-15,1,15,8360,8360
2023-06-30,GA/2023-24/00181,ACC-110,MSG-1L-15,1,15,8360,8360
2023-07-03,GA/2023-24/00182,ACC-003,MSG-1L-15,3,45,8360,25080
2023-07-03,GA/2023-24/00183,ACC-099,MSG-1L-15,1,15,8360,8360
2023-07-04,GA/2023-24/00184,ACC-005,MSG-1L-15,2,30,8360,16720
2023-07-05,GA/2023-24/00185,ACC-045,MSG-500-30,1,15,8515,8515
2023-07-05,GA/2023-24/00186,ACC-130,MSG-500-30,1,15,8515,8515
2023-07-06,GA/2023-24/00187,ACC-036,MSG-1L-15,2,30,8360,16720
2023-07-07,GA/2023-24/00188,ACC-014,MSG-1L-15,1,15,8360,8360
2023-07-07,GA/2023-24/00188,ACC-014,MSG-500-30,1,15,8515,8515
2023-07-07,GA/2023-24/00189,ACC-080,MSG-1L-15,1,15,8360,8360
2023-07-08,GA/2023-24/00190,ACC-020,MSG-1L-15,1,15,8360,8360
2023-07-10,GA/2023-24/00191,ACC-008,MSG-1L-15,3,45,8360,25080
2023-07-10,GA/2023-24/00192,ACC-049,MSG-1L-15,1,15,8360,8360
2023-07-11,GA/2023-24/00193,ACC-073,MSG-1L-15,1,15,8360,8360
2023-07-12,GA/2023-24/00194,ACC-030,MSG-1L-15,1,15,8360,8360
2023-07-12,GA/2023-24/00195,ACC-072,MSG-1L-15,1,15,8360,8360
2023-07-13,GA/2023-24/00196,ACC-010,MSG-500-30,2,30,8515,17030
2023-07-13,GA/2023-24/00197,ACC-031,MSG-500-30,1,15,8515,8515
2023-07-13,GA/2023-24/00198,ACC-081,MSG-1L-15,1,15,8360,8360
2023-07-17,GA/2023-24/00199,ACC-025,MSG-1L-15,1,15,8360,8360
2023-07-17,GA/2023-24/00199,ACC-025,MSG-500-30,1,15,8515,8515
2023-07-17,GA/2023-24/00200,ACC-040,MSG-1L-15,1,15,8360,8360
2023-07-18,GA/2023-24/00201,ACC-004,MSG-500-30,3,45,8515,25545
2023-07-18,GA/2023-24/00202,ACC-105,MSG-1L-15,1,15,8360,8360
2023-07-18,GA/2023-24/00203,ACC-141,MSG-1L-15,1,15,8360,8360
2023-07-20,GA/2023-24/00204,ACC-002,MSG-1L-15,1,15,8360,8360
2023-07-20,GA/2023-24/00205,ACC-054,MSG-1L-15,1,15,8360,8360
2023-07-20,GA/2023-24/00206,ACC-113,MSG-500-30,1,15,8515,8515
2023-07-21,GA/2023-24/00207,ACC-108,MSG-500-30,1,15,8515,8515
2023-07-22,GA/2023-24/00208,ACC-001,MSG-200-75,1,15,8670,8670
2023-07-22,GA/2023-24/00208,ACC-001,MSG-500-30,2,30,8515,17030
2023-07-22,GA/2023-24/00209,ACC-120,MSG-200-75,1,15,8670,8670
2023-07-24,GA/2023-24/00210,ACC-002,MSG-200-75,2,30,8670,17340
2023-07-24,GA/2023-24/00211,ACC-012,MSG-500-30,1,15,8515,8515
2023-07-24,GA/2023-24/00212,ACC-019,MSG-1L-15,2,30,8360,16720
2023-07-24,GA/2023-24/00213,ACC-069,MSG-1L-15,2,30,8360,16720
2023-07-24,GA/2023-24/00214,ACC-084,MSG-1L-15,1,15,8360,8360
2023-07-24,GA/2023-24/00215,ACC-110,MSG-1L-15,1,15,8360,8360
2023-07-25,GA/2023-24/00216,ACC-013,MSG-1L-15,2,30,8360,16720
2023-07-26,GA/2023-24/00217,ACC-001,MSG-1L-15,1,15,8360,8360
2023-07-26,GA/2023-24/00217,ACC-001,MSG-500-30,1,15,8515,8515
2023-07-26,GA/2023-24/00218,ACC-023,MSG-500-30,1,15,8515,8515
2023-07-26,GA/2023-24/00219,ACC-048,MSG-500-30,2,30,8515,17030
2023-07-26,GA/2023-24/00220,ACC-068,MSG-1L-15,2,30,8360,16720
2023-07-26,GA/2023-24/00221,ACC-088,MSG-1L-15,1,15,8360,8360
2023-07-27,GA/2023-24/00222,ACC-007,MSG-1L-15,1,15,8360,8360
2023-07-27,GA/2023-24/00223,ACC-092,MSG-200-75,1,15,8670,8670
2023-07-27,GA/2023-24/00224,ACC-125,MSG-1L-15,1,15,8360,8360
2023-07-28,GA/2023-24/00225,ACC-006,MSG-1L-15,3,45,8360,25080
2023-07-28,GA/2023-24/00226,ACC-079,MSG-1L-15,1,15,8360,8360
2023-07-29,GA/2023-24/00227,ACC-142,MSG-1L-15,1,15,8360,8360
2023-07-31,GA/2023-24/00228,ACC-066,MSG-1L-15,1,15,8360,8360
2023-07-31,GA/2023-24/00229,ACC-067,MSG-500-30,1,15,8515,8515
2023-08-01,GA/2023-24/00230,ACC-012,MSG-1L-15,1,15,8360,8360
2023-08-02,GA/2023-24/00231,ACC-002,MSG-1L-15,2,30,8360,16720
2023-08-02,GA/2023-24/00232,ACC-004,MSG-1L-15,3,45,8360,25080
2023-08-02,GA/2023-24/00233,ACC-030,MSG-1L-15,1,15,8360,8360
2023-08-02,GA/2023-24/00234,ACC-092,MSG-200-75,2,30,8670,17340
2023-08-02,GA/2023-24/00235,ACC-105,MSG-1L-15,1,15,8360,8360
2023-08-04,GA/2023-24/00236,ACC-036,MSG-500-30,1,15,8515,8515
2023-08-04,GA/2023-24/00237,ACC-094,MSG-1L-15,1,15,8360,8360
2023-08-07,GA/2023-24/00238,ACC-008,MSG-500-30,3,45,8515,25545
2023-08-08,GA/2023-24/00239,ACC-020,MSG-1L-15,2,30,8360,16720
2023-08-08,GA/2023-24/00240,ACC-051,MSG-1L-15,1,15,8360,8360
2023-08-08,GA/2023-24/00241,ACC-116,MSG-1L-15,1,15,8360,8360
2023-08-09,GA/2023-24/00242,ACC-003,MSG-1L-15,2,30,8360,16720
2023-08-09,GA/2023-24/00243,ACC-037,MSG-1L-15,1,15,8360,8360
2023-08-10,GA/2023-24/00244,ACC-073,MSG-500-30,1,15,8515,8515
2023-08-11,GA/2023-24/00245,ACC-006,MSG-1L-15,2,30,8360,16720
2023-08-11,GA/2023-24/00245,ACC-006,MSG-200-75,1,15,8670,8670
2023-08-12,GA/2023-24/00246,ACC-033,MSG-1L-15,1,15,8360,8360
2023-08-14,GA/2023-24/00247,ACC-039,MSG-1L-15,1,15,8360,8360
2023-08-14,GA/2023-24/00248,ACC-070,MSG-1L-15,1,15,8360,8360
2023-08-14,GA/2023-24/00249,ACC-101,MSG-1L-15,1,15,8360,8360
2023-08-14,GA/2023-24/00250,ACC-106,MSG-1L-15,1,15,8360,8360
2023-08-14,GA/2023-24/00250,ACC-106,MSG-500-30,1,15,8515,8515
2023-08-15,GA/2023-24/00251,ACC-129,MSG-500-30,1,15,8515,8515
2023-08-16,GA/2023-24/00252,ACC-001,MSG-500-30,3,45,8515,25545
2023-08-16,GA/2023-24/00253,ACC-054,MSG-200-75,1,15,8670,8670
2023-08-17,GA/2023-24/00254,ACC-035,MSG-1L-15,1,15,8360,8360
2023-08-17,GA/2023-24/00254,ACC-035,MSG-500-30,1,15,8515,8515
2023-08-17,GA/2023-24/00255,ACC-119,MSG-1L-15,1,15,8360,8360
2023-08-17,GA/2023-24/00256,ACC-127,MSG-1L-15,1,15,8360,8360
2023-08-18,GA/2023-24/00257,ACC-001,MSG-1L-15,1,15,8360,8360
2023-08-18,GA/2023-24/00257,ACC-001,MSG-200-75,2,30,8670,17340
2023-08-18,GA/2023-24/00258,ACC-075,MSG-1L-15,1,15,8360,8360
2023-08-19,GA/2023-24/00259,ACC-005,MSG-1L-15,2,30,8360,16720
2023-08-19,GA/2023-24/00260,ACC-027,MSG-500-30,1,15,8515,8515
2023-08-21,GA/2023-24/00261,ACC-002,MSG-1L-15,1,15,8360,8360
2023-08-21,GA/2023-24/00261,ACC-002,MSG-500-30,1,15,8515,8515
2023-08-21,GA/2023-24/00262,ACC-014,MSG-200-75,1,15,8670,8670
2023-08-21,GA/2023-24/00263,ACC-025,MSG-200-75,1,15,8670,8670
2023-08-21,GA/2023-24/00264,ACC-118,MSG-500-30,1,15,8515,8515
2023-08-22,GA/2023-24/00265,ACC-003,MSG-1L-15,1,15,8360,8360
2023-08-22,GA/2023-24/00265,ACC-003,MSG-500-30,2,30,8515,17030
2023-08-22,GA/2023-24/00266,ACC-015,MSG-500-30,1,15,8515,8515
2023-08-22,GA/2023-24/00267,ACC-016,MSG-1L-15,1,15,8360,8360
2023-08-22,GA/2023-24/00268,ACC-120,MSG-1L-15,1,15,8360,8360
2023-08-23,GA/2023-24/00269,ACC-009,MSG-1L-15,2,30,8360,16720
2023-08-23,GA/2023-24/00270,ACC-018,MSG-1L-15,1,15,8360,8360
2023-08-24,GA/2023-24/00271,ACC-019,MSG-1L-15,1,15,8360,8360
2023-08-24,GA/2023-24/00272,ACC-056,MSG-1L-15,1,15,8360,8360
2023-08-25,GA/2023-24/00273,ACC-059,MSG-1L-15,1,15,8360,8360
2023-08-26,GA/2023-24/00274,ACC-010,MSG-200-75,1,15,8670,8670
2023-08-26,GA/2023-24/00275,ACC-074,MSG-500-30,1,15,8515,8515
2023-08-28,GA/2023-24/00276,ACC-007,MSG-1L-15,2,30,8360,16720
2023-08-28,GA/2023-24/00277,ACC-028,MSG-1L-15,2,30,8360,16720
2023-08-28,GA/2023-24/00278,ACC-099,MSG-200-75,1,15,8670,8670
2023-08-28,GA/2023-24/00279,ACC-113,MSG-1L-15,2,30,8360,16720
2023-08-29,GA/2023-24/00280,ACC-022,MSG-1L-15,1,15,8360,8360
2023-08-29,GA/2023-24/00281,ACC-032,MSG-1L-15,1,15,8360,8360
2023-08-30,GA/2023-24/00282,ACC-029,MSG-1L-15,1,15,8360,8360
2023-08-31,GA/2023-24/00283,ACC-047,MSG-1L-15,1,15,8360,8360
2023-08-31,GA/2023-24/00283,ACC-047,MSG-500-30,1,15,8515,8515
2023-09-01,GA/2023-24/00284,ACC-001,MSG-500-30,3,45,8515,25545
2023-09-01,GA/2023-24/00285,ACC-015,MSG-1L-15,1,15,8360,8360
2023-09-01,GA/2023-24/00286,ACC-066,MSG-500-30,1,15,8515,8515
2023-09-02,GA/2023-24/00287,ACC-059,MSG-500-30,2,30,8515,17030
2023-09-02,GA/2023-24/00288,ACC-118,MSG-1L-15,1,15,8360,8360
2023-09-02,GA/2023-24/00289,ACC-123,MSG-1L-15,1,15,8360,8360
2023-09-04,GA/2023-24/00290,ACC-002,MSG-200-75,2,30,8670,17340
2023-09-04,GA/2023-24/00291,ACC-039,MSG-1L-15,1,15,8360,8360
2023-09-04,GA/2023-24/00292,ACC-051,MSG-500-30,1,15,8515,8515
2023-09-04,GA/2023-24/00293,ACC-097,MSG-1L-15,1,15,8360,8360
2023-09-04,GA/2023-24/00294,ACC-126,MSG-200-75,1,15,8670,8670
2023-09-05,GA/2023-24/00295,ACC-009,MSG-1L-15,2,30,8360,16720
2023-09-05,GA/2023-24/00296,ACC-044,MSG-500-30,1,15,8515,8515
2023-09-05,GA/2023-24/00297,ACC-110,MSG-1L-15,1,15,8360,8360
2023-09-06,GA/2023-24/00298,ACC-108,MSG-1L-15,1,15,8360,8360
2023-09-07,GA/2023-24/00299,ACC-005,MSG-1L-15,2,30,8360,16720
2023-09-07,GA/2023-24/00300,ACC-012,MSG-1L-15,1,15,8360,8360
2023-09-07,GA/2023-24/00301,ACC-063,MSG-200-75,2,30,8670,17340
2023-09-07,GA/2023-24/00302,ACC-070,MSG-1L-15,1,15,8360,8360
2023-09-07,GA/2023-24/00303,ACC-101,MSG-200-75,2,30,8670,17340
2023-09-08,GA/2023-24/00304,ACC-028,MSG-1L-15,1,15,8360,8360
2023-09-08,GA/2023-24/00305,ACC-115,MSG-1L-15,1,15,8360,8360
2023-09-09,GA/2023-24/00306,ACC-010,MSG-500-30,2,30,8515,17030
2023-09-09,GA/2023-24/00307,ACC-040,MSG-200-75,1,15,8670,8670
2023-09-09,GA/2023-24/00308,ACC-041,MSG-1L-15,2,30,8360,16720
2023-09-11,GA/2023-24/00309,ACC-002,MSG-200-75,1,15,8670,8670
2023-09-11,GA/2023-24/00310,ACC-006,MSG-1L-15,1,15,8360,8360
2023-09-11,GA/2023-24/00310,ACC-006,MSG-500-30,2,30,8515,17030
2023-09-11,GA/2023-24/00311,ACC-031,MSG-1L-15,1,15,8360,8360
2023-09-11,GA/2023-24/00311,ACC-031,MSG-500-30,1,15,8515,8515
2023-09-11,GA/2023-24/00312,ACC-033,MSG-500-30,1,15,8515,8515
2023-09-11,GA/2023-24/00313,ACC-036,MSG-500-30,1,15,8515,8515
2023-09-11,GA/2023-24/00314,ACC-089,MSG-1L-15,1,15,8360,8360
2023-09-11,GA/2023-24/00315,ACC-133,MSG-1L-15,2,30,8360,16720
2023-09-12,GA/2023-24/00316,ACC-030,MSG-500-30,1,15,8515,8515
2023-09-13,GA/2023-24/00317,ACC-008,MSG-1L-15,4,60,8360,33440
2023-09-13,GA/2023-24/00318,ACC-017,MSG-1L-15,1,15,8360,8360
2023-09-13,GA/2023-24/00319,ACC-055,MSG-500-30,1,15,8515,8515
2023-09-13,GA/2023-24/00320,ACC-141,MSG-500-30,1,15,8515,8515
2023-09-14,GA/2023-24/00321,ACC-054,MSG-500-30,1,15,8515,8515
2023-09-14,GA/2023-24/00322,ACC-081,MSG-500-30,1,15,8515,8515
2023-09-14,GA/2023-24/00323,ACC-113,MSG-200-75,1,15,8670,8670
2023-09-14,GA/2023-24/00324,ACC-139,MSG-200-75,1,15,8670,8670
2023-09-15,GA/2023-24/00325,ACC-013,MSG-1L-15,1,15,8360,8360
2023-09-15,GA/2023-24/00326,ACC-019,MSG-200-75,1,15,8670,8670
2023-09-15,GA/2023-24/00327,ACC-037,MSG-1L-15,1,15,8360,8360
2023-09-15,GA/2023-24/00328,ACC-048,MSG-1L-15,1,15,8360,8360
2023-09-15,GA/2023-24/00329,ACC-093,MSG-200-75,1,15,8670,8670
2023-09-16,GA/2023-24/00330,ACC-016,MSG-200-75,2,30,8670,17340
2023-09-16,GA/2023-24/00331,ACC-021,MSG-200-75,1,15,8670,8670
2023-09-16,GA/2023-24/00332,ACC-035,MSG-1L-15,1,15,8360,8360
2023-09-16,GA/2023-24/00333,ACC-109,MSG-500-30,2,30,8515,17030
2023-09-18,GA/2023-24/00334,ACC-018,MSG-1L-15,1,15,8360,8360
2023-09-18,GA/2023-24/00335,ACC-022,MSG-1L-15,1,15,8360,8360
2023-09-18,GA/2023-24/00336,ACC-090,MSG-1L-15,1,15,8360,8360
2023-09-18,GA/2023-24/00337,ACC-128,MSG-1L-15,1,15,8360,8360
2023-09-19,GA/2023-24/00338,ACC-024,MSG-500-30,1,15,8515,8515
2023-09-19,GA/2023-24/00339,ACC-056,MSG-1L-15,1,15,8360,8360
2023-09-19,GA/2023-24/00340,ACC-099,MSG-1L-15,1,15,8360,8360
2023-09-19,GA/2023-24/00341,ACC-116,MSG-500-30,1,15,8515,8515
2023-09-20,GA/2023-24/00342,ACC-007,MSG-1L-15,1,15,8360,8360
2023-09-20,GA/2023-24/00342,ACC-007,MSG-200-75,1,15,8670,8670
2023-09-20,GA/2023-24/00343,ACC-069,MSG-500-30,1,15,8515,8515
2023-09-20,GA/2023-24/00344,ACC-145,MSG-500-30,1,15,8515,8515
2023-09-22,GA/2023-24/00345,ACC-003,MSG-1L-15,2,30,8360,16720
2023-09-22,GA/2023-24/00346,ACC-004,MSG-1L-15,3,45,8360,25080
2023-09-23,GA/2023-24/00347,ACC-067,MSG-1L-15,1,15,8360,8360
2023-09-23,GA/2023-24/00348,ACC-083,MSG-1L-15,1,15,8360,8360
2023-09-23,GA/2023-24/00349,ACC-105,MSG-500-30,1,15,8515,8515
2023-09-25,GA/2023-24/00350,ACC-003,MSG-1L-15,2,30,8360,16720
2023-09-25,GA/2023-24/00350,ACC-003,MSG-500-30,1,15,8515,8515
2023-09-25,GA/2023-24/00351,ACC-068,MSG-1L-15,1,15,8360,8360
2023-09-25,GA/2023-24/00352,ACC-117,MSG-200-75,1,15,8670,8670
2023-09-25,GA/2023-24/00353,ACC-121,MSG-1L-15,2,30,8360,16720
2023-09-27,GA/2023-24/00354,ACC-023,MSG-500-30,1,15,8515,8515
2023-09-27,GA/2023-24/00355,ACC-038,MSG-500-30,1,15,8515,8515
2023-09-28,GA/2023-24/00356,ACC-042,MSG-500-30,1,15,8515,8515
2023-09-28,GA/2023-24/00357,ACC-045,MSG-1L-15,1,15,8360,8360
2023-09-28,GA/2023-24/00358,ACC-079,MSG-500-30,1,15,8515,8515
2023-09-28,GA/2023-24/00359,ACC-130,MSG-1L-15,1,15,8360,8360
2023-09-29,GA/2023-24/00360,ACC-011,MSG-1L-15,1,15,8360,8360
2023-09-30,GA/2023-24/00361,ACC-032,MSG-1L-15,1,15,8360,8360
2023-09-30,GA/2023-24/00362,ACC-132,MSG-1L-15,1,15,8360,8360
2023-10-02,GA/2023-24/00363,ACC-019,MSG-1L-15,2,30,8425,16850
2023-10-02,GA/2023-24/00364,ACC-093,MSG-200-75,1,15,8735,8735
2023-10-02,GA/2023-24/00365,ACC-112,MSG-1L-15,1,15,8425,8425
2023-10-02,GA/2023-24/00366,ACC-126,MSG-500-30,1,15,8580,8580
2023-10-03,GA/2023-24/00367,ACC-001,MSG-1L-15,1,15,8425,8425
2023-10-03,GA/2023-24/00368,ACC-005,MSG-1L-15,3,45,8425,25275
2023-10-03,GA/2023-24/00369,ACC-012,MSG-200-75,1,15,8735,8735
2023-10-03,GA/2023-24/00369,ACC-012,MSG-500-30,1,15,8580,8580
2023-10-03,GA/2023-24/00370,ACC-031,MSG-500-30,1,15,8580,8580
2023-10-03,GA/2023-24/00371,ACC-051,MSG-1L-15,1,15,8425,8425
2023-10-03,GA/2023-24/00371,ACC-051,MSG-200-75,1,15,8735,8735
2023-10-03,GA/2023-24/00372,ACC-067,MSG-500-30,1,15,8580,8580
2023-10-04,GA/2023-24/00373,ACC-022,MSG-1L-15,1,15,8425,8425
2023-10-04,GA/2023-24/00373,ACC-022,MSG-500-30,1,15,8580,8580
2023-10-04,GA/2023-24/00374,ACC-079,MSG-1L-15,1,15,8425,8425
2023-10-04,GA/2023-24/00375,ACC-130,MSG-1L-15,1,15,8425,8425
2023-10-04,GA/2023-24/00376,ACC-132,MSG-1L-15,1,15,8425,8425
2023-10-05,GA/2023-24/00377,ACC-047,MSG-500-30,2,30,8580,17160
2023-10-06,GA/2023-24/00378,ACC-009,MSG-200-75,3,45,8735,26205
2023-10-06,GA/2023-24/00379,ACC-026,MSG-500-30,1,15,8580,8580
2023-10-06,GA/2023-24/00380,ACC-138,MSG-1L-15,1,15,8425,8425
2023-10-07,GA/2023-24/00381,ACC-002,MSG-1L-15,2,30,8425,16850
2023-10-07,GA/2023-24/00382,ACC-004,MSG-1L-15,1,15,8425,8425
2023-10-07,GA/2023-24/00382,ACC-004,MSG-500-30,1,15,8580,8580
2023-10-07,GA/2023-24/00383,ACC-033,MSG-1L-15,1,15,8425,8425
2023-10-07,GA/2023-24/00383,ACC-033,MSG-200-75,1,15,8735,8735
2023-10-07,GA/2023-24/00384,ACC-042,MSG-1L-15,1,15,8425,8425
2023-10-09,GA/2023-24/00385,ACC-044,MSG-500-30,1,15,8580,8580
2023-10-09,GA/2023-24/00386,ACC-045,MSG-1L-15,2,30,8425,16850
2023-10-09,GA/2023-24/00387,ACC-115,MSG-1L-15,1,15,8425,8425
2023-10-10,GA/2023-24/00388,ACC-040,MSG-200-75,1,15,8735,8735
2023-10-11,GA/2023-24/00389,ACC-001,MSG-1L-15,3,45,8425,25275
2023-10-11,GA/2023-24/00390,ACC-007,MSG-200-75,3,45,8735,26205
2023-10-11,GA/2023-24/00391,ACC-092,MSG-500-30,1,15,8580,8580
2023-10-12,GA/2023-24/00392,ACC-030,MSG-200-75,1,15,8735,8735
2023-10-12,GA/2023-24/00393,ACC-101,MSG-200-75,1,15,8735,8735
2023-10-13,GA/2023-24/00394,ACC-003,MSG-500-30,3,45,8580,25740
2023-10-13,GA/2023-24/00395,ACC-037,MSG-200-75,1,15,8735,8735
2023-10-13,GA/2023-24/00396,ACC-083,MSG-200-75,1,15,8735,8735
2023-10-14,GA/2023-24/00397,ACC-006,MSG-1L-15,2,30,8425,16850
2023-10-14,GA/2023-24/00397,ACC-006,MSG-500-30,2,30,8580,17160
2023-10-14,GA/2023-24/00398,ACC-014,MSG-500-30,1,15,8580,8580
2023-10-16,GA/2023-24/00399,ACC-038,MSG-500-30,1,15,8580,8580
2023-10-16,GA/2023-24/00400,ACC-048,MSG-200-75,1,15,8735,8735
2023-10-16,GA/2023-24/00401,ACC-053,MSG-1L-15,1,15,8425,8425
2023-10-16,GA/2023-24/00402,ACC-123,MSG-200-75,1,15,8735,8735
2023-10-17,GA/2023-24/00403,ACC-001,MSG-200-75,2,30,8735,17470
2023-10-18,GA/2023-24/00404,ACC-041,MSG-500-30,1,15,8580,8580
2023-10-18,GA/2023-24/00405,ACC-059,MSG-200-75,1,15,8735,8735
2023-10-18,GA/2023-24/00406,ACC-102,MSG-1L-15,1,15,8425,8425
2023-10-18,GA/2023-24/00407,ACC-109,MSG-1L-15,2,30,8425,16850
2023-10-19,GA/2023-24/00408,ACC-017,MSG-500-30,1,15,8580,8580
2023-10-19,GA/2023-24/00409,ACC-140,MSG-1L-15,1,15,8425,8425
2023-10-20,GA/2023-24/00410,ACC-002,MSG-1L-15,3,45,8425,25275
2023-10-21,GA/2023-24/00411,ACC-011,MSG-500-30,1,15,8580,8580
2023-10-21,GA/2023-24/00412,ACC-069,MSG-500-30,1,15,8580,8580
2023-10-21,GA/2023-24/00413,ACC-081,MSG-1L-15,2,30,8425,16850
2023-10-21,GA/2023-24/00413,ACC-081,MSG-200-75,1,15,8735,8735
2023-10-21,GA/2023-24/00414,ACC-094,MSG-500-30,1,15,8580,8580
2023-10-21,GA/2023-24/00415,ACC-098,MSG-200-75,1,15,8735,8735
2023-10-23,GA/2023-24/00416,ACC-008,MSG-200-75,2,30,8735,17470
2023-10-23,GA/2023-24/00416,ACC-008,MSG-500-30,1,15,8580,8580
2023-10-23,GA/2023-24/00417,ACC-061,MSG-1L-15,2,30,8425,16850
2023-10-23,GA/2023-24/00418,ACC-074,MSG-1L-15,2,30,8425,16850
2023-10-24,GA/2023-24/00419,ACC-020,MSG-500-30,1,15,8580,8580
2023-10-25,GA/2023-24/00420,ACC-003,MSG-200-75,3,45,8735,26205
2023-10-25,GA/2023-24/00421,ACC-004,MSG-1L-15,2,30,8425,16850
2023-10-25,GA/2023-24/00421,ACC-004,MSG-200-75,1,15,8735,8735
2023-10-25,GA/2023-24/00422,ACC-032,MSG-1L-15,1,15,8425,8425
2023-10-25,GA/2023-24/00423,ACC-066,MSG-1L-15,1,15,8425,8425
2023-10-26,GA/2023-24/00424,ACC-028,MSG-1L-15,1,15,8425,8425
2023-10-26,GA/2023-24/00425,ACC-054,MSG-1L-15,2,30,8425,16850
2023-10-26,GA/2023-24/00426,ACC-100,MSG-500-30,1,15,8580,8580
2023-10-26,GA/2023-24/00427,ACC-116,MSG-1L-15,1,15,8425,8425
2023-10-26,GA/2023-24/00428,ACC-119,MSG-1L-15,1,15,8425,8425
2023-10-27,GA/2023-24/00429,ACC-010,MSG-200-75,3,45,8735,26205
2023-10-27,GA/2023-24/00430,ACC-046,MSG-1L-15,2,30,8425,16850
2023-10-27,GA/2023-24/00431,ACC-084,MSG-500-30,1,15,8580,8580
2023-10-28,GA/2023-24/00432,ACC-099,MSG-500-30,1,15,8580,8580
2023-10-30,GA/2023-24/00433,ACC-013,MSG-200-75,1,15,8735,8735
2023-10-30,GA/2023-24/00434,ACC-023,MSG-500-30,1,15,8580,8580
2023-10-30,GA/2023-24/00435,ACC-068,MSG-500-30,2,30,8580,17160
2023-10-30,GA/2023-24/00436,ACC-135,MSG-1L-15,1,15,8425,8425
2023-10-31,GA/2023-24/00437,ACC-016,MSG-200-75,1,15,8735,8735
2023-10-31,GA/2023-24/00438,ACC-036,MSG-1L-15,3,45,8425,25275
2023-10-31,GA/2023-24/00439,ACC-088,MSG-500-30,1,15,8580,8580
2023-11-01,GA/2023-24/00440,ACC-002,MSG-200-75,3,45,8770,26310
2023-11-01,GA/2023-24/00441,ACC-110,MSG-500-30,3,45,8610,25830
2023-11-02,GA/2023-24/00442,ACC-009,MSG-1L-15,3,45,8455,25365
2023-11-02,GA/2023-24/00443,ACC-026,MSG-1L-15,1,15,8455,8455
2023-11-02,GA/2023-24/00444,ACC-049,MSG-1L-15,2,30,8455,16910
2023-11-03,GA/2023-24/00445,ACC-001,MSG-1L-15,2,30,8455,16910
2023-11-03,GA/2023-24/00446,ACC-028,MSG-200-75,2,30,8770,17540
2023-11-03,GA/2023-24/00447,ACC-038,MSG-200-75,1,15,8770,8770
2023-11-04,GA/2023-24/00448,ACC-005,MSG-500-30,2,30,8610,17220
2023-11-04,GA/2023-24/00449,ACC-016,MSG-500-30,2,30,8610,17220
2023-11-04,GA/2023-24/00450,ACC-107,MSG-1L-15,1,15,8455,8455
2023-11-06,GA/2023-24/00451,ACC-006,MSG-1L-15,2,30,8455,16910
2023-11-06,GA/2023-24/00451,ACC-006,MSG-200-75,1,15,8770,8770
2023-11-06,GA/2023-24/00452,ACC-008,MSG-200-75,4,60,8770,35080
2023-11-06,GA/2023-24/00453,ACC-018,MSG-1L-15,1,15,8455,8455
2023-11-06,GA/2023-24/00454,ACC-027,MSG-500-30,1,15,8610,8610
2023-11-06,GA/2023-24/00455,ACC-030,MSG-500-30,2,30,8610,17220
2023-11-06,GA/2023-24/00456,ACC-040,MSG-200-75,1,15,8770,8770
2023-11-06,GA/2023-24/00457,ACC-047,MSG-200-75,1,15,8770,8770
2023-11-06,GA/2023-24/00458,ACC-081,MSG-500-30,1,15,8610,8610
2023-11-06,GA/2023-24/00459,ACC-088,MSG-1L-15,2,30,8455,16910
2023-11-06,GA/2023-24/00460,ACC-100,MSG-1L-15,1,15,8455,8455
2023-11-06,GA/2023-24/00461,ACC-101,MSG-500-30,1,15,8610,8610
2023-11-06,GA/2023-24/00462,ACC-103,MSG-1L-15,1,15,8455,8455
2023-11-06,GA/2023-24/00463,ACC-109,MSG-200-75,1,15,8770,8770
2023-11-06,GA/2023-24/00464,ACC-135,MSG-200-75,1,15,8770,8770
2023-11-07,GA/2023-24/00465,ACC-004,MSG-500-30,3,45,8610,25830
2023-11-08,GA/2023-24/00466,ACC-023,MSG-200-75,1,15,8770,8770
2023-11-08,GA/2023-24/00467,ACC-055,MSG-1L-15,1,15,8455,8455
2023-11-08,GA/2023-24/00468,ACC-144,MSG-200-75,1,15,8770,8770
2023-11-09,GA/2023-24/00469,ACC-003,MSG-200-75,3,45,8770,26310
2023-11-09,GA/2023-24/00470,ACC-054,MSG-1L-15,2,30,8455,16910
2023-11-09,GA/2023-24/00471,ACC-083,MSG-200-75,1,15,8770,8770
2023-11-10,GA/2023-24/00472,ACC-019,MSG-500-30,2,30,8610,17220
2023-11-10,GA/2023-24/00473,ACC-138,MSG-200-75,2,30,8770,17540
2023-11-10,GA/2023-24/00474,ACC-139,MSG-1L-15,1,15,8455,8455
2023-11-11,GA/2023-24/00475,ACC-035,MSG-500-30,1,15,8610,8610
2023-11-13,GA/2023-24/00476,ACC-011,MSG-1L-15,2,30,8455,16910
2023-11-13,GA/2023-24/00477,ACC-017,MSG-200-75,1,15,8770,8770
2023-11-13,GA/2023-24/00477,ACC-017,MSG-500-30,2,30,8610,17220
2023-11-13,GA/2023-24/00478,ACC-046,MSG-500-30,1,15,8610,8610
2023-11-13,GA/2023-24/00479,ACC-052,MSG-1L-15,1,15,8455,8455
2023-11-13,GA/2023-24/00480,ACC-070,MSG-200-75,1,15,8770,8770
2023-11-13,GA/2023-24/00481,ACC-105,MSG-500-30,1,15,8610,8610
2023-11-14,GA/2023-24/00482,ACC-134,MSG-200-75,3,45,8770,26310
2023-11-15,GA/2023-24/00483,ACC-133,MSG-200-75,1,15,8770,8770
2023-11-16,GA/2023-24/00484,ACC-041,MSG-1L-15,1,15,8455,8455
2023-11-17,GA/2023-24/00485,ACC-020,MSG-200-75,1,15,8770,8770
2023-11-17,GA/2023-24/00486,ACC-039,MSG-1L-15,2,30,8455,16910
2023-11-17,GA/2023-24/00487,ACC-056,MSG-200-75,1,15,8770,8770
2023-11-17,GA/2023-24/00488,ACC-126,MSG-1L-15,2,30,8455,16910
2023-11-18,GA/2023-24/00489,ACC-001,MSG-1L-15,2,30,8455,16910
2023-11-18,GA/2023-24/00490,ACC-002,MSG-1L-15,1,15,8455,8455
2023-11-18,GA/2023-24/00490,ACC-002,MSG-500-30,1,15,8610,8610
2023-11-18,GA/2023-24/00491,ACC-036,MSG-200-75,2,30,8770,17540
2023-11-18,GA/2023-24/00492,ACC-129,MSG-200-75,1,15,8770,8770
2023-11-20,GA/2023-24/00493,ACC-013,MSG-1L-15,2,30,8455,16910
2023-11-20,GA/2023-24/00493,ACC-013,MSG-200-75,1,15,8770,8770
2023-11-20,GA/2023-24/00494,ACC-032,MSG-200-75,2,30,8770,17540
2023-11-20,GA/2023-24/00495,ACC-050,MSG-1L-15,1,15,8455,8455
2023-11-20,GA/2023-24/00496,ACC-053,MSG-1L-15,1,15,8455,8455
2023-11-20,GA/2023-24/00497,ACC-062,MSG-500-30,1,15,8610,8610
2023-11-20,GA/2023-24/00498,ACC-068,MSG-1L-15,1,15,8455,8455
2023-11-20,GA/2023-24/00499,ACC-119,MSG-500-30,1,15,8610,8610
2023-11-20,GA/2023-24/00500,ACC-120,MSG-200-75,1,15,8770,8770
2023-11-21,GA/2023-24/00501,ACC-001,MSG-200-75,1,15,8770,8770
2023-11-21,GA/2023-24/00501,ACC-001,MSG-500-30,2,30,8610,17220
2023-11-21,GA/2023-24/00502,ACC-015,MSG-200-75,2,30,8770,17540
2023-11-21,GA/2023-24/00503,ACC-025,MSG-1L-15,1,15,8455,8455
2023-11-21,GA/2023-24/00504,ACC-106,MSG-200-75,1,15,8770,8770
2023-11-21,GA/2023-24/00505,ACC-143,MSG-500-30,2,30,8610,17220
2023-11-22,GA/2023-24/00506,ACC-048,MSG-1L-15,1,15,8455,8455
2023-11-22,GA/2023-24/00507,ACC-066,MSG-500-30,2,30,8610,17220
2023-11-23,GA/2023-24/00508,ACC-003,MSG-200-75,4,60,8770,35080
2023-11-23,GA/2023-24/00509,ACC-045,MSG-1L-15,2,30,8455,16910
2023-11-23,GA/2023-24/00510,ACC-121,MSG-500-30,2,30,8610,17220
2023-11-23,GA/2023-24/00511,ACC-131,MSG-1L-15,1,15,8455,8455
2023-11-24,GA/2023-24/00512,ACC-002,MSG-500-30,3,45,8610,25830
2023-11-24,GA/2023-24/00513,ACC-031,MSG-200-75,1,15,8770,8770
2023-11-25,GA/2023-24/00514,ACC-004,MSG-1L-15,1,15,8455,8455
2023-11-25,GA/2023-24/00515,ACC-010,MSG-1L-15,3,45,8455,25365
2023-11-25,GA/2023-24/00516,ACC-033,MSG-500-30,2,30,8610,17220
2023-11-25,GA/2023-24/00517,ACC-112,MSG-1L-15,1,15,8455,8455
2023-11-25,GA/2023-24/00518,ACC-115,MSG-1L-15,1,15,8455,8455
2023-11-27,GA/2023-24/00519,ACC-004,MSG-500-30,2,30,8610,17220
2023-11-27,GA/2023-24/00520,ACC-007,MSG-200-75,2,30,8770,17540
2023-11-27,GA/2023-24/00520,ACC-007,MSG-500-30,1,15,8610,8610
2023-11-27,GA/2023-24/00521,ACC-080,MSG-200-75,1,15,8770,8770
2023-11-28,GA/2023-24/00522,ACC-067,MSG-500-30,1,15,8610,8610
2023-11-29,GA/2023-24/00523,ACC-005,MSG-500-30,1,15,8610,8610
2023-11-29,GA/2023-24/00524,ACC-012,MSG-1L-15,2,30,8455,16910
2023-11-29,GA/2023-24/00525,ACC-014,MSG-200-75,1,15,8770,8770
2023-11-29,GA/2023-24/00526,ACC-021,MSG-500-30,1,15,8610,8610
2023-11-29,GA/2023-24/00527,ACC-037,MSG-1L-15,1,15,8455,8455
2023-11-29,GA/2023-24/00528,ACC-132,MSG-200-75,1,15,8770,8770
2023-11-30,GA/2023-24/00529,ACC-029,MSG-1L-15,1,15,8455,8455
2023-11-30,GA/2023-24/00530,ACC-042,MSG-1L-15,1,15,8455,8455
2023-11-30,GA/2023-24/00531,ACC-051,MSG-1L-15,1,15,8455,8455
2023-11-30,GA/2023-24/00532,ACC-059,MSG-1L-15,2,30,8455,16910
2023-11-30,GA/2023-24/00533,ACC-061,MSG-1L-15,1,15,8455,8455
2023-11-30,GA/2023-24/00534,ACC-145,MSG-200-75,1,15,8770,8770
2023-12-01,GA/2023-24/00535,ACC-024,MSG-1L-15,1,15,8455,8455
2023-12-01,GA/2023-24/00536,ACC-145,MSG-500-30,1,15,8610,8610
2023-12-02,GA/2023-24/00537,ACC-018,MSG-1L-15,1,15,8455,8455
2023-12-02,GA/2023-24/00538,ACC-019,MSG-500-30,1,15,8610,8610
2023-12-02,GA/2023-24/00539,ACC-023,MSG-1L-15,2,30,8455,16910
2023-12-02,GA/2023-24/00540,ACC-030,MSG-500-30,1,15,8610,8610
2023-12-02,GA/2023-24/00541,ACC-130,MSG-1L-15,1,15,8455,8455
2023-12-04,GA/2023-24/00542,ACC-036,MSG-1L-15,1,15,8455,8455
2023-12-04,GA/2023-24/00543,ACC-066,MSG-1L-15,1,15,8455,8455
2023-12-04,GA/2023-24/00544,ACC-126,MSG-1L-15,2,30,8455,16910
2023-12-05,GA/2023-24/00545,ACC-003,MSG-1L-15,3,45,8455,25365
2023-12-05,GA/2023-24/00546,ACC-084,MSG-500-30,1,15,8610,8610
2023-12-05,GA/2023-24/00547,ACC-096,MSG-1L-15,2,30,8455,16910
2023-12-06,GA/2023-24/00548,ACC-053,MSG-200-75,1,15,8770,8770
2023-12-06,GA/2023-24/00549,ACC-094,MSG-1L-15,1,15,8455,8455
2023-12-07,GA/2023-24/00550,ACC-004,MSG-200-75,3,45,8770,26310
2023-12-07,GA/2023-24/00551,ACC-009,MSG-1L-15,1,15,8455,8455
2023-12-07,GA/2023-24/00551,ACC-009,MSG-500-30,2,30,8610,17220
2023-12-07,GA/2023-24/00552,ACC-026,MSG-1L-15,1,15,8455,8455
2023-12-08,GA/2023-24/00553,ACC-001,MSG-1L-15,2,30,8455,16910
2023-12-08,GA/2023-24/00554,ACC-002,MSG-500-30,4,60,8610,34440
2023-12-08,GA/2023-24/00555,ACC-010,MSG-1L-15,1,15,8455,8455
2023-12-08,GA/2023-24/00556,ACC-028,MSG-200-75,1,15,8770,8770
2023-12-09,GA/2023-24/00557,ACC-016,MSG-1L-15,2,30,8455,16910
2023-12-09,GA/2023-24/00558,ACC-061,MSG-200-75,1,15,8770,8770
2023-12-11,GA/2023-24/00559,ACC-029,MSG-200-75,1,15,8770,8770
2023-12-11,GA/2023-24/00560,ACC-095,MSG-1L-15,1,15,8455,8455
2023-12-12,GA/2023-24/00561,ACC-008,MSG-500-30,2,30,8610,17220
2023-12-12,GA/2023-24/00562,ACC-025,MSG-1L-15,2,30,8455,16910
2023-12-12,GA/2023-24/00563,ACC-103,MSG-1L-15,1,15,8455,8455
2023-12-13,GA/2023-24/00564,ACC-056,MSG-200-75,1,15,8770,8770
2023-12-13,GA/2023-24/00565,ACC-088,MSG-1L-15,1,15,8455,8455
2023-12-13,GA/2023-24/00566,ACC-136,MSG-1L-15,1,15,8455,8455
2023-12-15,GA/2023-24/00567,ACC-072,MSG-500-30,1,15,8610,8610
2023-12-15,GA/2023-24/00568,ACC-089,MSG-1L-15,1,15,8455,8455
2023-12-16,GA/2023-24/00569,ACC-006,MSG-1L-15,1,15,8455,8455
2023-12-16,GA/2023-24/00569,ACC-006,MSG-500-30,1,15,8610,8610
2023-12-16,GA/2023-24/00570,ACC-119,MSG-1L-15,1,15,8455,8455
2023-12-16,GA/2023-24/00571,ACC-140,MSG-1L-15,1,15,8455,8455
2023-12-18,GA/2023-24/00572,ACC-011,MSG-200-75,1,15,8770,8770
2023-12-18,GA/2023-24/00573,ACC-014,MSG-500-30,2,30,8610,17220
2023-12-18,GA/2023-24/00574,ACC-033,MSG-1L-15,1,15,8455,8455
2023-12-18,GA/2023-24/00575,ACC-048,MSG-200-75,1,15,8770,8770
2023-12-18,GA/2023-24/00576,ACC-117,MSG-1L-15,2,30,8455,16910
2023-12-19,GA/2023-24/00577,ACC-002,MSG-1L-15,4,60,8455,33820
2023-12-19,GA/2023-24/00578,ACC-017,MSG-1L-15,1,15,8455,8455
2023-12-20,GA/2023-24/00579,ACC-045,MSG-1L-15,1,15,8455,8455
2023-12-20,GA/2023-24/00580,ACC-099,MSG-1L-15,1,15,8455,8455
2023-12-20,GA/2023-24/00580,ACC-099,MSG-500-30,1,15,8610,8610
2023-12-20,GA/2023-24/00581,ACC-102,MSG-1L-15,1,15,8455,8455
2023-12-20,GA/2023-24/00582,ACC-121,MSG-1L-15,1,15,8455,8455
2023-12-21,GA/2023-24/00583,ACC-020,MSG-500-30,1,15,8610,8610
2023-12-22,GA/2023-24/00584,ACC-035,MSG-1L-15,1,15,8455,8455
2023-12-22,GA/2023-24/00585,ACC-037,MSG-1L-15,1,15,8455,8455
2023-12-22,GA/2023-24/00586,ACC-109,MSG-1L-15,1,15,8455,8455
2023-12-23,GA/2023-24/00587,ACC-013,MSG-1L-15,1,15,8455,8455
2023-12-23,GA/2023-24/00588,ACC-032,MSG-1L-15,1,15,8455,8455
2023-12-25,GA/2023-24/00589,ACC-005,MSG-200-75,1,15,8770,8770
2023-12-25,GA/2023-24/00589,ACC-005,MSG-500-30,2,30,8610,17220
2023-12-25,GA/2023-24/00590,ACC-046,MSG-500-30,1,15,8610,8610
2023-12-25,GA/2023-24/00591,ACC-068,MSG-1L-15,1,15,8455,8455
2023-12-25,GA/2023-24/00592,ACC-105,MSG-1L-15,1,15,8455,8455
2023-12-27,GA/2023-24/00593,ACC-001,MSG-200-75,2,30,8770,17540
2023-12-27,GA/2023-24/00594,ACC-031,MSG-1L-15,1,15,8455,8455
2023-12-27,GA/2023-24/00594,ACC-031,MSG-500-30,1,15,8610,8610
2023-12-27,GA/2023-24/00595,ACC-038,MSG-1L-15,1,15,8455,8455
2023-12-27,GA/2023-24/00596,ACC-042,MSG-200-75,1,15,8770,8770
2023-12-27,GA/2023-24/00597,ACC-098,MSG-1L-15,1,15,8455,8455
2023-12-28,GA/2023-24/00598,ACC-050,MSG-500-30,1,15,8610,8610
2023-12-28,GA/2023-24/00599,ACC-055,MSG-1L-15,1,15,8455,8455
2023-12-28,GA/2023-24/00600,ACC-110,MSG-500-30,1,15,8610,8610
2023-12-29,GA/2023-24/00601,ACC-012,MSG-500-30,1,15,8610,8610
2023-12-29,GA/2023-24/00602,ACC-022,MSG-1L-15,2,30,8455,16910
2023-12-29,GA/2023-24/00603,ACC-059,MSG-1L-15,1,15,8455,8455
2023-12-30,GA/2023-24/00604,ACC-021,MSG-200-75,1,15,8770,8770
2023-12-30,GA/2023-24/00605,ACC-039,MSG-500-30,2,30,8610,17220
2023-12-30,GA/2023-24/00606,ACC-057,MSG-1L-15,1,15,8455,8455
2023-12-30,GA/2023-24/00607,ACC-063,MSG-1L-15,1,15,8455,8455
2023-12-30,GA/2023-24/00608,ACC-069,MSG-200-75,1,15,8770,8770
2023-12-30,GA/2023-24/00609,ACC-080,MSG-200-75,1,15,8770,8770
2023-12-30,GA/2023-24/00610,ACC-082,MSG-1L-15,1,15,8455,8455
2023-12-30,GA/2023-24/00611,ACC-131,MSG-500-30,1,15,8610,8610
2024-01-01,GA/2023-24/00612,ACC-054,MSG-1L-15,1,15,8455,8455
2024-01-01,GA/2023-24/00613,ACC-099,MSG-1L-15,1,15,8455,8455
2024-01-01,GA/2023-24/00614,ACC-126,MSG-500-30,1,15,8610,8610
2024-01-02,GA/2023-24/00615,ACC-002,MSG-200-75,3,45,8770,26310
2024-01-02,GA/2023-24/00616,ACC-038,MSG-200-75,1,15,8770,8770
2024-01-02,GA/2023-24/00617,ACC-093,MSG-1L-15,2,30,8455,16910
2024-01-03,GA/2023-24/00618,ACC-014,MSG-1L-15,2,30,8455,16910
2024-01-03,GA/2023-24/00619,ACC-025,MSG-1L-15,1,15,8455,8455
2024-01-03,GA/2023-24/00620,ACC-031,MSG-1L-15,1,15,8455,8455
2024-01-04,GA/2023-24/00621,ACC-053,MSG-500-30,1,15,8610,8610
2024-01-04,GA/2023-24/00622,ACC-067,MSG-500-30,1,15,8610,8610
2024-01-04,GA/2023-24/00623,ACC-103,MSG-1L-15,1,15,8455,8455
2024-01-05,GA/2023-24/00624,ACC-041,MSG-1L-15,1,15,8455,8455
2024-01-05,GA/2023-24/00625,ACC-072,MSG-1L-15,1,15,8455,8455
2024-01-06,GA/2023-24/00626,ACC-032,MSG-1L-15,3,45,8455,25365
2024-01-08,GA/2023-24/00627,ACC-030,MSG-200-75,1,15,8770,8770
2024-01-08,GA/2023-24/00628,ACC-056,MSG-1L-15,1,15,8455,8455
2024-01-08,GA/2023-24/00629,ACC-131,MSG-200-75,1,15,8770,8770
2024-01-09,GA/2023-24/00630,ACC-097,MSG-500-30,1,15,8610,8610
2024-01-09,GA/2023-24/00631,ACC-108,MSG-500-30,1,15,8610,8610
2024-01-09,GA/2023-24/00632,ACC-109,MSG-1L-15,1,15,8455,8455
2024-01-09,GA/2023-24/00633,ACC-128,MSG-1L-15,1,15,8455,8455
2024-01-10,GA/2023-24/00634,ACC-008,MSG-1L-15,2,30,8455,16910
2024-01-10,GA/2023-24/00634,ACC-008,MSG-500-30,2,30,8610,17220
2024-01-10,GA/2023-24/00635,ACC-051,MSG-1L-15,1,15,8455,8455
2024-01-10,GA/2023-24/00636,ACC-132,MSG-1L-15,1,15,8455,8455
2024-01-11,GA/2023-24/00637,ACC-006,MSG-1L-15,2,30,8455,16910
2024-01-12,GA/2023-24/00638,ACC-016,MSG-1L-15,2,30,8455,16910
2024-01-12,GA/2023-24/00639,ACC-040,MSG-1L-15,1,15,8455,8455
2024-01-12,GA/2023-24/00640,ACC-059,MSG-1L-15,1,15,8455,8455
2024-01-12,GA/2023-24/00641,ACC-066,MSG-1L-15,1,15,8455,8455
2024-01-15,GA/2023-24/00642,ACC-009,MSG-1L-15,2,30,8455,16910
2024-01-15,GA/2023-24/00643,ACC-010,MSG-500-30,1,15,8610,8610
2024-01-15,GA/2023-24/00644,ACC-013,MSG-500-30,2,30,8610,17220
2024-01-15,GA/2023-24/00645,ACC-106,MSG-500-30,1,15,8610,8610
2024-01-15,GA/2023-24/00646,ACC-139,MSG-200-75,1,15,8770,8770
2024-01-16,GA/2023-24/00647,ACC-017,MSG-1L-15,1,15,8455,8455
2024-01-16,GA/2023-24/00648,ACC-089,MSG-200-75,1,15,8770,8770
2024-01-17,GA/2023-24/00649,ACC-061,MSG-1L-15,1,15,8455,8455
2024-01-17,GA/2023-24/00650,ACC-074,MSG-1L-15,1,15,8455,8455
2024-01-17,GA/2023-24/00651,ACC-110,MSG-1L-15,1,15,8455,8455
2024-01-18,GA/2023-24/00652,ACC-021,MSG-1L-15,1,15,8455,8455
2024-01-18,GA/2023-24/00653,ACC-090,MSG-200-75,2,30,8770,17540
2024-01-19,GA/2023-24/00654,ACC-003,MSG-1L-15,2,30,8455,16910
2024-01-19,GA/2023-24/00654,ACC-003,MSG-200-75,2,30,8770,17540
2024-01-19,GA/2023-24/00655,ACC-062,MSG-1L-15,1,15,8455,8455
2024-01-20,GA/2023-24/00656,ACC-015,MSG-500-30,1,15,8610,8610
2024-01-20,GA/2023-24/00657,ACC-019,MSG-1L-15,2,30,8455,16910
2024-01-22,GA/2023-24/00658,ACC-044,MSG-500-30,1,15,8610,8610
2024-01-22,GA/2023-24/00659,ACC-046,MSG-500-30,2,30,8610,17220
2024-01-23,GA/2023-24/00660,ACC-027,MSG-1L-15,1,15,8455,8455
2024-01-23,GA/2023-24/00661,ACC-035,MSG-1L-15,1,15,8455,8455
2024-01-23,GA/2023-24/00662,ACC-081,MSG-500-30,1,15,8610,8610
2024-01-23,GA/2023-24/00663,ACC-121,MSG-1L-15,1,15,8455,8455
2024-01-24,GA/2023-24/00664,ACC-001,MSG-1L-15,1,15,8455,8455
2024-01-24,GA/2023-24/00664,ACC-001,MSG-500-30,1,15,8610,8610
2024-01-24,GA/2023-24/00665,ACC-005,MSG-1L-15,3,45,8455,25365
2024-01-24,GA/2023-24/00666,ACC-037,MSG-1L-15,1,15,8455,8455
2024-01-24,GA/2023-24/00667,ACC-117,MSG-200-75,2,30,8770,17540
2024-01-25,GA/2023-24/00668,ACC-001,MSG-500-30,2,30,8610,17220
2024-01-25,GA/2023-24/00669,ACC-007,MSG-1L-15,1,15,8455,8455
2024-01-25,GA/2023-24/00669,ACC-007,MSG-500-30,2,30,8610,17220
2024-01-25,GA/2023-24/00670,ACC-020,MSG-1L-15,1,15,8455,8455
2024-01-25,GA/2023-24/00671,ACC-136,MSG-1L-15,1,15,8455,8455
2024-01-26,GA/2023-24/00672,ACC-047,MSG-1L-15,1,15,8455,8455
2024-01-26,GA/2023-24/00673,ACC-112,MSG-1L-15,1,15,8455,8455
2024-01-29,GA/2023-24/00674,ACC-004,MSG-1L-15,2,30,8455,16910
2024-01-29,GA/2023-24/00674,ACC-004,MSG-500-30,2,30,8610,17220
2024-01-29,GA/2023-24/00675,ACC-011,MSG-500-30,1,15,8610,8610
2024-01-29,GA/2023-24/00676,ACC-012,MSG-200-75,1,15,8770,8770
2024-01-29,GA/2023-24/00677,ACC-049,MSG-500-30,1,15,8610,8610
2024-01-30,GA/2023-24/00678,ACC-022,MSG-1L-15,1,15,8455,8455
2024-01-30,GA/2023-24/00679,ACC-023,MSG-1L-15,1,15,8455,8455
2024-01-30,GA/2023-24/00680,ACC-144,MSG-1L-15,1,15,8455,8455
2024-01-31,GA/2023-24/00681,ACC-033,MSG-1L-15,2,30,8455,16910
2024-01-31,GA/2023-24/00682,ACC-045,MSG-500-30,2,30,8610,17220
2024-01-31,GA/2023-24/00683,ACC-127,MSG-200-75,1,15,8770,8770
2024-02-01,GA/2023-24/00684,ACC-003,MSG-1L-15,2,30,8455,16910
2024-02-01,GA/2023-24/00685,ACC-018,MSG-500-30,1,15,8610,8610
2024-02-01,GA/2023-24/00686,ACC-066,MSG-500-30,1,15,8610,8610
2024-02-01,GA/2023-24/00687,ACC-067,MSG-1L-15,1,15,8455,8455
2024-02-01,GA/2023-24/00688,ACC-121,MSG-500-30,1,15,8610,8610
2024-02-02,GA/2023-24/00689,ACC-031,MSG-1L-15,1,15,8455,8455
2024-02-02,GA/2023-24/00690,ACC-053,MSG-1L-15,1,15,8455,8455
2024-02-03,GA/2023-24/00691,ACC-001,MSG-500-30,2,30,8610,17220
2024-02-03,GA/2023-24/00692,ACC-037,MSG-1L-15,1,15,8455,8455
2024-02-03,GA/2023-24/00693,ACC-069,MSG-1L-15,1,15,8455,8455
2024-02-05,GA/2023-24/00694,ACC-016,MSG-500-30,1,15,8610,8610
2024-02-05,GA/2023-24/00695,ACC-062,MSG-1L-15,1,15,8455,8455
2024-02-05,GA/2023-24/00696,ACC-081,MSG-500-30,1,15,8610,8610
2024-02-05,GA/2023-24/00697,ACC-083,MSG-500-30,1,15,8610,8610
2024-02-07,GA/2023-24/00698,ACC-011,MSG-1L-15,1,15,8455,8455
2024-02-07,GA/2023-24/00699,ACC-068,MSG-200-75,1,15,8770,8770
2024-02-07,GA/2023-24/00700,ACC-103,MSG-500-30,1,15,8610,8610
2024-02-07,GA/2023-24/00701,ACC-107,MSG-200-75,2,30,8770,17540
2024-02-07,GA/2023-24/00702,ACC-136,MSG-1L-15,1,15,8455,8455
2024-02-08,GA/2023-24/00703,ACC-013,MSG-1L-15,4,60,8455,33820
2024-02-08,GA/2023-24/00704,ACC-014,MSG-1L-15,1,15,8455,8455
2024-02-08,GA/2023-24/00705,ACC-042,MSG-1L-15,1,15,8455,8455
2024-02-09,GA/2023-24/00706,ACC-006,MSG-500-30,2,30,8610,17220
2024-02-09,GA/2023-24/00707,ACC-007,MSG-500-30,2,30,8610,17220
2024-02-09,GA/2023-24/00708,ACC-022,MSG-500-30,1,15,8610,8610
2024-02-09,GA/2023-24/00709,ACC-039,MSG-200-75,1,15,8770,8770
2024-02-09,GA/2023-24/00710,ACC-105,MSG-500-30,1,15,8610,8610
2024-02-10,GA/2023-24/00711,ACC-009,MSG-500-30,3,45,8610,25830
2024-02-12,GA/2023-24/00712,ACC-003,MSG-1L-15,3,45,8455,25365
2024-02-12,GA/2023-24/00713,ACC-010,MSG-500-30,1,15,8610,8610
2024-02-12,GA/2023-24/00714,ACC-063,MSG-500-30,1,15,8610,8610
2024-02-12,GA/2023-24/00715,ACC-073,MSG-500-30,1,15,8610,8610
2024-02-12,GA/2023-24/00716,ACC-079,MSG-1L-15,1,15,8455,8455
2024-02-12,GA/2023-24/00717,ACC-090,MSG-1L-15,2,30,8455,16910
2024-02-13,GA/2023-24/00718,ACC-035,MSG-1L-15,1,15,8455,8455
2024-02-14,GA/2023-24/00719,ACC-012,MSG-1L-15,1,15,8455,8455
2024-02-14,GA/2023-24/00720,ACC-036,MSG-1L-15,1,15,8455,8455
2024-02-14,GA/2023-24/00721,ACC-145,MSG-1L-15,2,30,8455,16910
2024-02-15,GA/2023-24/00722,ACC-005,MSG-500-30,4,60,8610,34440
2024-02-15,GA/2023-24/00723,ACC-019,MSG-1L-15,2,30,8455,16910
2024-02-15,GA/2023-24/00724,ACC-038,MSG-1L-15,1,15,8455,8455
2024-02-15,GA/2023-24/00725,ACC-094,MSG-1L-15,1,15,8455,8455
2024-02-15,GA/2023-24/00726,ACC-131,MSG-1L-15,1,15,8455,8455
2024-02-16,GA/2023-24/00727,ACC-024,MSG-1L-15,1,15,8455,8455
2024-02-16,GA/2023-24/00728,ACC-088,MSG-500-30,1,15,8610,8610
2024-02-17,GA/2023-24/00729,ACC-030,MSG-500-30,1,15,8610,8610
2024-02-17,GA/2023-24/00730,ACC-059,MSG-1L-15,1,15,8455,8455
2024-02-17,GA/2023-24/00731,ACC-119,MSG-1L-15,1,15,8455,8455
2024-02-19,GA/2023-24/00732,ACC-004,MSG-1L-15,2,30,8455,16910
2024-02-19,GA/2023-24/00733,ACC-051,MSG-1L-15,1,15,8455,8455
2024-02-19,GA/2023-24/00734,ACC-072,MSG-500-30,1,15,8610,8610
2024-02-19,GA/2023-24/00735,ACC-102,MSG-500-30,1,15,8610,8610
2024-02-19,GA/2023-24/00736,ACC-115,MSG-1L-15,1,15,8455,8455
2024-02-19,GA/2023-24/00737,ACC-117,MSG-1L-15,1,15,8455,8455
2024-02-20,GA/2023-24/00738,ACC-002,MSG-1L-15,3,45,8455,25365
2024-02-20,GA/2023-24/00738,ACC-002,MSG-500-30,1,15,8610,8610
2024-02-20,GA/2023-24/00739,ACC-021,MSG-1L-15,2,30,8455,16910
2024-02-20,GA/2023-24/00740,ACC-023,MSG-200-75,2,30,8770,17540
2024-02-20,GA/2023-24/00741,ACC-080,MSG-1L-15,1,15,8455,8455
2024-02-20,GA/2023-24/00742,ACC-118,MSG-1L-15,1,15,8455,8455
2024-02-22,GA/2023-24/00743,ACC-020,MSG-1L-15,3,45,8455,25365
2024-02-22,GA/2023-24/00744,ACC-096,MSG-1L-15,1,15,8455,8455
2024-02-23,GA/2023-24/00745,ACC-045,MSG-1L-15,1,15,8455,8455
2024-02-23,GA/2023-24/00746,ACC-056,MSG-1L-15,1,15,8455,8455
2024-02-23,GA/2023-24/00747,ACC-060,MSG-500-30,1,15,8610,8610
2024-02-23,GA/2023-24/00748,ACC-092,MSG-1L-15,1,15,8455,8455
2024-02-23,GA/2023-24/00749,ACC-098,MSG-1L-15,1,15,8455,8455
2024-02-26,GA/2023-24/00750,ACC-001,MSG-1L-15,3,45,8455,25365
2024-02-26,GA/2023-24/00751,ACC-004,MSG-200-75,1,15,8770,8770
2024-02-26,GA/2023-24/00751,ACC-004,MSG-500-30,2,30,8610,17220
2024-02-26,GA/2023-24/00752,ACC-126,MSG-1L-15,2,30,8455,16910
2024-02-26,GA/2023-24/00753,ACC-134,MSG-1L-15,1,15,8455,8455
2024-02-27,GA/2023-24/00754,ACC-017,MSG-200-75,1,15,8770,8770
2024-02-27,GA/2023-24/00755,ACC-032,MSG-1L-15,2,30,8455,16910
2024-02-27,GA/2023-24/00756,ACC-033,MSG-1L-15,1,15,8455,8455
2024-02-27,GA/2023-24/00757,ACC-055,MSG-1L-15,1,15,8455,8455
2024-02-27,GA/2023-24/00758,ACC-084,MSG-500-30,1,15,8610,8610
2024-02-28,GA/2023-24/00759,ACC-027,MSG-1L-15,1,15,8455,8455
2024-02-28,GA/2023-24/00760,ACC-061,MSG-500-30,1,15,8610,8610
2024-02-28,GA/2023-24/00761,ACC-108,MSG-200-75,1,15,8770,8770
2024-02-28,GA/2023-24/00762,ACC-130,MSG-1L-15,1,15,8455,8455
2024-03-01,GA/2023-24/00763,ACC-042,MSG-1L-15,1,15,8455,8455
2024-03-01,GA/2023-24/00764,ACC-063,MSG-1L-15,1,15,8455,8455
2024-03-01,GA/2023-24/00765,ACC-130,MSG-1L-15,1,15,8455,8455
2024-03-01,GA/2023-24/00765,ACC-130,MSG-500-30,1,15,8610,8610
2024-03-02,GA/2023-24/00766,ACC-004,MSG-1L-15,1,15,8455,8455
2024-03-02,GA/2023-24/00767,ACC-054,MSG-500-30,1,15,8610,8610
2024-03-02,GA/2023-24/00768,ACC-095,MSG-500-30,1,15,8610,8610
2024-03-04,GA/2023-24/00769,ACC-009,MSG-200-75,3,45,8770,26310
2024-03-04,GA/2023-24/00770,ACC-017,MSG-1L-15,1,15,8455,8455
2024-03-04,GA/2023-24/00771,ACC-039,MSG-1L-15,1,15,8455,8455
2024-03-04,GA/2023-24/00772,ACC-044,MSG-1L-15,1,15,8455,8455
2024-03-04,GA/2023-24/00773,ACC-099,MSG-1L-15,1,15,8455,8455
2024-03-04,GA/2023-24/00774,ACC-105,MSG-200-75,1,15,8770,8770
2024-03-04,GA/2023-24/00775,ACC-126,MSG-500-30,1,15,8610,8610
2024-03-05,GA/2023-24/00776,ACC-024,MSG-1L-15,1,15,8455,8455
2024-03-05,GA/2023-24/00777,ACC-096,MSG-1L-15,1,15,8455,8455
2024-03-05,GA/2023-24/00778,ACC-129,MSG-200-75,1,15,8770,8770
2024-03-06,GA/2023-24/00779,ACC-014,MSG-500-30,1,15,8610,8610
2024-03-06,GA/2023-24/00780,ACC-015,MSG-1L-15,1,15,8455,8455
2024-03-06,GA/2023-24/00781,ACC-025,MSG-1L-15,1,15,8455,8455
2024-03-06,GA/2023-24/00782,ACC-113,MSG-500-30,1,15,8610,8610
2024-03-07,GA/2023-24/00783,ACC-011,MSG-1L-15,2,30,8455,16910
2024-03-08,GA/2023-24/00784,ACC-013,MSG-500-30,2,30,8610,17220
2024-03-08,GA/2023-24/00785,ACC-022,MSG-1L-15,1,15,8455,8455
2024-03-08,GA/2023-24/00786,ACC-049,MSG-1L-15,2,30,8455,16910
2024-03-08,GA/2023-24/00786,ACC-049,MSG-200-75,1,15,8770,8770
2024-03-09,GA/2023-24/00787,ACC-073,MSG-500-30,1,15,8610,8610
2024-03-09,GA/2023-24/00788,ACC-133,MSG-1L-15,1,15,8455,8455
2024-03-11,GA/2023-24/00789,ACC-006,MSG-1L-15,2,30,8455,16910
2024-03-11,GA/2023-24/00790,ACC-033,MSG-1L-15,1,15,8455,8455
2024-03-11,GA/2023-24/00791,ACC-038,MSG-200-75,1,15,8770,8770
2024-03-11,GA/2023-24/00792,ACC-140,MSG-200-75,1,15,8770,8770
2024-03-11,GA/2023-24/00793,ACC-144,MSG-1L-15,1,15,8455,8455
2024-03-12,GA/2023-24/00794,ACC-031,MSG-200-75,1,15,8770,8770
2024-03-12,GA/2023-24/00795,ACC-100,MSG-200-75,1,15,8770,8770
2024-03-13,GA/2023-24/00796,ACC-003,MSG-1L-15,2,30,8455,16910
2024-03-13,GA/2023-24/00797,ACC-019,MSG-1L-15,1,15,8455,8455
2024-03-13,GA/2023-24/00798,ACC-032,MSG-1L-15,2,30,8455,16910
2024-03-13,GA/2023-24/00799,ACC-106,MSG-1L-15,1,15,8455,8455
2024-03-15,GA/2023-24/00800,ACC-082,MSG-1L-15,2,30,8455,16910
2024-03-15,GA/2023-24/00801,ACC-097,MSG-1L-15,1,15,8455,8455
2024-03-16,GA/2023-24/00802,ACC-012,MSG-1L-15,1,15,8455,8455
2024-03-16,GA/2023-24/00802,ACC-012,MSG-500-30,1,15,8610,8610
2024-03-16,GA/2023-24/00803,ACC-018,MSG-1L-15,1,15,8455,8455
2024-03-18,GA/2023-24/00804,ACC-021,MSG-500-30,1,15,8610,8610
2024-03-18,GA/2023-24/00805,ACC-036,MSG-1L-15,1,15,8455,8455
2024-03-19,GA/2023-24/00806,ACC-028,MSG-1L-15,1,15,8455,8455
2024-03-19,GA/2023-24/00807,ACC-062,MSG-500-30,2,30,8610,17220
2024-03-20,GA/2023-24/00808,ACC-068,MSG-1L-15,1,15,8455,8455
2024-03-20,GA/2023-24/00809,ACC-110,MSG-1L-15,1,15,8455,8455
2024-03-20,GA/2023-24/00810,ACC-115,MSG-1L-15,1,15,8455,8455
2024-03-22,GA/2023-24/00811,ACC-004,MSG-200-75,2,30,8770,17540
2024-03-22,GA/2023-24/00811,ACC-004,MSG-500-30,1,15,8610,8610
2024-03-22,GA/2023-24/00812,ACC-008,MSG-1L-15,3,45,8455,25365
2024-03-22,GA/2023-24/00813,ACC-026,MSG-500-30,1,15,8610,8610
2024-03-22,GA/2023-24/00814,ACC-040,MSG-1L-15,1,15,8455,8455
2024-03-22,GA/2023-24/00815,ACC-132,MSG-1L-15,1,15,8455,8455
2024-03-23,GA/2023-24/00816,ACC-030,MSG-1L-15,1,15,8455,8455
2024-03-23,GA/2023-24/00817,ACC-057,MSG-1L-15,1,15,8455,8455
2024-03-23,GA/2023-24/00817,ACC-057,MSG-200-75,1,15,8770,8770
2024-03-23,GA/2023-24/00818,ACC-079,MSG-1L-15,1,15,8455,8455
2024-03-25,GA/2023-24/00819,ACC-003,MSG-200-75,1,15,8770,8770
2024-03-25,GA/2023-24/00819,ACC-003,MSG-500-30,1,15,8610,8610
2024-03-25,GA/2023-24/00820,ACC-007,MSG-1L-15,2,30,8455,16910
2024-03-25,GA/2023-24/00821,ACC-092,MSG-200-75,1,15,8770,8770
2024-03-26,GA/2023-24/00822,ACC-002,MSG-1L-15,2,30,8455,16910
2024-03-26,GA/2023-24/00823,ACC-005,MSG-1L-15,2,30,8455,16910
2024-03-26,GA/2023-24/00824,ACC-029,MSG-1L-15,1,15,8455,8455
2024-03-27,GA/2023-24/00825,ACC-080,MSG-1L-15,1,15,8455,8455
2024-03-28,GA/2023-24/00826,ACC-002,MSG-1L-15,2,30,8455,16910
2024-03-28,GA/2023-24/00827,ACC-041,MSG-1L-15,1,15,8455,8455
2024-03-29,GA/2023-24/00828,ACC-001,MSG-500-30,4,60,8610,34440
2024-03-29,GA/2023-24/00829,ACC-010,MSG-200-75,1,15,8770,8770
2024-03-30,GA/2023-24/00830,ACC-067,MSG-500-30,1,15,8610,8610
2024-03-30,GA/2023-24/00831,ACC-087,MSG-1L-15,2,30,8455,16910
2024-03-30,GA/2023-24/00832,ACC-117,MSG-1L-15,1,15,8455,8455
2024-03-30,GA/2023-24/00833,ACC-121,MSG-1L-15,1,15,8455,8455
2024-04-01,GA/2024-25/00001,ACC-014,MSG-1L-15,1,15,8520,8520
2024-04-03,GA/2024-25/00002,ACC-004,MSG-1L-15,1,15,8520,8520
2024-04-03,GA/2024-25/00002,ACC-004,MSG-500-30,2,30,8680,17360
2024-04-03,GA/2024-25/00003,ACC-122,MSG-200-75,1,15,8840,8840
2024-04-04,GA/2024-25/00004,ACC-017,MSG-1L-15,1,15,8520,8520
2024-04-05,GA/2024-25/00005,ACC-031,MSG-1L-15,1,15,8520,8520
2024-04-05,GA/2024-25/00005,ACC-031,MSG-500-30,1,15,8680,8680
2024-04-05,GA/2024-25/00006,ACC-054,MSG-1L-15,1,15,8520,8520
2024-04-05,GA/2024-25/00006,ACC-054,MSG-200-75,1,15,8840,8840
2024-04-05,GA/2024-25/00007,ACC-079,MSG-500-30,1,15,8680,8680
2024-04-05,GA/2024-25/00008,ACC-120,MSG-1L-15,1,15,8520,8520
2024-04-06,GA/2024-25/00009,ACC-135,MSG-500-30,1,15,8680,8680
2024-04-08,GA/2024-25/00010,ACC-064,MSG-1L-15,1,15,8520,8520
2024-04-08,GA/2024-25/00011,ACC-099,MSG-200-75,1,15,8840,8840
2024-04-08,GA/2024-25/00012,ACC-115,MSG-1L-15,1,15,8520,8520
2024-04-09,GA/2024-25/00013,ACC-009,MSG-1L-15,1,15,8520,8520
2024-04-09,GA/2024-25/00013,ACC-009,MSG-500-30,1,15,8680,8680
2024-04-09,GA/2024-25/00014,ACC-010,MSG-1L-15,2,30,8520,17040
2024-04-09,GA/2024-25/00015,ACC-021,MSG-1L-15,1,15,8520,8520
2024-04-09,GA/2024-25/00016,ACC-061,MSG-1L-15,1,15,8520,8520
2024-04-09,GA/2024-25/00017,ACC-094,MSG-1L-15,1,15,8520,8520
2024-04-09,GA/2024-25/00018,ACC-126,MSG-1L-15,1,15,8520,8520
2024-04-12,GA/2024-25/00019,ACC-005,MSG-1L-15,2,30,8520,17040
2024-04-12,GA/2024-25/00020,ACC-011,MSG-1L-15,1,15,8520,8520
2024-04-12,GA/2024-25/00021,ACC-022,MSG-500-30,2,30,8680,17360
2024-04-12,GA/2024-25/00022,ACC-111,MSG-1L-15,1,15,8520,8520
2024-04-12,GA/2024-25/00023,ACC-121,MSG-500-30,1,15,8680,8680
2024-04-13,GA/2024-25/00024,ACC-040,MSG-1L-15,1,15,8520,8520
2024-04-13,GA/2024-25/00025,ACC-066,MSG-1L-15,2,30,8520,17040
2024-04-15,GA/2024-25/00026,ACC-002,MSG-1L-15,1,15,8520,8520
2024-04-15,GA/2024-25/00026,ACC-002,MSG-500-30,2,30,8680,17360
2024-04-15,GA/2024-25/00027,ACC-020,MSG-200-75,1,15,8840,8840
2024-04-15,GA/2024-25/00028,ACC-024,MSG-500-30,2,30,8680,17360
2024-04-15,GA/2024-25/00029,ACC-048,MSG-200-75,1,15,8840,8840
2024-04-15,GA/2024-25/00030,ACC-060,MSG-1L-15,2,30,8520,17040
2024-04-15,GA/2024-25/00031,ACC-136,MSG-500-30,1,15,8680,8680
2024-04-16,GA/2024-25/00032,ACC-003,MSG-1L-15,1,15,8520,8520
2024-04-16,GA/2024-25/00032,ACC-003,MSG-200-75,1,15,8840,8840
2024-04-16,GA/2024-25/00033,ACC-029,MSG-1L-15,1,15,8520,8520
2024-04-16,GA/2024-25/00033,ACC-029,MSG-200-75,1,15,8840,8840
2024-04-17,GA/2024-25/00034,ACC-018,MSG-500-30,1,15,8680,8680
2024-04-17,GA/2024-25/00035,ACC-051,MSG-1L-15,1,15,8520,8520
2024-04-17,GA/2024-25/00036,ACC-075,MSG-500-30,1,15,8680,8680
2024-04-17,GA/2024-25/00037,ACC-124,MSG-500-30,1,15,8680,8680
2024-04-18,GA/2024-25/00038,ACC-001,MSG-1L-15,2,30,8520,17040
2024-04-18,GA/2024-25/00039,ACC-039,MSG-1L-15,1,15,8520,8520
2024-04-18,GA/2024-25/00040,ACC-096,MSG-1L-15,1,15,8520,8520
2024-04-19,GA/2024-25/00041,ACC-016,MSG-200-75,1,15,8840,8840
2024-04-19,GA/2024-25/00042,ACC-049,MSG-1L-15,1,15,8520,8520
2024-04-19,GA/2024-25/00043,ACC-134,MSG-500-30,1,15,8680,8680
2024-04-20,GA/2024-25/00044,ACC-008,MSG-200-75,1,15,8840,8840
2024-04-20,GA/2024-25/00045,ACC-123,MSG-1L-15,1,15,8520,8520
2024-04-20,GA/2024-25/00046,ACC-128,MSG-1L-15,1,15,8520,8520
2024-04-22,GA/2024-25/00047,ACC-007,MSG-1L-15,2,30,8520,17040
2024-04-22,GA/2024-25/00048,ACC-015,MSG-1L-15,1,15,8520,8520
2024-04-22,GA/2024-25/00049,ACC-059,MSG-1L-15,1,15,8520,8520
2024-04-22,GA/2024-25/00050,ACC-073,MSG-1L-15,1,15,8520,8520
2024-04-22,GA/2024-25/00051,ACC-100,MSG-1L-15,1,15,8520,8520
2024-04-22,GA/2024-25/00052,ACC-101,MSG-1L-15,1,15,8520,8520
2024-04-23,GA/2024-25/00053,ACC-093,MSG-500-30,1,15,8680,8680
2024-04-23,GA/2024-25/00054,ACC-133,MSG-1L-15,2,30,8520,17040
2024-04-24,GA/2024-25/00055,ACC-046,MSG-500-30,1,15,8680,8680
2024-04-24,GA/2024-25/00056,ACC-090,MSG-500-30,1,15,8680,8680
2024-04-25,GA/2024-25/00057,ACC-006,MSG-1L-15,2,30,8520,17040
2024-04-26,GA/2024-25/00058,ACC-012,MSG-1L-15,1,15,8520,8520
2024-04-26,GA/2024-25/00058,ACC-012,MSG-500-30,1,15,8680,8680
2024-04-26,GA/2024-25/00059,ACC-032,MSG-1L-15,1,15,8520,8520
2024-04-26,GA/2024-25/00059,ACC-032,MSG-200-75,1,15,8840,8840
2024-04-27,GA/2024-25/00060,ACC-092,MSG-1L-15,1,15,8520,8520
2024-04-29,GA/2024-25/00061,ACC-003,MSG-1L-15,1,15,8520,8520
2024-04-29,GA/2024-25/00062,ACC-013,MSG-500-30,1,15,8680,8680
2024-04-29,GA/2024-25/00063,ACC-019,MSG-200-75,1,15,8840,8840
2024-04-29,GA/2024-25/00064,ACC-027,MSG-1L-15,1,15,8520,8520
2024-04-29,GA/2024-25/00065,ACC-038,MSG-200-75,1,15,8840,8840
2024-04-29,GA/2024-25/00066,ACC-068,MSG-500-30,1,15,8680,8680
2024-04-29,GA/2024-25/00067,ACC-072,MSG-1L-15,2,30,8520,17040
2024-04-29,GA/2024-25/00068,ACC-109,MSG-1L-15,1,15,8520,8520
2024-04-30,GA/2024-25/00069,ACC-001,MSG-500-30,1,15,8680,8680
2024-04-30,GA/2024-25/00070,ACC-050,MSG-1L-15,1,15,8520,8520
2024-04-30,GA/2024-25/00070,ACC-050,MSG-500-30,1,15,8680,8680
2024-05-01,GA/2024-25/00071,ACC-016,MSG-1L-15,2,30,8575,17150
2024-05-01,GA/2024-25/00072,ACC-017,MSG-200-75,2,30,8890,17780
2024-05-01,GA/2024-25/00073,ACC-131,MSG-1L-15,1,15,8575,8575
2024-05-02,GA/2024-25/00074,ACC-020,MSG-1L-15,1,15,8575,8575
2024-05-02,GA/2024-25/00075,ACC-130,MSG-1L-15,1,15,8575,8575
2024-05-03,GA/2024-25/00076,ACC-003,MSG-1L-15,1,15,8575,8575
2024-05-03,GA/2024-25/00076,ACC-003,MSG-500-30,1,15,8730,8730
2024-05-03,GA/2024-25/00077,ACC-021,MSG-1L-15,1,15,8575,8575
2024-05-03,GA/2024-25/00078,ACC-045,MSG-1L-15,1,15,8575,8575
2024-05-03,GA/2024-25/00079,ACC-072,MSG-1L-15,1,15,8575,8575
2024-05-03,GA/2024-25/00080,ACC-140,MSG-500-30,1,15,8730,8730
2024-05-06,GA/2024-25/00081,ACC-029,MSG-200-75,1,15,8890,8890
2024-05-06,GA/2024-25/00082,ACC-067,MSG-1L-15,1,15,8575,8575
2024-05-07,GA/2024-25/00083,ACC-024,MSG-1L-15,1,15,8575,8575
2024-05-07,GA/2024-25/00084,ACC-033,MSG-200-75,2,30,8890,17780
2024-05-07,GA/2024-25/00085,ACC-036,MSG-1L-15,1,15,8575,8575
2024-05-08,GA/2024-25/00086,ACC-008,MSG-1L-15,1,15,8575,8575
2024-05-08,GA/2024-25/00086,ACC-008,MSG-200-75,1,15,8890,8890
2024-05-08,GA/2024-25/00087,ACC-013,MSG-1L-15,1,15,8575,8575
2024-05-08,GA/2024-25/00088,ACC-046,MSG-500-30,1,15,8730,8730
2024-05-08,GA/2024-25/00089,ACC-080,MSG-500-30,1,15,8730,8730
2024-05-09,GA/2024-25/00090,ACC-053,MSG-500-30,1,15,8730,8730
2024-05-11,GA/2024-25/00091,ACC-009,MSG-1L-15,2,30,8575,17150
2024-05-11,GA/2024-25/00092,ACC-011,MSG-1L-15,2,30,8575,17150
2024-05-11,GA/2024-25/00092,ACC-011,MSG-500-30,1,15,8730,8730
2024-05-11,GA/2024-25/00093,ACC-031,MSG-200-75,1,15,8890,8890
2024-05-13,GA/2024-25/00094,ACC-015,MSG-1L-15,1,15,8575,8575
2024-05-14,GA/2024-25/00095,ACC-052,MSG-200-75,1,15,8890,8890
2024-05-14,GA/2024-25/00096,ACC-093,MSG-500-30,1,15,8730,8730
2024-05-15,GA/2024-25/00097,ACC-018,MSG-500-30,1,15,8730,8730
2024-05-16,GA/2024-25/00098,ACC-030,MSG-500-30,1,15,8730,8730
2024-05-16,GA/2024-25/00099,ACC-116,MSG-1L-15,1,15,8575,8575
2024-05-17,GA/2024-25/00100,ACC-007,MSG-1L-15,3,45,8575,25725
2024-05-17,GA/2024-25/00101,ACC-010,MSG-1L-15,1,15,8575,8575
2024-05-17,GA/2024-25/00102,ACC-012,MSG-1L-15,2,30,8575,17150
2024-05-17,GA/2024-25/00102,ACC-012,MSG-500-30,1,15,8730,8730
2024-05-17,GA/2024-25/00103,ACC-056,MSG-1L-15,1,15,8575,8575
2024-05-18,GA/2024-25/00104,ACC-006,MSG-500-30,3,45,8730,26190
2024-05-18,GA/2024-25/00105,ACC-022,MSG-200-75,1,15,8890,8890
2024-05-18,GA/2024-25/00106,ACC-041,MSG-200-75,1,15,8890,8890
2024-05-18,GA/2024-25/00107,ACC-106,MSG-200-75,1,15,8890,8890
2024-05-18,GA/2024-25/00108,ACC-132,MSG-500-30,1,15,8730,8730
2024-05-20,GA/2024-25/00109,ACC-068,MSG-1L-15,1,15,8575,8575
2024-05-20,GA/2024-25/00110,ACC-133,MSG-1L-15,2,30,8575,17150
2024-05-20,GA/2024-25/00111,ACC-135,MSG-200-75,1,15,8890,8890
2024-05-21,GA/2024-25/00112,ACC-004,MSG-1L-15,3,45,8575,25725
2024-05-21,GA/2024-25/00113,ACC-023,MSG-200-75,1,15,8890,8890
2024-05-22,GA/2024-25/00114,ACC-028,MSG-500-30,1,15,8730,8730
2024-05-22,GA/2024-25/00115,ACC-083,MSG-1L-15,2,30,8575,17150
2024-05-22,GA/2024-25/00116,ACC-096,MSG-1L-15,1,15,8575,8575
2024-05-22,GA/2024-25/00117,ACC-110,MSG-1L-15,1,15,8575,8575
2024-05-23,GA/2024-25/00118,ACC-002,MSG-1L-15,2,30,8575,17150
2024-05-23,GA/2024-25/00119,ACC-038,MSG-500-30,1,15,8730,8730
2024-05-24,GA/2024-25/00120,ACC-019,MSG-500-30,1,15,8730,8730
2024-05-27,GA/2024-25/00121,ACC-003,MSG-1L-15,2,30,8575,17150
2024-05-27,GA/2024-25/00122,ACC-005,MSG-200-75,2,30,8890,17780
2024-05-27,GA/2024-25/00123,ACC-050,MSG-1L-15,1,15,8575,8575
2024-05-27,GA/2024-25/00124,ACC-139,MSG-1L-15,1,15,8575,8575
2024-05-27,GA/2024-25/00125,ACC-145,MSG-1L-15,1,15,8575,8575
2024-05-29,GA/2024-25/00126,ACC-025,MSG-1L-15,1,15,8575,8575
2024-05-29,GA/2024-25/00127,ACC-060,MSG-500-30,1,15,8730,8730
2024-05-30,GA/2024-25/00128,ACC-117,MSG-1L-15,1,15,8575,8575
2024-05-30,GA/2024-25/00129,ACC-143,MSG-200-75,1,15,8890,8890
2024-06-03,GA/2024-25/00130,ACC-010,MSG-1L-15,2,30,8575,17150
2024-06-03,GA/2024-25/00131,ACC-021,MSG-500-30,1,15,8730,8730
2024-06-03,GA/2024-25/00132,ACC-042,MSG-1L-15,1,15,8575,8575
2024-06-03,GA/2024-25/00133,ACC-099,MSG-1L-15,1,15,8575,8575
2024-06-03,GA/2024-25/00134,ACC-115,MSG-500-30,1,15,8730,8730
2024-06-04,GA/2024-25/00135,ACC-060,MSG-1L-15,1,15,8575,8575
2024-06-04,GA/2024-25/00136,ACC-116,MSG-1L-15,1,15,8575,8575
2024-06-05,GA/2024-25/00137,ACC-049,MSG-500-30,1,15,8730,8730
2024-06-05,GA/2024-25/00138,ACC-105,MSG-1L-15,1,15,8575,8575
2024-06-06,GA/2024-25/00139,ACC-039,MSG-500-30,2,30,8730,17460
2024-06-06,GA/2024-25/00140,ACC-054,MSG-1L-15,1,15,8575,8575
2024-06-06,GA/2024-25/00141,ACC-056,MSG-1L-15,1,15,8575,8575
2024-06-06,GA/2024-25/00142,ACC-103,MSG-1L-15,1,15,8575,8575
2024-06-06,GA/2024-25/00143,ACC-113,MSG-200-75,1,15,8890,8890
2024-06-06,GA/2024-25/00144,ACC-139,MSG-1L-15,1,15,8575,8575
2024-06-07,GA/2024-25/00145,ACC-059,MSG-1L-15,1,15,8575,8575
2024-06-08,GA/2024-25/00146,ACC-008,MSG-1L-15,1,15,8575,8575
2024-06-08,GA/2024-25/00146,ACC-008,MSG-200-75,2,30,8890,17780
2024-06-08,GA/2024-25/00147,ACC-048,MSG-500-30,1,15,8730,8730
2024-06-08,GA/2024-25/00148,ACC-072,MSG-200-75,2,30,8890,17780
2024-06-11,GA/2024-25/00149,ACC-118,MSG-500-30,1,15,8730,8730
2024-06-11,GA/2024-25/00150,ACC-129,MSG-500-30,1,15,8730,8730
2024-06-12,GA/2024-25/00151,ACC-013,MSG-1L-15,1,15,8575,8575
2024-06-12,GA/2024-25/00151,ACC-013,MSG-200-75,1,15,8890,8890
2024-06-13,GA/2024-25/00152,ACC-003,MSG-500-30,2,30,8730,17460
2024-06-13,GA/2024-25/00153,ACC-067,MSG-1L-15,1,15,8575,8575
2024-06-13,GA/2024-25/00154,ACC-069,MSG-1L-15,1,15,8575,8575
2024-06-14,GA/2024-25/00155,ACC-005,MSG-1L-15,1,15,8575,8575
2024-06-14,GA/2024-25/00155,ACC-005,MSG-500-30,1,15,8730,8730
2024-06-14,GA/2024-25/00156,ACC-006,MSG-500-30,2,30,8730,17460
2024-06-15,GA/2024-25/00157,ACC-036,MSG-500-30,1,15,8730,8730
2024-06-17,GA/2024-25/00158,ACC-012,MSG-500-30,2,30,8730,17460
2024-06-17,GA/2024-25/00159,ACC-030,MSG-1L-15,2,30,8575,17150
2024-06-18,GA/2024-25/00160,ACC-007,MSG-1L-15,1,15,8575,8575
2024-06-18,GA/2024-25/00161,ACC-080,MSG-1L-15,1,15,8575,8575
2024-06-18,GA/2024-25/00162,ACC-096,MSG-1L-15,1,15,8575,8575
2024-06-19,GA/2024-25/00163,ACC-095,MSG-500-30,1,15,8730,8730
2024-06-20,GA/2024-25/00164,ACC-024,MSG-1L-15,1,15,8575,8575
2024-06-20,GA/2024-25/00165,ACC-032,MSG-1L-15,1,15,8575,8575
2024-06-20,GA/2024-25/00166,ACC-097,MSG-200-75,1,15,8890,8890
2024-06-21,GA/2024-25/00167,ACC-003,MSG-1L-15,1,15,8575,8575
2024-06-21,GA/2024-25/00167,ACC-003,MSG-500-30,1,15,8730,8730
2024-06-21,GA/2024-25/00168,ACC-004,MSG-1L-15,1,15,8575,8575
2024-06-21,GA/2024-25/00169,ACC-035,MSG-1L-15,2,30,8575,17150
2024-06-21,GA/2024-25/00170,ACC-050,MSG-1L-15,1,15,8575,8575
2024-06-21,GA/2024-25/00171,ACC-082,MSG-500-30,1,15,8730,8730
2024-06-24,GA/2024-25/00172,ACC-015,MSG-200-75,1,15,8890,8890
2024-06-24,GA/2024-25/00173,ACC-031,MSG-1L-15,1,15,8575,8575
2024-06-24,GA/2024-25/00174,ACC-092,MSG-1L-15,2,30,8575,17150
2024-06-24,GA/2024-25/00175,ACC-100,MSG-200-75,1,15,8890,8890
2024-06-25,GA/2024-25/00176,ACC-037,MSG-500-30,1,15,8730,8730
2024-06-25,GA/2024-25/00177,ACC-045,MSG-1L-15,1,15,8575,8575
2024-06-25,GA/2024-25/00178,ACC-057,MSG-1L-15,1,15,8575,8575
2024-06-25,GA/2024-25/00179,ACC-120,MSG-1L-15,2,30,8575,17150
2024-06-26,GA/2024-25/00180,ACC-001,MSG-1L-15,2,30,8575,17150
2024-06-26,GA/2024-25/00180,ACC-001,MSG-500-30,1,15,8730,8730
2024-06-26,GA/2024-25/00181,ACC-002,MSG-200-75,2,30,8890,17780
2024-06-26,GA/2024-25/00182,ACC-016,MSG-1L-15,1,15,8575,8575
2024-06-26,GA/2024-25/00183,ACC-017,MSG-1L-15,1,15,8575,8575
2024-06-26,GA/2024-25/00184,ACC-073,MSG-1L-15,1,15,8575,8575
2024-06-27,GA/2024-25/00185,ACC-018,MSG-1L-15,1,15,8575,8575
2024-06-28,GA/2024-25/00186,ACC-014,MSG-1L-15,3,45,8575,25725
2024-06-29,GA/2024-25/00187,ACC-009,MSG-1L-15,1,15,8575,8575
2024-06-29,GA/2024-25/00187,ACC-009,MSG-500-30,1,15,8730,8730
2024-06-29,GA/2024-25/00188,ACC-023,MSG-1L-15,1,15,8575,8575
2024-06-29,GA/2024-25/00189,ACC-111,MSG-1L-15,1,15,8575,8575
2024-06-29,GA/2024-25/00190,ACC-131,MSG-1L-15,1,15,8575,8575
2024-07-01,GA/2024-25/00191,ACC-003,MSG-500-30,3,45,8730,26190
2024-07-01,GA/2024-25/00192,ACC-104,MSG-1L-15,1,15,8575,8575
2024-07-02,GA/2024-25/00193,ACC-006,MSG-200-75,1,15,8890,8890
2024-07-03,GA/2024-25/00194,ACC-035,MSG-1L-15,1,15,8575,8575
2024-07-03,GA/2024-25/00195,ACC-050,MSG-500-30,1,15,8730,8730
2024-07-04,GA/2024-25/00196,ACC-074,MSG-500-30,2,30,8730,17460
2024-07-04,GA/2024-25/00197,ACC-097,MSG-500-30,1,15,8730,8730
2024-07-05,GA/2024-25/00198,ACC-005,MSG-1L-15,2,30,8575,17150
2024-07-05,GA/2024-25/00199,ACC-036,MSG-1L-15,1,15,8575,8575
2024-07-05,GA/2024-25/00200,ACC-045,MSG-200-75,1,15,8890,8890
2024-07-06,GA/2024-25/00201,ACC-062,MSG-1L-15,1,15,8575,8575
2024-07-06,GA/2024-25/00202,ACC-093,MSG-500-30,1,15,8730,8730
2024-07-08,GA/2024-25/00203,ACC-004,MSG-500-30,2,30,8730,17460
2024-07-08,GA/2024-25/00204,ACC-011,MSG-500-30,1,15,8730,8730
2024-07-08,GA/2024-25/00205,ACC-015,MSG-200-75,1,15,8890,8890
2024-07-08,GA/2024-25/00206,ACC-019,MSG-1L-15,2,30,8575,17150
2024-07-08,GA/2024-25/00207,ACC-043,MSG-1L-15,1,15,8575,8575
2024-07-08,GA/2024-25/00208,ACC-135,MSG-200-75,1,15,8890,8890
2024-07-09,GA/2024-25/00209,ACC-021,MSG-1L-15,1,15,8575,8575
2024-07-10,GA/2024-25/00210,ACC-018,MSG-500-30,3,45,8730,26190
2024-07-10,GA/2024-25/00211,ACC-047,MSG-1L-15,1,15,8575,8575
2024-07-10,GA/2024-25/00212,ACC-053,MSG-1L-15,1,15,8575,8575
2024-07-10,GA/2024-25/00213,ACC-106,MSG-500-30,1,15,8730,8730
2024-07-12,GA/2024-25/00214,ACC-124,MSG-1L-15,1,15,8575,8575
2024-07-13,GA/2024-25/00215,ACC-023,MSG-1L-15,1,15,8575,8575
2024-07-13,GA/2024-25/00216,ACC-039,MSG-500-30,1,15,8730,8730
2024-07-13,GA/2024-25/00217,ACC-041,MSG-1L-15,1,15,8575,8575
2024-07-13,GA/2024-25/00218,ACC-129,MSG-500-30,1,15,8730,8730
2024-07-15,GA/2024-25/00219,ACC-037,MSG-200-75,1,15,8890,8890
2024-07-15,GA/2024-25/00220,ACC-141,MSG-500-30,1,15,8730,8730
2024-07-16,GA/2024-25/00221,ACC-020,MSG-1L-15,1,15,8575,8575
2024-07-16,GA/2024-25/00221,ACC-020,MSG-500-30,1,15,8730,8730
2024-07-17,GA/2024-25/00222,ACC-025,MSG-1L-15,1,15,8575,8575
2024-07-17,GA/2024-25/00223,ACC-040,MSG-500-30,1,15,8730,8730
2024-07-17,GA/2024-25/00224,ACC-107,MSG-1L-15,1,15,8575,8575
2024-07-18,GA/2024-25/00225,ACC-101,MSG-500-30,1,15,8730,8730
2024-07-22,GA/2024-25/00226,ACC-096,MSG-1L-15,1,15,8575,8575
2024-07-22,GA/2024-25/00227,ACC-115,MSG-1L-15,1,15,8575,8575
2024-07-22,GA/2024-25/00228,ACC-116,MSG-1L-15,1,15,8575,8575
2024-07-22,GA/2024-25/00229,ACC-119,MSG-1L-15,1,15,8575,8575
2024-07-22,GA/2024-25/00230,ACC-127,MSG-500-30,1,15,8730,8730
2024-07-23,GA/2024-25/00231,ACC-002,MSG-1L-15,2,30,8575,17150
2024-07-23,GA/2024-25/00232,ACC-010,MSG-1L-15,2,30,8575,17150
2024-07-23,GA/2024-25/00233,ACC-013,MSG-1L-15,1,15,8575,8575
2024-07-24,GA/2024-25/00234,ACC-069,MSG-1L-15,1,15,8575,8575
2024-07-25,GA/2024-25/00235,ACC-017,MSG-200-75,1,15,8890,8890
2024-07-25,GA/2024-25/00236,ACC-140,MSG-500-30,1,15,8730,8730
2024-07-25,GA/2024-25/00237,ACC-143,MSG-500-30,1,15,8730,8730
2024-07-26,GA/2024-25/00238,ACC-087,MSG-200-75,1,15,8890,8890
2024-07-27,GA/2024-25/00239,ACC-008,MSG-1L-15,1,15,8575,8575
2024-07-27,GA/2024-25/00240,ACC-016,MSG-500-30,1,15,8730,8730
2024-07-27,GA/2024-25/00241,ACC-038,MSG-500-30,2,30,8730,17460
2024-07-27,GA/2024-25/00242,ACC-131,MSG-200-75,1,15,8890,8890
2024-07-29,GA/2024-25/00243,ACC-007,MSG-200-75,2,30,8890,17780
2024-07-29,GA/2024-25/00244,ACC-030,MSG-1L-15,1,15,8575,8575
2024-07-29,GA/2024-25/00245,ACC-032,MSG-500-30,2,30,8730,17460
2024-07-29,GA/2024-25/00246,ACC-046,MSG-500-30,1,15,8730,8730
2024-07-29,GA/2024-25/00247,ACC-059,MSG-500-30,1,15,8730,8730
2024-07-29,GA/2024-25/00248,ACC-100,MSG-1L-15,1,15,8575,8575
2024-07-30,GA/2024-25/00249,ACC-080,MSG-500-30,1,15,8730,8730
2024-07-31,GA/2024-25/00250,ACC-001,MSG-1L-15,2,30,8575,17150
2024-07-31,GA/2024-25/00251,ACC-012,MSG-500-30,1,15,8730,8730
2024-07-31,GA/2024-25/00252,ACC-052,MSG-1L-15,1,15,8575,8575
2024-08-01,GA/2024-25/00253,ACC-059,MSG-1L-15,1,15,8575,8575
2024-08-01,GA/2024-25/00254,ACC-127,MSG-500-30,1,15,8730,8730
2024-08-02,GA/2024-25/00255,ACC-027,MSG-200-75,1,15,8890,8890
2024-08-02,GA/2024-25/00256,ACC-060,MSG-500-30,1,15,8730,8730
2024-08-02,GA/2024-25/00257,ACC-100,MSG-1L-15,1,15,8575,8575
2024-08-03,GA/2024-25/00258,ACC-004,MSG-500-30,2,30,8730,17460
2024-08-03,GA/2024-25/00259,ACC-017,MSG-1L-15,1,15,8575,8575
2024-08-03,GA/2024-25/00260,ACC-020,MSG-1L-15,1,15,8575,8575
2024-08-03,GA/2024-25/00261,ACC-049,MSG-200-75,1,15,8890,8890
2024-08-03,GA/2024-25/00261,ACC-049,MSG-500-30,1,15,8730,8730
2024-08-05,GA/2024-25/00262,ACC-006,MSG-1L-15,1,15,8575,8575
2024-08-05,GA/2024-25/00262,ACC-006,MSG-200-75,1,15,8890,8890
2024-08-05,GA/2024-25/00263,ACC-029,MSG-200-75,1,15,8890,8890
2024-08-05,GA/2024-25/00264,ACC-038,MSG-500-30,1,15,8730,8730
2024-08-05,GA/2024-25/00265,ACC-043,MSG-1L-15,1,15,8575,8575
2024-08-05,GA/2024-25/00266,ACC-050,MSG-200-75,1,15,8890,8890
2024-08-05,GA/2024-25/00267,ACC-082,MSG-500-30,2,30,8730,17460
2024-08-05,GA/2024-25/00268,ACC-095,MSG-200-75,1,15,8890,8890
2024-08-05,GA/2024-25/00269,ACC-117,MSG-500-30,1,15,8730,8730
2024-08-05,GA/2024-25/00270,ACC-123,MSG-1L-15,1,15,8575,8575
2024-08-05,GA/2024-25/00271,ACC-131,MSG-1L-15,1,15,8575,8575
2024-08-06,GA/2024-25/00272,ACC-098,MSG-1L-15,1,15,8575,8575
2024-08-07,GA/2024-25/00273,ACC-014,MSG-1L-15,1,15,8575,8575
2024-08-07,GA/2024-25/00274,ACC-044,MSG-500-30,1,15,8730,8730
2024-08-08,GA/2024-25/00275,ACC-033,MSG-200-75,1,15,8890,8890
2024-08-10,GA/2024-25/00276,ACC-001,MSG-500-30,3,45,8730,26190
2024-08-10,GA/2024-25/00277,ACC-022,MSG-1L-15,1,15,8575,8575
2024-08-10,GA/2024-25/00278,ACC-025,MSG-500-30,1,15,8730,8730
2024-08-10,GA/2024-25/00279,ACC-096,MSG-1L-15,2,30,8575,17150
2024-08-10,GA/2024-25/00280,ACC-119,MSG-1L-15,1,15,8575,8575
2024-08-12,GA/2024-25/00281,ACC-094,MSG-500-30,1,15,8730,8730
2024-08-13,GA/2024-25/00282,ACC-008,MSG-1L-15,2,30,8575,17150
2024-08-13,GA/2024-25/00283,ACC-011,MSG-1L-15,1,15,8575,8575
2024-08-13,GA/2024-25/00284,ACC-023,MSG-1L-15,2,30,8575,17150
2024-08-13,GA/2024-25/00285,ACC-129,MSG-1L-15,1,15,8575,8575
2024-08-14,GA/2024-25/00286,ACC-009,MSG-1L-15,1,15,8575,8575
2024-08-14,GA/2024-25/00286,ACC-009,MSG-500-30,1,15,8730,8730
2024-08-15,GA/2024-25/00287,ACC-036,MSG-1L-15,1,15,8575,8575
2024-08-15,GA/2024-25/00288,ACC-057,MSG-1L-15,1,15,8575,8575
2024-08-15,GA/2024-25/00289,ACC-068,MSG-1L-15,1,15,8575,8575
2024-08-16,GA/2024-25/00290,ACC-051,MSG-200-75,1,15,8890,8890
2024-08-17,GA/2024-25/00291,ACC-052,MSG-500-30,1,15,8730,8730
2024-08-17,GA/2024-25/00292,ACC-061,MSG-1L-15,1,15,8575,8575
2024-08-19,GA/2024-25/00293,ACC-012,MSG-1L-15,1,15,8575,8575
2024-08-19,GA/2024-25/00294,ACC-015,MSG-200-75,1,15,8890,8890
2024-08-19,GA/2024-25/00295,ACC-019,MSG-1L-15,1,15,8575,8575
2024-08-19,GA/2024-25/00296,ACC-032,MSG-200-75,1,15,8890,8890
2024-08-19,GA/2024-25/00297,ACC-083,MSG-1L-15,1,15,8575,8575
2024-08-19,GA/2024-25/00298,ACC-099,MSG-1L-15,1,15,8575,8575
2024-08-21,GA/2024-25/00299,ACC-010,MSG-1L-15,1,15,8575,8575
2024-08-21,GA/2024-25/00299,ACC-010,MSG-200-75,1,15,8890,8890
2024-08-21,GA/2024-25/00300,ACC-064,MSG-500-30,2,30,8730,17460
2024-08-22,GA/2024-25/00301,ACC-042,MSG-1L-15,1,15,8575,8575
2024-08-23,GA/2024-25/00302,ACC-001,MSG-500-30,1,15,8730,8730
2024-08-23,GA/2024-25/00303,ACC-002,MSG-1L-15,2,30,8575,17150
2024-08-23,GA/2024-25/00304,ACC-054,MSG-1L-15,1,15,8575,8575
2024-08-24,GA/2024-25/00305,ACC-081,MSG-200-75,1,15,8890,8890
2024-08-24,GA/2024-25/00306,ACC-089,MSG-1L-15,1,15,8575,8575
2024-08-26,GA/2024-25/00307,ACC-005,MSG-200-75,3,45,8890,26670
2024-08-26,GA/2024-25/00308,ACC-016,MSG-500-30,1,15,8730,8730
2024-08-26,GA/2024-25/00309,ACC-024,MSG-1L-15,1,15,8575,8575
2024-08-26,GA/2024-25/00310,ACC-037,MSG-1L-15,1,15,8575,8575
2024-08-26,GA/2024-25/00310,ACC-037,MSG-500-30,1,15,8730,8730
2024-08-26,GA/2024-25/00311,ACC-126,MSG-500-30,1,15,8730,8730
2024-08-27,GA/2024-25/00312,ACC-031,MSG-1L-15,1,15,8575,8575
2024-08-28,GA/2024-25/00313,ACC-130,MSG-500-30,2,30,8730,17460
2024-08-29,GA/2024-25/00314,ACC-102,MSG-200-75,1,15,8890,8890
2024-08-29,GA/2024-25/00315,ACC-112,MSG-1L-15,1,15,8575,8575
2024-08-29,GA/2024-25/00316,ACC-137,MSG-200-75,1,15,8890,8890
2024-08-30,GA/2024-25/00317,ACC-003,MSG-500-30,2,30,8730,17460
2024-08-30,GA/2024-25/00318,ACC-007,MSG-1L-15,2,30,8575,17150
2024-08-30,GA/2024-25/00319,ACC-030,MSG-200-75,1,15,8890,8890
2024-08-30,GA/2024-25/00320,ACC-110,MSG-1L-15,1,15,8575,8575
2024-09-02,GA/2024-25/00321,ACC-004,MSG-1L-15,3,45,8575,25725
2024-09-02,GA/2024-25/00322,ACC-019,MSG-1L-15,1,15,8575,8575
2024-09-02,GA/2024-25/00323,ACC-020,MSG-1L-15,1,15,8575,8575
2024-09-02,GA/2024-25/00324,ACC-037,MSG-200-75,1,15,8890,8890
2024-09-02,GA/2024-25/00325,ACC-054,MSG-1L-15,1,15,8575,8575
2024-09-02,GA/2024-25/00326,ACC-063,MSG-500-30,1,15,8730,8730
2024-09-02,GA/2024-25/00327,ACC-101,MSG-500-30,1,15,8730,8730
2024-09-02,GA/2024-25/00328,ACC-105,MSG-500-30,1,15,8730,8730
2024-09-02,GA/2024-25/00329,ACC-134,MSG-500-30,1,15,8730,8730
2024-09-03,GA/2024-25/00330,ACC-008,MSG-1L-15,2,30,8575,17150
2024-09-03,GA/2024-25/00331,ACC-031,MSG-1L-15,1,15,8575,8575
2024-09-03,GA/2024-25/00332,ACC-046,MSG-500-30,1,15,8730,8730
2024-09-04,GA/2024-25/00333,ACC-035,MSG-1L-15,1,15,8575,8575
2024-09-04,GA/2024-25/00333,ACC-035,MSG-200-75,1,15,8890,8890
2024-09-04,GA/2024-25/00334,ACC-043,MSG-1L-15,1,15,8575,8575
2024-09-04,GA/2024-25/00335,ACC-044,MSG-500-30,1,15,8730,8730
2024-09-04,GA/2024-25/00336,ACC-060,MSG-500-30,1,15,8730,8730
2024-09-05,GA/2024-25/00337,ACC-126,MSG-1L-15,2,30,8575,17150
2024-09-06,GA/2024-25/00338,ACC-014,MSG-1L-15,1,15,8575,8575
2024-09-09,GA/2024-25/00339,ACC-009,MSG-1L-15,2,30,8575,17150
2024-09-09,GA/2024-25/00340,ACC-021,MSG-200-75,3,45,8890,26670
2024-09-09,GA/2024-25/00341,ACC-081,MSG-1L-15,1,15,8575,8575
2024-09-09,GA/2024-25/00342,ACC-144,MSG-200-75,1,15,8890,8890
2024-09-10,GA/2024-25/00343,ACC-041,MSG-1L-15,1,15,8575,8575
2024-09-12,GA/2024-25/00344,ACC-001,MSG-1L-15,2,30,8575,17150
2024-09-12,GA/2024-25/00345,ACC-003,MSG-1L-15,3,45,8575,25725
2024-09-12,GA/2024-25/00346,ACC-036,MSG-1L-15,2,30,8575,17150
2024-09-12,GA/2024-25/00347,ACC-096,MSG-1L-15,1,15,8575,8575
2024-09-12,GA/2024-25/00348,ACC-104,MSG-1L-15,1,15,8575,8575
2024-09-13,GA/2024-25/00349,ACC-032,MSG-1L-15,1,15,8575,8575
2024-09-13,GA/2024-25/00350,ACC-057,MSG-1L-15,1,15,8575,8575
2024-09-13,GA/2024-25/00351,ACC-073,MSG-1L-15,1,15,8575,8575
2024-09-13,GA/2024-25/00352,ACC-145,MSG-1L-15,1,15,8575,8575
2024-09-14,GA/2024-25/00353,ACC-030,MSG-500-30,1,15,8730,8730
2024-09-14,GA/2024-25/00354,ACC-066,MSG-500-30,2,30,8730,17460
2024-09-16,GA/2024-25/00355,ACC-002,MSG-1L-15,3,45,8575,25725
2024-09-16,GA/2024-25/00356,ACC-022,MSG-200-75,2,30,8890,17780
2024-09-16,GA/2024-25/00357,ACC-024,MSG-500-30,1,15,8730,8730
2024-09-16,GA/2024-25/00358,ACC-059,MSG-1L-15,1,15,8575,8575
2024-09-16,GA/2024-25/00359,ACC-095,MSG-1L-15,1,15,8575,8575
2024-09-16,GA/2024-25/00360,ACC-113,MSG-500-30,1,15,8730,8730
2024-09-16,GA/2024-25/00361,ACC-135,MSG-500-30,1,15,8730,8730
2024-09-17,GA/2024-25/00362,ACC-042,MSG-200-75,1,15,8890,8890
2024-09-17,GA/2024-25/00362,ACC-042,MSG-500-30,1,15,8730,8730
2024-09-18,GA/2024-25/00363,ACC-122,MSG-1L-15,1,15,8575,8575
2024-09-19,GA/2024-25/00364,ACC-029,MSG-500-30,1,15,8730,8730
2024-09-19,GA/2024-25/00365,ACC-048,MSG-1L-15,1,15,8575,8575
2024-09-19,GA/2024-25/00366,ACC-069,MSG-200-75,1,15,8890,8890
2024-09-19,GA/2024-25/00367,ACC-107,MSG-200-75,1,15,8890,8890
2024-09-19,GA/2024-25/00368,ACC-133,MSG-1L-15,1,15,8575,8575
2024-09-20,GA/2024-25/00369,ACC-015,MSG-500-30,1,15,8730,8730
2024-09-20,GA/2024-25/00370,ACC-017,MSG-1L-15,2,30,8575,17150
2024-09-20,GA/2024-25/00371,ACC-027,MSG-1L-15,2,30,8575,17150
2024-09-20,GA/2024-25/00372,ACC-055,MSG-1L-15,1,15,8575,8575
2024-09-20,GA/2024-25/00373,ACC-102,MSG-200-75,1,15,8890,8890
2024-09-21,GA/2024-25/00374,ACC-006,MSG-1L-15,2,30,8575,17150
2024-09-21,GA/2024-25/00375,ACC-033,MSG-500-30,1,15,8730,8730
2024-09-23,GA/2024-25/00376,ACC-010,MSG-1L-15,1,15,8575,8575
2024-09-23,GA/2024-25/00376,ACC-010,MSG-500-30,1,15,8730,8730
2024-09-23,GA/2024-25/00377,ACC-011,MSG-1L-15,2,30,8575,17150
2024-09-23,GA/2024-25/00378,ACC-038,MSG-500-30,1,15,8730,8730
2024-09-24,GA/2024-25/00379,ACC-068,MSG-500-30,1,15,8730,8730
2024-09-25,GA/2024-25/00380,ACC-053,MSG-1L-15,1,15,8575,8575
2024-09-25,GA/2024-25/00381,ACC-100,MSG-1L-15,1,15,8575,8575
2024-09-26,GA/2024-25/00382,ACC-003,MSG-1L-15,3,45,8575,25725
2024-09-26,GA/2024-25/00383,ACC-061,MSG-1L-15,2,30,8575,17150
2024-09-26,GA/2024-25/00384,ACC-129,MSG-500-30,1,15,8730,8730
2024-09-27,GA/2024-25/00385,ACC-005,MSG-1L-15,2,30,8575,17150
2024-09-27,GA/2024-25/00385,ACC-005,MSG-500-30,2,30,8730,17460
2024-09-27,GA/2024-25/00386,ACC-082,MSG-1L-15,1,15,8575,8575
2024-09-27,GA/2024-25/00387,ACC-116,MSG-1L-15,1,15,8575,8575
2024-09-28,GA/2024-25/00388,ACC-007,MSG-1L-15,3,45,8575,25725
2024-09-28,GA/2024-25/00389,ACC-040,MSG-1L-15,1,15,8575,8575
2024-09-28,GA/2024-25/00390,ACC-115,MSG-500-30,1,15,8730,8730
2024-09-30,GA/2024-25/00391,ACC-001,MSG-1L-15,2,30,8575,17150
2024-09-30,GA/2024-25/00392,ACC-012,MSG-1L-15,2,30,8575,17150
2024-09-30,GA/2024-25/00392,ACC-012,MSG-500-30,1,15,8730,8730
2024-09-30,GA/2024-25/00393,ACC-023,MSG-1L-15,1,15,8575,8575
2024-09-30,GA/2024-25/00394,ACC-026,MSG-500-30,1,15,8730,8730
2024-09-30,GA/2024-25/00395,ACC-099,MSG-1L-15,1,15,8575,8575
2024-10-01,GA/2024-25/00396,ACC-015,MSG-200-75,2,30,8960,17920
2024-10-01,GA/2024-25/00397,ACC-016,MSG-1L-15,1,15,8640,8640
2024-10-01,GA/2024-25/00398,ACC-018,MSG-200-75,1,15,8960,8960
2024-10-01,GA/2024-25/00399,ACC-040,MSG-200-75,1,15,8960,8960
2024-10-01,GA/2024-25/00400,ACC-042,MSG-200-75,1,15,8960,8960
2024-10-01,GA/2024-25/00401,ACC-077,MSG-1L-15,1,15,8640,8640
2024-10-02,GA/2024-25/00402,ACC-002,MSG-500-30,2,30,8800,17600
2024-10-02,GA/2024-25/00403,ACC-007,MSG-200-75,2,30,8960,17920
2024-10-02,GA/2024-25/00404,ACC-012,MSG-1L-15,4,60,8640,34560
2024-10-02,GA/2024-25/00405,ACC-068,MSG-1L-15,1,15,8640,8640
2024-10-02,GA/2024-25/00406,ACC-071,MSG-500-30,1,15,8800,8800
2024-10-02,GA/2024-25/00407,ACC-101,MSG-1L-15,1,15,8640,8640
2024-10-03,GA/2024-25/00408,ACC-011,MSG-1L-15,2,30,8640,17280
2024-10-03,GA/2024-25/00409,ACC-032,MSG-1L-15,1,15,8640,8640
2024-10-03,GA/2024-25/00410,ACC-108,MSG-200-75,1,15,8960,8960
2024-10-04,GA/2024-25/00411,ACC-005,MSG-1L-15,2,30,8640,17280
2024-10-05,GA/2024-25/00412,ACC-017,MSG-1L-15,1,15,8640,8640
2024-10-05,GA/2024-25/00413,ACC-021,MSG-500-30,2,30,8800,17600
2024-10-05,GA/2024-25/00414,ACC-059,MSG-200-75,1,15,8960,8960
2024-10-07,GA/2024-25/00415,ACC-002,MSG-1L-15,1,15,8640,8640
2024-10-07,GA/2024-25/00415,ACC-002,MSG-200-75,1,15,8960,8960
2024-10-07,GA/2024-25/00416,ACC-003,MSG-200-75,1,15,8960,8960
2024-10-07,GA/2024-25/00416,ACC-003,MSG-500-30,1,15,8800,8800
2024-10-07,GA/2024-25/00417,ACC-010,MSG-200-75,3,45,8960,26880
2024-10-07,GA/2024-25/00418,ACC-028,MSG-500-30,1,15,8800,8800
2024-10-07,GA/2024-25/00419,ACC-033,MSG-200-75,1,15,8960,8960
2024-10-07,GA/2024-25/00420,ACC-035,MSG-1L-15,2,30,8640,17280
2024-10-07,GA/2024-25/00421,ACC-122,MSG-500-30,1,15,8800,8800
2024-10-07,GA/2024-25/00422,ACC-131,MSG-200-75,1,15,8960,8960
2024-10-08,GA/2024-25/00423,ACC-001,MSG-200-75,3,45,8960,26880
2024-10-08,GA/2024-25/00424,ACC-020,MSG-500-30,1,15,8800,8800
2024-10-08,GA/2024-25/00425,ACC-054,MSG-1L-15,1,15,8640,8640
2024-10-08,GA/2024-25/00425,ACC-054,MSG-200-75,1,15,8960,8960
2024-10-10,GA/2024-25/00426,ACC-007,MSG-1L-15,2,30,8640,17280
2024-10-10,GA/2024-25/00427,ACC-036,MSG-500-30,1,15,8800,8800
2024-10-10,GA/2024-25/00428,ACC-116,MSG-500-30,1,15,8800,8800
2024-10-10,GA/2024-25/00429,ACC-118,MSG-1L-15,1,15,8640,8640
2024-10-11,GA/2024-25/00430,ACC-005,MSG-1L-15,2,30,8640,17280
2024-10-11,GA/2024-25/00431,ACC-013,MSG-1L-15,1,15,8640,8640
2024-10-11,GA/2024-25/00431,ACC-013,MSG-500-30,1,15,8800,8800
2024-10-11,GA/2024-25/00432,ACC-107,MSG-1L-15,2,30,8640,17280
2024-10-12,GA/2024-25/00433,ACC-022,MSG-200-75,1,15,8960,8960
2024-10-12,GA/2024-25/00434,ACC-026,MSG-1L-15,1,15,8640,8640
2024-10-12,GA/2024-25/00435,ACC-061,MSG-200-75,1,15,8960,8960
2024-10-14,GA/2024-25/00436,ACC-008,MSG-200-75,2,30,8960,17920
2024-10-14,GA/2024-25/00437,ACC-019,MSG-1L-15,1,15,8640,8640
2024-10-14,GA/2024-25/00438,ACC-037,MSG-200-75,1,15,8960,8960
2024-10-14,GA/2024-25/00438,ACC-037,MSG-500-30,1,15,8800,8800
2024-10-14,GA/2024-25/00439,ACC-066,MSG-1L-15,1,15,8640,8640
2024-10-14,GA/2024-25/00440,ACC-083,MSG-200-75,1,15,8960,8960
2024-10-14,GA/2024-25/00441,ACC-096,MSG-500-30,1,15,8800,8800
2024-10-14,GA/2024-25/00442,ACC-106,MSG-500-30,1,15,8800,8800
2024-10-14,GA/2024-25/00443,ACC-136,MSG-1L-15,1,15,8640,8640
2024-10-15,GA/2024-25/00444,ACC-023,MSG-1L-15,2,30,8640,17280
2024-10-15,GA/2024-25/00445,ACC-062,MSG-200-75,2,30,8960,17920
2024-10-16,GA/2024-25/00446,ACC-014,MSG-200-75,2,30,8960,17920
2024-10-16,GA/2024-25/00447,ACC-027,MSG-200-75,1,15,8960,8960
2024-10-16,GA/2024-25/00448,ACC-141,MSG-500-30,1,15,8800,8800
2024-10-16,GA/2024-25/00449,ACC-145,MSG-500-30,1,15,8800,8800
2024-10-17,GA/2024-25/00450,ACC-053,MSG-500-30,1,15,8800,8800
2024-10-17,GA/2024-25/00451,ACC-139,MSG-1L-15,1,15,8640,8640
2024-10-18,GA/2024-25/00452,ACC-057,MSG-1L-15,1,15,8640,8640
2024-10-21,GA/2024-25/00453,ACC-047,MSG-1L-15,1,15,8640,8640
2024-10-21,GA/2024-25/00454,ACC-048,MSG-1L-15,1,15,8640,8640
2024-10-21,GA/2024-25/00455,ACC-084,MSG-1L-15,1,15,8640,8640
2024-10-21,GA/2024-25/00456,ACC-087,MSG-200-75,1,15,8960,8960
2024-10-21,GA/2024-25/00457,ACC-090,MSG-1L-15,1,15,8640,8640
2024-10-21,GA/2024-25/00458,ACC-095,MSG-500-30,1,15,8800,8800
2024-10-21,GA/2024-25/00459,ACC-104,MSG-500-30,1,15,8800,8800
2024-10-21,GA/2024-25/00460,ACC-113,MSG-1L-15,1,15,8640,8640
2024-10-21,GA/2024-25/00461,ACC-115,MSG-1L-15,1,15,8640,8640
2024-10-21,GA/2024-25/00462,ACC-124,MSG-500-30,1,15,8800,8800
2024-10-23,GA/2024-25/00463,ACC-024,MSG-200-75,1,15,8960,8960
2024-10-23,GA/2024-25/00464,ACC-041,MSG-500-30,1,15,8800,8800
2024-10-23,GA/2024-25/00465,ACC-072,MSG-1L-15,2,30,8640,17280
2024-10-25,GA/2024-25/00466,ACC-039,MSG-1L-15,2,30,8640,17280
2024-10-25,GA/2024-25/00467,ACC-045,MSG-200-75,1,15,8960,8960
2024-10-25,GA/2024-25/00467,ACC-045,MSG-500-30,1,15,8800,8800
2024-10-25,GA/2024-25/00468,ACC-055,MSG-1L-15,1,15,8640,8640
2024-10-25,GA/2024-25/00468,ACC-055,MSG-200-75,1,15,8960,8960
2024-10-25,GA/2024-25/00469,ACC-067,MSG-200-75,1,15,8960,8960
2024-10-25,GA/2024-25/00469,ACC-067,MSG-500-30,1,15,8800,8800
2024-10-25,GA/2024-25/00470,ACC-103,MSG-1L-15,1,15,8640,8640
2024-10-25,GA/2024-25/00471,ACC-135,MSG-500-30,1,15,8800,8800
2024-10-25,GA/2024-25/00472,ACC-142,MSG-500-30,1,15,8800,8800
2024-10-26,GA/2024-25/00473,ACC-001,MSG-200-75,2,30,8960,17920
2024-10-26,GA/2024-25/00474,ACC-009,MSG-200-75,3,45,8960,26880
2024-10-26,GA/2024-25/00475,ACC-031,MSG-200-75,2,30,8960,17920
2024-10-26,GA/2024-25/00476,ACC-046,MSG-500-30,1,15,8800,8800
2024-10-26,GA/2024-25/00477,ACC-069,MSG-500-30,1,15,8800,8800
2024-10-26,GA/2024-25/00478,ACC-081,MSG-500-30,1,15,8800,8800
2024-10-26,GA/2024-25/00479,ACC-129,MSG-1L-15,1,15,8640,8640
2024-10-26,GA/2024-25/00479,ACC-129,MSG-500-30,1,15,8800,8800
2024-10-26,GA/2024-25/00480,ACC-144,MSG-200-75,1,15,8960,8960
2024-10-28,GA/2024-25/00481,ACC-004,MSG-1L-15,3,45,8640,25920
2024-10-28,GA/2024-25/00482,ACC-025,MSG-200-75,2,30,8960,17920
2024-10-28,GA/2024-25/00483,ACC-050,MSG-1L-15,1,15,8640,8640
2024-10-28,GA/2024-25/00484,ACC-052,MSG-200-75,1,15,8960,8960
2024-10-28,GA/2024-25/00485,ACC-117,MSG-200-75,1,15,8960,8960
2024-10-28,GA/2024-25/00486,ACC-137,MSG-200-75,1,15,8960,8960
2024-10-29,GA/2024-25/00487,ACC-029,MSG-1L-15,1,15,8640,8640
2024-10-29,GA/2024-25/00488,ACC-082,MSG-1L-15,2,30,8640,17280
2024-10-29,GA/2024-25/00489,ACC-098,MSG-200-75,1,15,8960,8960
2024-10-30,GA/2024-25/00490,ACC-043,MSG-500-30,1,15,8800,8800
2024-10-30,GA/2024-25/00491,ACC-044,MSG-1L-15,1,15,8640,8640
2024-10-31,GA/2024-25/00492,ACC-003,MSG-200-75,2,30,8960,17920
2024-10-31,GA/2024-25/00493,ACC-049,MSG-1L-15,1,15,8640,8640
2024-10-31,GA/2024-25/00494,ACC-097,MSG-1L-15,1,15,8640,8640
2024-10-31,GA/2024-25/00495,ACC-120,MSG-200-75,1,15,8960,8960
2024-11-01,GA/2024-25/00496,ACC-050,MSG-500-30,1,15,8835,8835
2024-11-01,GA/2024-25/00497,ACC-061,MSG-1L-15,1,15,8670,8670
2024-11-01,GA/2024-25/00498,ACC-074,MSG-200-75,1,15,8995,8995
2024-11-02,GA/2024-25/00499,ACC-015,MSG-200-75,1,15,8995,8995
2024-11-02,GA/2024-25/00500,ACC-016,MSG-1L-15,1,15,8670,8670
2024-11-02,GA/2024-25/00500,ACC-016,MSG-200-75,1,15,8995,8995
2024-11-02,GA/2024-25/00501,ACC-082,MSG-200-75,1,15,8995,8995
2024-11-02,GA/2024-25/00502,ACC-095,MSG-500-30,1,15,8835,8835
2024-11-02,GA/2024-25/00503,ACC-134,MSG-500-30,1,15,8835,8835
2024-11-04,GA/2024-25/00504,ACC-024,MSG-1L-15,1,15,8670,8670
2024-11-04,GA/2024-25/00505,ACC-026,MSG-200-75,1,15,8995,8995
2024-11-04,GA/2024-25/00506,ACC-027,MSG-1L-15,1,15,8670,8670
2024-11-04,GA/2024-25/00507,ACC-063,MSG-1L-15,2,30,8670,17340
2024-11-06,GA/2024-25/00508,ACC-039,MSG-500-30,1,15,8835,8835
2024-11-06,GA/2024-25/00509,ACC-043,MSG-1L-15,1,15,8670,8670
2024-11-06,GA/2024-25/00510,ACC-057,MSG-200-75,1,15,8995,8995
2024-11-06,GA/2024-25/00511,ACC-118,MSG-500-30,1,15,8835,8835
2024-11-06,GA/2024-25/00512,ACC-135,MSG-500-30,2,30,8835,17670
2024-11-06,GA/2024-25/00513,ACC-142,MSG-1L-15,1,15,8670,8670
2024-11-07,GA/2024-25/00514,ACC-012,MSG-1L-15,2,30,8670,17340
2024-11-07,GA/2024-25/00515,ACC-025,MSG-1L-15,1,15,8670,8670
2024-11-07,GA/2024-25/00516,ACC-097,MSG-1L-15,1,15,8670,8670
2024-11-07,GA/2024-25/00517,ACC-102,MSG-500-30,1,15,8835,8835
2024-11-07,GA/2024-25/00518,ACC-112,MSG-500-30,1,15,8835,8835
2024-11-07,GA/2024-25/00519,ACC-139,MSG-200-75,1,15,8995,8995
2024-11-08,GA/2024-25/00520,ACC-007,MSG-1L-15,3,45,8670,26010
2024-11-08,GA/2024-25/00520,ACC-007,MSG-500-30,1,15,8835,8835
2024-11-08,GA/2024-25/00521,ACC-055,MSG-500-30,2,30,8835,17670
2024-11-08,GA/2024-25/00522,ACC-068,MSG-1L-15,1,15,8670,8670
2024-11-09,GA/2024-25/00523,ACC-003,MSG-200-75,1,15,8995,8995
2024-11-09,GA/2024-25/00524,ACC-017,MSG-1L-15,1,15,8670,8670
2024-11-09,GA/2024-25/00525,ACC-019,MSG-200-75,1,15,8995,8995
2024-11-09,GA/2024-25/00525,ACC-019,MSG-500-30,1,15,8835,8835
2024-11-09,GA/2024-25/00526,ACC-041,MSG-1L-15,1,15,8670,8670
2024-11-09,GA/2024-25/00527,ACC-127,MSG-1L-15,1,15,8670,8670
2024-11-11,GA/2024-25/00528,ACC-020,MSG-1L-15,1,15,8670,8670
2024-11-11,GA/2024-25/00529,ACC-071,MSG-1L-15,1,15,8670,8670
2024-11-12,GA/2024-25/00530,ACC-002,MSG-200-75,1,15,8995,8995
2024-11-12,GA/2024-25/00531,ACC-033,MSG-1L-15,1,15,8670,8670
2024-11-12,GA/2024-25/00532,ACC-138,MSG-500-30,1,15,8835,8835
2024-11-13,GA/2024-25/00533,ACC-120,MSG-200-75,1,15,8995,8995
2024-11-14,GA/2024-25/00534,ACC-028,MSG-200-75,1,15,8995,8995
2024-11-15,GA/2024-25/00535,ACC-048,MSG-500-30,1,15,8835,8835
2024-11-15,GA/2024-25/00536,ACC-062,MSG-1L-15,1,15,8670,8670
2024-11-15,GA/2024-25/00537,ACC-092,MSG-500-30,1,15,8835,8835
2024-11-15,GA/2024-25/00538,ACC-124,MSG-500-30,1,15,8835,8835
2024-11-16,GA/2024-25/00539,ACC-002,MSG-1L-15,2,30,8670,17340
2024-11-16,GA/2024-25/00540,ACC-032,MSG-200-75,1,15,8995,8995
2024-11-16,GA/2024-25/00541,ACC-040,MSG-1L-15,1,15,8670,8670
2024-11-16,GA/2024-25/00542,ACC-077,MSG-1L-15,1,15,8670,8670
2024-11-16,GA/2024-25/00542,ACC-077,MSG-500-30,2,30,8835,17670
2024-11-16,GA/2024-25/00543,ACC-115,MSG-1L-15,1,15,8670,8670
2024-11-18,GA/2024-25/00544,ACC-018,MSG-1L-15,2,30,8670,17340
2024-11-18,GA/2024-25/00545,ACC-036,MSG-1L-15,1,15,8670,8670
2024-11-18,GA/2024-25/00546,ACC-072,MSG-1L-15,1,15,8670,8670
2024-11-19,GA/2024-25/00547,ACC-078,MSG-500-30,1,15,8835,8835
2024-11-19,GA/2024-25/00548,ACC-131,MSG-500-30,1,15,8835,8835
2024-11-20,GA/2024-25/00549,ACC-096,MSG-1L-15,1,15,8670,8670
2024-11-20,GA/2024-25/00550,ACC-136,MSG-200-75,1,15,8995,8995
2024-11-21,GA/2024-25/00551,ACC-008,MSG-1L-15,1,15,8670,8670
2024-11-21,GA/2024-25/00551,ACC-008,MSG-500-30,2,30,8835,17670
2024-11-21,GA/2024-25/00552,ACC-029,MSG-500-30,1,15,8835,8835
2024-11-21,GA/2024-25/00553,ACC-066,MSG-1L-15,1,15,8670,8670
2024-11-22,GA/2024-25/00554,ACC-006,MSG-500-30,2,30,8835,17670
2024-11-22,GA/2024-25/00555,ACC-037,MSG-500-30,1,15,8835,8835
2024-11-22,GA/2024-25/00556,ACC-042,MSG-1L-15,1,15,8670,8670
2024-11-22,GA/2024-25/00557,ACC-104,MSG-1L-15,1,15,8670,8670
2024-11-23,GA/2024-25/00558,ACC-022,MSG-200-75,3,45,8995,26985
2024-11-23,GA/2024-25/00559,ACC-052,MSG-1L-15,1,15,8670,8670
2024-11-25,GA/2024-25/00560,ACC-009,MSG-500-30,2,30,8835,17670
2024-11-25,GA/2024-25/00561,ACC-010,MSG-200-75,3,45,8995,26985
2024-11-25,GA/2024-25/00562,ACC-056,MSG-200-75,1,15,8995,8995
2024-11-25,GA/2024-25/00563,ACC-089,MSG-1L-15,1,15,8670,8670
2024-11-25,GA/2024-25/00564,ACC-093,MSG-1L-15,1,15,8670,8670
2024-11-26,GA/2024-25/00565,ACC-005,MSG-1L-15,2,30,8670,17340
2024-11-26,GA/2024-25/00565,ACC-005,MSG-500-30,3,45,8835,26505
2024-11-26,GA/2024-25/00566,ACC-031,MSG-500-30,2,30,8835,17670
2024-11-26,GA/2024-25/00567,ACC-045,MSG-200-75,1,15,8995,8995
2024-11-26,GA/2024-25/00568,ACC-109,MSG-1L-15,2,30,8670,17340
2024-11-27,GA/2024-25/00569,ACC-003,MSG-500-30,2,30,8835,17670
2024-11-27,GA/2024-25/00570,ACC-011,MSG-200-75,2,30,8995,17990
2024-11-27,GA/2024-25/00571,ACC-108,MSG-1L-15,1,15,8670,8670
2024-11-28,GA/2024-25/00572,ACC-001,MSG-1L-15,2,30,8670,17340
2024-11-28,GA/2024-25/00573,ACC-004,MSG-1L-15,1,15,8670,8670
2024-11-28,GA/2024-25/00573,ACC-004,MSG-200-75,1,15,8995,8995
2024-11-28,GA/2024-25/00573,ACC-004,MSG-500-30,2,30,8835,17670
2024-11-28,GA/2024-25/00574,ACC-047,MSG-1L-15,1,15,8670,8670
2024-11-28,GA/2024-25/00575,ACC-064,MSG-500-30,1,15,8835,8835
2024-11-28,GA/2024-25/00576,ACC-081,MSG-1L-15,1,15,8670,8670
2024-11-28,GA/2024-25/00577,ACC-099,MSG-1L-15,1,15,8670,8670
2024-11-29,GA/2024-25/00578,ACC-013,MSG-1L-15,1,15,8670,8670
2024-11-29,GA/2024-25/00579,ACC-023,MSG-200-75,1,15,8995,8995
2024-11-29,GA/2024-25/00580,ACC-103,MSG-1L-15,1,15,8670,8670
2024-11-30,GA/2024-25/00581,ACC-001,MSG-1L-15,2,30,8670,17340
2024-11-30,GA/2024-25/00582,ACC-101,MSG-500-30,1,15,8835,8835
2024-12-02,GA/2024-25/00583,ACC-038,MSG-500-30,1,15,8835,8835
2024-12-02,GA/2024-25/00584,ACC-050,MSG-1L-15,1,15,8670,8670
2024-12-02,GA/2024-25/00585,ACC-055,MSG-1L-15,1,15,8670,8670
2024-12-02,GA/2024-25/00585,ACC-055,MSG-200-75,1,15,8995,8995
2024-12-02,GA/2024-25/00586,ACC-059,MSG-1L-15,2,30,8670,17340
2024-12-03,GA/2024-25/00587,ACC-017,MSG-1L-15,1,15,8670,8670
2024-12-04,GA/2024-25/00588,ACC-002,MSG-200-75,3,45,8995,26985
2024-12-04,GA/2024-25/00589,ACC-133,MSG-200-75,1,15,8995,8995
2024-12-05,GA/2024-25/00590,ACC-020,MSG-200-75,1,15,8995,8995
2024-12-05,GA/2024-25/00591,ACC-097,MSG-1L-15,2,30,8670,17340
2024-12-05,GA/2024-25/00592,ACC-113,MSG-1L-15,1,15,8670,8670
2024-12-06,GA/2024-25/00593,ACC-039,MSG-1L-15,1,15,8670,8670
2024-12-07,GA/2024-25/00594,ACC-032,MSG-500-30,1,15,8835,8835
2024-12-07,GA/2024-25/00595,ACC-105,MSG-500-30,1,15,8835,8835
2024-12-09,GA/2024-25/00596,ACC-022,MSG-1L-15,1,15,8670,8670
2024-12-09,GA/2024-25/00597,ACC-025,MSG-1L-15,2,30,8670,17340
2024-12-09,GA/2024-25/00598,ACC-042,MSG-1L-15,1,15,8670,8670
2024-12-09,GA/2024-25/00599,ACC-067,MSG-1L-15,1,15,8670,8670
2024-12-10,GA/2024-25/00600,ACC-003,MSG-500-30,2,30,8835,17670
2024-12-10,GA/2024-25/00601,ACC-014,MSG-1L-15,1,15,8670,8670
2024-12-10,GA/2024-25/00602,ACC-069,MSG-500-30,1,15,8835,8835
2024-12-10,GA/2024-25/00603,ACC-107,MSG-1L-15,1,15,8670,8670
2024-12-11,GA/2024-25/00604,ACC-030,MSG-1L-15,2,30,8670,17340
2024-12-11,GA/2024-25/00605,ACC-045,MSG-1L-15,1,15,8670,8670
2024-12-11,GA/2024-25/00606,ACC-060,MSG-1L-15,1,15,8670,8670
2024-12-12,GA/2024-25/00607,ACC-009,MSG-1L-15,2,30,8670,17340
2024-12-12,GA/2024-25/00607,ACC-009,MSG-500-30,1,15,8835,8835
2024-12-12,GA/2024-25/00608,ACC-115,MSG-500-30,1,15,8835,8835
2024-12-13,GA/2024-25/00609,ACC-024,MSG-200-75,1,15,8995,8995
2024-12-13,GA/2024-25/00610,ACC-033,MSG-1L-15,1,15,8670,8670
2024-12-13,GA/2024-25/00611,ACC-064,MSG-500-30,1,15,8835,8835
2024-12-13,GA/2024-25/00612,ACC-126,MSG-500-30,1,15,8835,8835
2024-12-14,GA/2024-25/00613,ACC-021,MSG-200-75,1,15,8995,8995
2024-12-14,GA/2024-25/00614,ACC-052,MSG-500-30,1,15,8835,8835
2024-12-14,GA/2024-25/00615,ACC-066,MSG-1L-15,1,15,8670,8670
2024-12-16,GA/2024-25/00616,ACC-001,MSG-1L-15,2,30,8670,17340
2024-12-16,GA/2024-25/00617,ACC-120,MSG-1L-15,1,15,8670,8670
2024-12-16,GA/2024-25/00618,ACC-128,MSG-500-30,1,15,8835,8835
2024-12-16,GA/2024-25/00619,ACC-145,MSG-1L-15,1,15,8670,8670
2024-12-16,GA/2024-25/00619,ACC-145,MSG-500-30,1,15,8835,8835
2024-12-17,GA/2024-25/00620,ACC-010,MSG-1L-15,2,30,8670,17340
2024-12-17,GA/2024-25/00621,ACC-056,MSG-500-30,1,15,8835,8835
2024-12-17,GA/2024-25/00622,ACC-068,MSG-1L-15,2,30,8670,17340
2024-12-18,GA/2024-25/00623,ACC-016,MSG-500-30,1,15,8835,8835
2024-12-18,GA/2024-25/00624,ACC-079,MSG-1L-15,1,15,8670,8670
2024-12-18,GA/2024-25/00625,ACC-111,MSG-1L-15,1,15,8670,8670
2024-12-18,GA/2024-25/00626,ACC-118,MSG-1L-15,3,45,8670,26010
2024-12-19,GA/2024-25/00627,ACC-061,MSG-500-30,1,15,8835,8835
2024-12-19,GA/2024-25/00628,ACC-141,MSG-500-30,1,15,8835,8835
2024-12-20,GA/2024-25/00629,ACC-005,MSG-1L-15,3,45,8670,26010
2024-12-20,GA/2024-25/00630,ACC-028,MSG-1L-15,1,15,8670,8670
2024-12-20,GA/2024-25/00631,ACC-040,MSG-500-30,1,15,8835,8835
2024-12-20,GA/2024-25/00632,ACC-093,MSG-1L-15,1,15,8670,8670
2024-12-20,GA/2024-25/00633,ACC-106,MSG-1L-15,1,15,8670,8670
2024-12-20,GA/2024-25/00634,ACC-131,MSG-500-30,1,15,8835,8835
2024-12-20,GA/2024-25/00635,ACC-137,MSG-1L-15,1,15,8670,8670
2024-12-21,GA/2024-25/00636,ACC-027,MSG-1L-15,2,30,8670,17340
2024-12-21,GA/2024-25/00637,ACC-046,MSG-1L-15,2,30,8670,17340
2024-12-21,GA/2024-25/00638,ACC-062,MSG-500-30,1,15,8835,8835
2024-12-23,GA/2024-25/00639,ACC-003,MSG-500-30,2,30,8835,17670
2024-12-23,GA/2024-25/00640,ACC-015,MSG-500-30,2,30,8835,17670
2024-12-23,GA/2024-25/00641,ACC-026,MSG-500-30,1,15,8835,8835
2024-12-23,GA/2024-25/00642,ACC-034,MSG-500-30,1,15,8835,8835
2024-12-23,GA/2024-25/00643,ACC-054,MSG-1L-15,1,15,8670,8670
2024-12-23,GA/2024-25/00644,ACC-089,MSG-500-30,1,15,8835,8835
2024-12-23,GA/2024-25/00645,ACC-124,MSG-500-30,1,15,8835,8835
2024-12-23,GA/2024-25/00646,ACC-129,MSG-1L-15,1,15,8670,8670
2024-12-24,GA/2024-25/00647,ACC-041,MSG-1L-15,1,15,8670,8670
2024-12-24,GA/2024-25/00647,ACC-041,MSG-500-30,1,15,8835,8835
2024-12-25,GA/2024-25/00648,ACC-011,MSG-200-75,1,15,8995,8995
2024-12-25,GA/2024-25/00648,ACC-011,MSG-500-30,1,15,8835,8835
2024-12-25,GA/2024-25/00649,ACC-072,MSG-500-30,1,15,8835,8835
2024-12-26,GA/2024-25/00650,ACC-018,MSG-1L-15,2,30,8670,17340
2024-12-26,GA/2024-25/00651,ACC-023,MSG-1L-15,1,15,8670,8670
2024-12-27,GA/2024-25/00652,ACC-006,MSG-500-30,2,30,8835,17670
2024-12-27,GA/2024-25/00653,ACC-012,MSG-1L-15,1,15,8670,8670
2024-12-27,GA/2024-25/00653,ACC-012,MSG-200-75,1,15,8995,8995
2024-12-27,GA/2024-25/00654,ACC-139,MSG-1L-15,1,15,8670,8670
2024-12-28,GA/2024-25/00655,ACC-019,MSG-200-75,1,15,8995,8995
2024-12-30,GA/2024-25/00656,ACC-001,MSG-1L-15,1,15,8670,8670
2024-12-30,GA/2024-25/00656,ACC-001,MSG-500-30,1,15,8835,8835
2024-12-30,GA/2024-25/00657,ACC-007,MSG-500-30,2,30,8835,17670
2024-12-30,GA/2024-25/00658,ACC-013,MSG-1L-15,1,15,8670,8670
2024-12-30,GA/2024-25/00659,ACC-043,MSG-1L-15,1,15,8670,8670
2024-12-30,GA/2024-25/00660,ACC-063,MSG-1L-15,1,15,8670,8670
2024-12-30,GA/2024-25/00661,ACC-078,MSG-200-75,1,15,8995,8995
2024-12-30,GA/2024-25/00662,ACC-112,MSG-1L-15,1,15,8670,8670
2024-12-30,GA/2024-25/00663,ACC-119,MSG-200-75,1,15,8995,8995
2024-12-31,GA/2024-25/00664,ACC-004,MSG-1L-15,2,30,8670,17340
2024-12-31,GA/2024-25/00664,ACC-004,MSG-200-75,2,30,8995,17990
2024-12-31,GA/2024-25/00665,ACC-008,MSG-1L-15,1,15,8670,8670
2024-12-31,GA/2024-25/00665,ACC-008,MSG-200-75,1,15,8995,8995
2024-12-31,GA/2024-25/00666,ACC-047,MSG-1L-15,1,15,8670,8670
2025-01-01,GA/2024-25/00667,ACC-016,MSG-1L-15,1,15,8670,8670
2025-01-01,GA/2024-25/00668,ACC-020,MSG-500-30,1,15,8835,8835
2025-01-02,GA/2024-25/00669,ACC-057,MSG-1L-15,1,15,8670,8670
2025-01-04,GA/2024-25/00670,ACC-038,MSG-1L-15,1,15,8670,8670
2025-01-04,GA/2024-25/00671,ACC-071,MSG-1L-15,1,15,8670,8670
2025-01-06,GA/2024-25/00672,ACC-004,MSG-1L-15,2,30,8670,17340
2025-01-06,GA/2024-25/00673,ACC-009,MSG-500-30,2,30,8835,17670
2025-01-06,GA/2024-25/00674,ACC-039,MSG-1L-15,1,15,8670,8670
2025-01-07,GA/2024-25/00675,ACC-007,MSG-1L-15,2,30,8670,17340
2025-01-07,GA/2024-25/00676,ACC-027,MSG-1L-15,1,15,8670,8670
2025-01-08,GA/2024-25/00677,ACC-031,MSG-1L-15,1,15,8670,8670
2025-01-09,GA/2024-25/00678,ACC-023,MSG-500-30,1,15,8835,8835
2025-01-10,GA/2024-25/00679,ACC-008,MSG-200-75,1,15,8995,8995
2025-01-10,GA/2024-25/00679,ACC-008,MSG-500-30,1,15,8835,8835
2025-01-10,GA/2024-25/00680,ACC-047,MSG-1L-15,1,15,8670,8670
2025-01-10,GA/2024-25/00680,ACC-047,MSG-200-75,1,15,8995,8995
2025-01-10,GA/2024-25/00681,ACC-055,MSG-1L-15,1,15,8670,8670
2025-01-11,GA/2024-25/00682,ACC-014,MSG-1L-15,1,15,8670,8670
2025-01-11,GA/2024-25/00682,ACC-014,MSG-500-30,2,30,8835,17670
2025-01-11,GA/2024-25/00683,ACC-069,MSG-1L-15,1,15,8670,8670
2025-01-11,GA/2024-25/00684,ACC-138,MSG-500-30,1,15,8835,8835
2025-01-13,GA/2024-25/00685,ACC-006,MSG-200-75,1,15,8995,8995
2025-01-13,GA/2024-25/00685,ACC-006,MSG-500-30,2,30,8835,17670
2025-01-13,GA/2024-25/00686,ACC-040,MSG-1L-15,2,30,8670,17340
2025-01-13,GA/2024-25/00687,ACC-063,MSG-1L-15,1,15,8670,8670
2025-01-13,GA/2024-25/00688,ACC-080,MSG-500-30,1,15,8835,8835
2025-01-13,GA/2024-25/00689,ACC-093,MSG-1L-15,1,15,8670,8670
2025-01-13,GA/2024-25/00690,ACC-112,MSG-1L-15,1,15,8670,8670
2025-01-14,GA/2024-25/00691,ACC-061,MSG-500-30,1,15,8835,8835
2025-01-15,GA/2024-25/00692,ACC-037,MSG-500-30,1,15,8835,8835
2025-01-16,GA/2024-25/00693,ACC-067,MSG-200-75,1,15,8995,8995
2025-01-16,GA/2024-25/00694,ACC-095,MSG-1L-15,2,30,8670,17340
2025-01-16,GA/2024-25/00694,ACC-095,MSG-500-30,1,15,8835,8835
2025-01-17,GA/2024-25/00695,ACC-030,MSG-1L-15,1,15,8670,8670
2025-01-17,GA/2024-25/00696,ACC-036,MSG-1L-15,1,15,8670,8670
2025-01-17,GA/2024-25/00697,ACC-052,MSG-1L-15,1,15,8670,8670
2025-01-17,GA/2024-25/00698,ACC-116,MSG-1L-15,1,15,8670,8670
2025-01-18,GA/2024-25/00699,ACC-017,MSG-1L-15,2,30,8670,17340
2025-01-18,GA/2024-25/00700,ACC-029,MSG-1L-15,1,15,8670,8670
2025-01-20,GA/2024-25/00701,ACC-018,MSG-500-30,2,30,8835,17670
2025-01-20,GA/2024-25/00702,ACC-073,MSG-1L-15,1,15,8670,8670
2025-01-21,GA/2024-25/00703,ACC-003,MSG-1L-15,2,30,8670,17340
2025-01-21,GA/2024-25/00704,ACC-022,MSG-500-30,1,15,8835,8835
2025-01-21,GA/2024-25/00705,ACC-126,MSG-500-30,1,15,8835,8835
2025-01-22,GA/2024-25/00706,ACC-001,MSG-1L-15,2,30,8670,17340
2025-01-22,GA/2024-25/00706,ACC-001,MSG-500-30,1,15,8835,8835
2025-01-22,GA/2024-25/00707,ACC-013,MSG-500-30,1,15,8835,8835
2025-01-22,GA/2024-25/00708,ACC-034,MSG-1L-15,2,30,8670,17340
2025-01-22,GA/2024-25/00709,ACC-075,MSG-1L-15,1,15,8670,8670
2025-01-22,GA/2024-25/00710,ACC-120,MSG-1L-15,1,15,8670,8670
2025-01-23,GA/2024-25/00711,ACC-002,MSG-1L-15,2,30,8670,17340
2025-01-23,GA/2024-25/00712,ACC-012,MSG-500-30,1,15,8835,8835
2025-01-24,GA/2024-25/00713,ACC-118,MSG-500-30,1,15,8835,8835
2025-01-25,GA/2024-25/00714,ACC-011,MSG-500-30,1,15,8835,8835
2025-01-27,GA/2024-25/00715,ACC-005,MSG-200-75,3,45,8995,26985
2025-01-27,GA/2024-25/00716,ACC-015,MSG-500-30,2,30,8835,17670
2025-01-27,GA/2024-25/00717,ACC-032,MSG-1L-15,1,15,8670,8670
2025-01-27,GA/2024-25/00718,ACC-042,MSG-200-75,1,15,8995,8995
2025-01-27,GA/2024-25/00719,ACC-105,MSG-500-30,1,15,8835,8835
2025-01-28,GA/2024-25/00720,ACC-010,MSG-1L-15,1,15,8670,8670
2025-01-28,GA/2024-25/00720,ACC-010,MSG-200-75,1,15,8995,8995
2025-01-28,GA/2024-25/00721,ACC-035,MSG-1L-15,1,15,8670,8670
2025-01-28,GA/2024-25/00722,ACC-121,MSG-500-30,1,15,8835,8835
2025-01-29,GA/2024-25/00723,ACC-021,MSG-1L-15,1,15,8670,8670
2025-01-29,GA/2024-25/00723,ACC-021,MSG-500-30,1,15,8835,8835
2025-01-29,GA/2024-25/00724,ACC-082,MSG-200-75,1,15,8995,8995
2025-01-29,GA/2024-25/00725,ACC-097,MSG-1L-15,2,30,8670,17340
2025-01-29,GA/2024-25/00726,ACC-119,MSG-1L-15,1,15,8670,8670
2025-01-30,GA/2024-25/00727,ACC-046,MSG-1L-15,1,15,8670,8670
2025-01-30,GA/2024-25/00728,ACC-048,MSG-500-30,1,15,8835,8835
2025-01-31,GA/2024-25/00729,ACC-002,MSG-500-30,1,15,8835,8835
2025-01-31,GA/2024-25/00730,ACC-003,MSG-1L-15,2,30,8670,17340
2025-01-31,GA/2024-25/00731,ACC-044,MSG-200-75,1,15,8995,8995
2025-01-31,GA/2024-25/00732,ACC-072,MSG-1L-15,1,15,8670,8670
2025-01-31,GA/2024-25/00733,ACC-117,MSG-1L-15,1,15,8670,8670
2025-02-01,GA/2024-25/00734,ACC-075,MSG-500-30,1,15,8835,8835
2025-02-03,GA/2024-25/00735,ACC-011,MSG-200-75,1,15,8995,8995
2025-02-03,GA/2024-25/00736,ACC-018,MSG-500-30,1,15,8835,8835
2025-02-03,GA/2024-25/00737,ACC-023,MSG-200-75,1,15,8995,8995
2025-02-03,GA/2024-25/00738,ACC-067,MSG-500-30,1,15,8835,8835
2025-02-04,GA/2024-25/00739,ACC-041,MSG-1L-15,1,15,8670,8670
2025-02-04,GA/2024-25/00740,ACC-051,MSG-1L-15,1,15,8670,8670
2025-02-04,GA/2024-25/00741,ACC-055,MSG-500-30,1,15,8835,8835
2025-02-04,GA/2024-25/00742,ACC-100,MSG-1L-15,2,30,8670,17340
2025-02-04,GA/2024-25/00743,ACC-135,MSG-500-30,1,15,8835,8835
2025-02-04,GA/2024-25/00744,ACC-142,MSG-1L-15,1,15,8670,8670
2025-02-05,GA/2024-25/00745,ACC-081,MSG-1L-15,1,15,8670,8670
2025-02-05,GA/2024-25/00746,ACC-136,MSG-1L-15,1,15,8670,8670
2025-02-06,GA/2024-25/00747,ACC-016,MSG-1L-15,1,15,8670,8670
2025-02-06,GA/2024-25/00748,ACC-035,MSG-1L-15,1,15,8670,8670
2025-02-06,GA/2024-25/00749,ACC-072,MSG-500-30,1,15,8835,8835
2025-02-06,GA/2024-25/00750,ACC-103,MSG-1L-15,1,15,8670,8670
2025-02-06,GA/2024-25/00751,ACC-105,MSG-500-30,1,15,8835,8835
2025-02-06,GA/2024-25/00752,ACC-106,MSG-200-75,1,15,8995,8995
2025-02-06,GA/2024-25/00753,ACC-130,MSG-1L-15,1,15,8670,8670
2025-02-07,GA/2024-25/00754,ACC-026,MSG-1L-15,2,30,8670,17340
2025-02-07,GA/2024-25/00755,ACC-042,MSG-1L-15,2,30,8670,17340
2025-02-07,GA/2024-25/00756,ACC-101,MSG-1L-15,1,15,8670,8670
2025-02-08,GA/2024-25/00757,ACC-012,MSG-1L-15,1,15,8670,8670
2025-02-08,GA/2024-25/00758,ACC-029,MSG-200-75,1,15,8995,8995
2025-02-08,GA/2024-25/00759,ACC-062,MSG-1L-15,1,15,8670,8670
2025-02-08,GA/2024-25/00760,ACC-069,MSG-1L-15,2,30,8670,17340
2025-02-10,GA/2024-25/00761,ACC-039,MSG-200-75,1,15,8995,8995
2025-02-10,GA/2024-25/00762,ACC-040,MSG-1L-15,1,15,8670,8670
2025-02-10,GA/2024-25/00763,ACC-052,MSG-500-30,1,15,8835,8835
2025-02-10,GA/2024-25/00764,ACC-073,MSG-1L-15,1,15,8670,8670
2025-02-10,GA/2024-25/00765,ACC-122,MSG-1L-15,1,15,8670,8670
2025-02-10,GA/2024-25/00766,ACC-144,MSG-1L-15,1,15,8670,8670
2025-02-11,GA/2024-25/00767,ACC-056,MSG-500-30,1,15,8835,8835
2025-02-12,GA/2024-25/00768,ACC-050,MSG-500-30,1,15,8835,8835
2025-02-12,GA/2024-25/00769,ACC-096,MSG-500-30,1,15,8835,8835
2025-02-13,GA/2024-25/00770,ACC-025,MSG-1L-15,1,15,8670,8670
2025-02-13,GA/2024-25/00771,ACC-102,MSG-500-30,2,30,8835,17670
2025-02-14,GA/2024-25/00772,ACC-046,MSG-1L-15,1,15,8670,8670
2025-02-14,GA/2024-25/00773,ACC-143,MSG-1L-15,1,15,8670,8670
2025-02-15,GA/2024-25/00774,ACC-005,MSG-500-30,3,45,8835,26505
2025-02-15,GA/2024-25/00775,ACC-118,MSG-500-30,1,15,8835,8835
2025-02-17,GA/2024-25/00776,ACC-003,MSG-1L-15,1,15,8670,8670
2025-02-17,GA/2024-25/00776,ACC-003,MSG-500-30,1,15,8835,8835
2025-02-17,GA/2024-25/00777,ACC-022,MSG-1L-15,2,30,8670,17340
2025-02-17,GA/2024-25/00778,ACC-061,MSG-500-30,1,15,8835,8835
2025-02-17,GA/2024-25/00779,ACC-071,MSG-500-30,1,15,8835,8835
2025-02-17,GA/2024-25/00780,ACC-145,MSG-1L-15,1,15,8670,8670
2025-02-18,GA/2024-25/00781,ACC-007,MSG-1L-15,1,15,8670,8670
2025-02-18,GA/2024-25/00781,ACC-007,MSG-500-30,1,15,8835,8835
2025-02-18,GA/2024-25/00782,ACC-047,MSG-1L-15,1,15,8670,8670
2025-02-18,GA/2024-25/00783,ACC-080,MSG-500-30,1,15,8835,8835
2025-02-19,GA/2024-25/00784,ACC-006,MSG-1L-15,1,15,8670,8670
2025-02-19,GA/2024-25/00784,ACC-006,MSG-500-30,1,15,8835,8835
2025-02-19,GA/2024-25/00785,ACC-037,MSG-1L-15,2,30,8670,17340
2025-02-19,GA/2024-25/00786,ACC-044,MSG-1L-15,1,15,8670,8670
2025-02-19,GA/2024-25/00786,ACC-044,MSG-500-30,1,15,8835,8835
2025-02-19,GA/2024-25/00787,ACC-107,MSG-1L-15,1,15,8670,8670
2025-02-19,GA/2024-25/00788,ACC-121,MSG-200-75,1,15,8995,8995
2025-02-20,GA/2024-25/00789,ACC-001,MSG-500-30,3,45,8835,26505
2025-02-20,GA/2024-25/00790,ACC-004,MSG-1L-15,3,45,8670,26010
2025-02-20,GA/2024-25/00791,ACC-030,MSG-200-75,1,15,8995,8995
2025-02-20,GA/2024-25/00792,ACC-049,MSG-200-75,1,15,8995,8995
2025-02-20,GA/2024-25/00793,ACC-099,MSG-1L-15,2,30,8670,17340
2025-02-21,GA/2024-25/00794,ACC-017,MSG-1L-15,1,15,8670,8670
2025-02-21,GA/2024-25/00795,ACC-032,MSG-1L-15,1,15,8670,8670
2025-02-22,GA/2024-25/00796,ACC-009,MSG-1L-15,2,30,8670,17340
2025-02-22,GA/2024-25/00797,ACC-015,MSG-500-30,1,15,8835,8835
2025-02-22,GA/2024-25/00798,ACC-109,MSG-200-75,1,15,8995,8995
2025-02-22,GA/2024-25/00799,ACC-124,MSG-200-75,1,15,8995,8995
2025-02-24,GA/2024-25/00800,ACC-031,MSG-500-30,1,15,8835,8835
2025-02-24,GA/2024-25/00801,ACC-054,MSG-1L-15,1,15,8670,8670
2025-02-24,GA/2024-25/00802,ACC-064,MSG-500-30,2,30,8835,17670
2025-02-24,GA/2024-25/00803,ACC-113,MSG-1L-15,1,15,8670,8670
2025-02-26,GA/2024-25/00804,ACC-002,MSG-1L-15,3,45,8670,26010
2025-02-26,GA/2024-25/00805,ACC-008,MSG-1L-15,1,15,8670,8670
2025-02-26,GA/2024-25/00805,ACC-008,MSG-200-75,2,30,8995,17990
2025-02-26,GA/2024-25/00806,ACC-021,MSG-1L-15,1,15,8670,8670
2025-02-26,GA/2024-25/00807,ACC-078,MSG-1L-15,1,15,8670,8670
2025-02-26,GA/2024-25/00808,ACC-097,MSG-200-75,1,15,8995,8995
2025-02-26,GA/2024-25/00809,ACC-119,MSG-500-30,1,15,8835,8835
2025-02-27,GA/2024-25/00810,ACC-013,MSG-1L-15,1,15,8670,8670
2025-02-27,GA/2024-25/00811,ACC-014,MSG-500-30,1,15,8835,8835
2025-02-28,GA/2024-25/00812,ACC-020,MSG-1L-15,1,15,8670,8670
2025-02-28,GA/2024-25/00813,ACC-090,MSG-200-75,1,15,8995,8995
2025-03-03,GA/2024-25/00814,ACC-002,MSG-200-75,2,30,8995,17990
2025-03-03,GA/2024-25/00815,ACC-007,MSG-1L-15,2,30,8670,17340
2025-03-03,GA/2024-25/00816,ACC-016,MSG-1L-15,1,15,8670,8670
2025-03-03,GA/2024-25/00817,ACC-023,MSG-1L-15,2,30,8670,17340
2025-03-03,GA/2024-25/00818,ACC-097,MSG-500-30,1,15,8835,8835
2025-03-03,GA/2024-25/00819,ACC-103,MSG-200-75,1,15,8995,8995
2025-03-03,GA/2024-25/00820,ACC-104,MSG-500-30,1,15,8835,8835
2025-03-04,GA/2024-25/00821,ACC-030,MSG-500-30,1,15,8835,8835
2025-03-06,GA/2024-25/00822,ACC-009,MSG-1L-15,1,15,8670,8670
2025-03-06,GA/2024-25/00823,ACC-017,MSG-200-75,1,15,8995,8995
2025-03-07,GA/2024-25/00824,ACC-048,MSG-200-75,1,15,8995,8995
2025-03-07,GA/2024-25/00825,ACC-073,MSG-1L-15,2,30,8670,17340
2025-03-07,GA/2024-25/00826,ACC-090,MSG-200-75,1,15,8995,8995
2025-03-08,GA/2024-25/00827,ACC-039,MSG-500-30,1,15,8835,8835
2025-03-10,GA/2024-25/00828,ACC-011,MSG-200-75,1,15,8995,8995
2025-03-10,GA/2024-25/00829,ACC-013,MSG-1L-15,1,15,8670,8670
2025-03-10,GA/2024-25/00829,ACC-013,MSG-200-75,1,15,8995,8995
2025-03-10,GA/2024-25/00830,ACC-022,MSG-200-75,1,15,8995,8995
2025-03-10,GA/2024-25/00831,ACC-134,MSG-1L-15,1,15,8670,8670
2025-03-11,GA/2024-25/00832,ACC-042,MSG-1L-15,1,15,8670,8670
2025-03-11,GA/2024-25/00833,ACC-068,MSG-500-30,1,15,8835,8835
2025-03-11,GA/2024-25/00834,ACC-109,MSG-1L-15,1,15,8670,8670
2025-03-11,GA/2024-25/00835,ACC-113,MSG-500-30,1,15,8835,8835
2025-03-12,GA/2024-25/00836,ACC-034,MSG-200-75,1,15,8995,8995
2025-03-12,GA/2024-25/00837,ACC-041,MSG-1L-15,1,15,8670,8670
2025-03-12,GA/2024-25/00838,ACC-056,MSG-1L-15,1,15,8670,8670
2025-03-12,GA/2024-25/00839,ACC-098,MSG-1L-15,1,15,8670,8670
2025-03-13,GA/2024-25/00840,ACC-012,MSG-1L-15,2,30,8670,17340
2025-03-13,GA/2024-25/00841,ACC-067,MSG-1L-15,1,15,8670,8670
2025-03-13,GA/2024-25/00842,ACC-072,MSG-500-30,1,15,8835,8835
2025-03-14,GA/2024-25/00843,ACC-033,MSG-1L-15,2,30,8670,17340
2025-03-14,GA/2024-25/00844,ACC-107,MSG-1L-15,1,15,8670,8670
2025-03-15,GA/2024-25/00845,ACC-049,MSG-500-30,1,15,8835,8835
2025-03-17,GA/2024-25/00846,ACC-005,MSG-200-75,2,30,8995,17990
2025-03-17,GA/2024-25/00847,ACC-008,MSG-1L-15,2,30,8670,17340
2025-03-17,GA/2024-25/00847,ACC-008,MSG-200-75,2,30,8995,17990
2025-03-17,GA/2024-25/00848,ACC-043,MSG-1L-15,1,15,8670,8670
2025-03-17,GA/2024-25/00849,ACC-046,MSG-1L-15,1,15,8670,8670
2025-03-17,GA/2024-25/00850,ACC-055,MSG-1L-15,1,15,8670,8670
2025-03-17,GA/2024-25/00851,ACC-110,MSG-500-30,1,15,8835,8835
2025-03-18,GA/2024-25/00852,ACC-003,MSG-1L-15,2,30,8670,17340
2025-03-18,GA/2024-25/00853,ACC-019,MSG-200-75,1,15,8995,8995
2025-03-18,GA/2024-25/00854,ACC-035,MSG-1L-15,1,15,8670,8670
2025-03-18,GA/2024-25/00855,ACC-037,MSG-500-30,2,30,8835,17670
2025-03-18,GA/2024-25/00856,ACC-071,MSG-500-30,1,15,8835,8835
2025-03-19,GA/2024-25/00857,ACC-001,MSG-1L-15,2,30,8670,17340
2025-03-19,GA/2024-25/00858,ACC-020,MSG-200-75,1,15,8995,8995
2025-03-19,GA/2024-25/00859,ACC-063,MSG-1L-15,1,15,8670,8670
2025-03-19,GA/2024-25/00860,ACC-099,MSG-1L-15,1,15,8670,8670
2025-03-20,GA/2024-25/00861,ACC-003,MSG-1L-15,2,30,8670,17340
2025-03-20,GA/2024-25/00862,ACC-060,MSG-1L-15,1,15,8670,8670
2025-03-20,GA/2024-25/00863,ACC-062,MSG-200-75,1,15,8995,8995
2025-03-21,GA/2024-25/00864,ACC-004,MSG-1L-15,1,15,8670,8670
2025-03-21,GA/2024-25/00864,ACC-004,MSG-500-30,1,15,8835,8835
2025-03-22,GA/2024-25/00865,ACC-025,MSG-200-75,1,15,8995,8995
2025-03-24,GA/2024-25/00866,ACC-021,MSG-1L-15,1,15,8670,8670
2025-03-24,GA/2024-25/00867,ACC-026,MSG-200-75,1,15,8995,8995
2025-03-25,GA/2024-25/00868,ACC-102,MSG-1L-15,1,15,8670,8670
2025-03-25,GA/2024-25/00869,ACC-120,MSG-500-30,1,15,8835,8835
2025-03-26,GA/2024-25/00870,ACC-027,MSG-1L-15,1,15,8670,8670
2025-03-26,GA/2024-25/00871,ACC-029,MSG-1L-15,1,15,8670,8670
2025-03-27,GA/2024-25/00872,ACC-032,MSG-500-30,1,15,8835,8835
2025-03-27,GA/2024-25/00873,ACC-074,MSG-1L-15,1,15,8670,8670
2025-03-27,GA/2024-25/00874,ACC-078,MSG-1L-15,2,30,8670,17340
2025-03-27,GA/2024-25/00875,ACC-143,MSG-1L-15,1,15,8670,8670
2025-03-28,GA/2024-25/00876,ACC-052,MSG-1L-15,1,15,8670,8670
2025-03-28,GA/2024-25/00877,ACC-092,MSG-500-30,1,15,8835,8835
2025-03-28,GA/2024-25/00878,ACC-115,MSG-1L-15,1,15,8670,8670
2025-03-29,GA/2024-25/00879,ACC-036,MSG-1L-15,1,15,8670,8670
2025-03-29,GA/2024-25/00880,ACC-100,MSG-200-75,1,15,8995,8995
2025-03-31,GA/2024-25/00881,ACC-006,MSG-1L-15,2,30,8670,17340
2025-03-31,GA/2024-25/00882,ACC-053,MSG-1L-15,1,15,8670,8670
2025-03-31,GA/2024-25/00883,ACC-054,MSG-200-75,1,15,8995,8995
2025-03-31,GA/2024-25/00884,ACC-095,MSG-1L-15,1,15,8670,8670
